id,n_tasks,t01_dur,t01_events,t01_motion,t01_distinct_motion,t01_switches,t01_revisit,t01_items,t01_doors,t01_rate,t01_max_gap,t01_mean_gap,t02_dur,t02_events,t02_motion,t02_distinct_motion,t02_switches,t02_revisit,t02_items,t02_doors,t02_rate,t02_max_gap,t02_mean_gap,t03_dur,t03_events,t03_motion,t03_distinct_motion,t03_switches,t03_revisit,t03_items,t03_doors,t03_rate,t03_max_gap,t03_mean_gap,t04_dur,t04_events,t04_motion,t04_distinct_motion,t04_switches,t04_revisit,t04_items,t04_doors,t04_rate,t04_max_gap,t04_mean_gap,t05_dur,t05_events,t05_motion,t05_distinct_motion,t05_switches,t05_revisit,t05_items,t05_doors,t05_rate,t05_max_gap,t05_mean_gap,t06_dur,t06_events,t06_motion,t06_distinct_motion,t06_switches,t06_revisit,t06_items,t06_doors,t06_rate,t06_max_gap,t06_mean_gap,t07_dur,t07_events,t07_motion,t07_distinct_motion,t07_switches,t07_revisit,t07_items,t07_doors,t07_rate,t07_max_gap,t07_mean_gap,t08_dur,t08_events,t08_motion,t08_distinct_motion,t08_switches,t08_revisit,t08_items,t08_doors,t08_rate,t08_max_gap,t08_mean_gap,t09_dur,t09_events,t09_motion,t09_distinct_motion,t09_switches,t09_revisit,t09_items,t09_doors,t09_rate,t09_max_gap,t09_mean_gap,t10_dur,t10_events,t10_motion,t10_distinct_motion,t10_switches,t10_revisit,t10_items,t10_doors,t10_rate,t10_max_gap,t10_mean_gap,t11_dur,t11_events,t11_motion,t11_distinct_motion,t11_switches,t11_revisit,t11_items,t11_doors,t11_rate,t11_max_gap,t11_mean_gap,t12_dur,t12_events,t12_motion,t12_distinct_motion,t12_switches,t12_revisit,t12_items,t12_doors,t12_rate,t12_max_gap,t12_mean_gap,t13_dur,t13_events,t13_motion,t13_distinct_motion,t13_switches,t13_revisit,t13_items,t13_doors,t13_rate,t13_max_gap,t13_mean_gap,t14_dur,t14_events,t14_motion,t14_distinct_motion,t14_switches,t14_revisit,t14_items,t14_doors,t14_rate,t14_max_gap,t14_mean_gap,t15_dur,t15_events,t15_motion,t15_distinct_motion,t15_switches,t15_revisit,t15_items,t15_doors,t15_rate,t15_max_gap,t15_mean_gap,t16_dur,t16_events,t16_motion,t16_distinct_motion,t16_switches,t16_revisit,t16_items,t16_doors,t16_rate,t16_max_gap,t16_mean_gap,t17_dur,t17_events,t17_motion,t17_distinct_motion,t17_switches,t17_revisit,t17_items,t17_doors,t17_rate,t17_max_gap,t17_mean_gap,t18_dur,t18_events,t18_motion,t18_distinct_motion,t18_switches,t18_revisit,t18_items,t18_doors,t18_rate,t18_max_gap,t18_mean_gap,t19_dur,t19_events,t19_motion,t19_distinct_motion,t19_switches,t19_revisit,t19_items,t19_doors,t19_rate,t19_max_gap,t19_mean_gap,t20_dur,t20_events,t20_motion,t20_distinct_motion,t20_switches,t20_revisit,t20_items,t20_doors,t20_rate,t20_max_gap,t20_mean_gap,t21_dur,t21_events,t21_motion,t21_distinct_motion,t21_switches,t21_revisit,t21_items,t21_doors,t21_rate,t21_max_gap,t21_mean_gap,t22_dur,t22_events,t22_motion,t22_distinct_motion,t22_switches,t22_revisit,t22_items,t22_doors,t22_rate,t22_max_gap,t22_mean_gap,t23_dur,t23_events,t23_motion,t23_distinct_motion,t23_switches,t23_revisit,t23_items,t23_doors,t23_rate,t23_max_gap,t23_mean_gap,t24_dur,t24_events,t24_motion,t24_distinct_motion,t24_switches,t24_revisit,t24_items,t24_doors,t24_rate,t24_max_gap,t24_mean_gap,uncued_dur,uncued_events,uncued_motion,uncued_distinct_motion,uncued_switches,uncued_revisit,uncued_items,uncued_doors,uncued_rate,uncued_max_gap,uncued_mean_gap,cued_dur,cued_events,cued_motion,cued_distinct_motion,cued_switches,cued_revisit,cued_items,cued_doors,cued_rate,cued_max_gap,cued_mean_gap,dayout_dur,dayout_events,dayout_motion,dayout_distinct_motion,dayout_switches,dayout_revisit,dayout_items,dayout_doors,dayout_rate,dayout_max_gap,dayout_mean_gap,dx,group,score_sum_1_8,dayout_accuracy,dayout_sequencing
4,16,300.63666999999987,134.0,65.0,16.0,50.0,3.125,0.0,0.0,0.4457207432479879,13.098760000000766,2.260426090225563,259.869279999999,30.0,7.0,1.0,0.0,0.0,4.0,1.0,0.11544265640017211,81.15604999999778,8.96100965517238,272.63385999999446,195.0,23.0,3.0,13.0,4.333333333333333,0.0,0.0,0.7152449809425871,41.28037999999651,1.4053291752577033,419.86101000000053,82.0,24.0,8.0,18.0,2.25,0.0,0.0,0.19530272649036856,58.01729999999952,5.183469259259266,69.27755999999499,56.0,25.0,9.0,23.0,2.5555555555555554,0.0,0.0,0.8083425570993558,7.312440000001516,1.259591999999909,104.64249999999447,39.0,18.0,6.0,14.0,2.3333333333333335,0.0,0.0,0.37269751773898807,41.07642999999371,2.7537499999998545,498.78949000000284,119.0,43.0,6.0,16.0,2.6666666666666665,0.0,6.0,0.2385776011439201,55.15621000000101,4.22702957627121,106.63160000000062,53.0,22.0,8.0,19.0,2.375,0.0,3.0,0.497038401374449,44.42535000000498,2.0506076923077043,122.98687000000064,53.0,26.0,4.0,10.0,2.5,0.0,0.0,0.4309403109453857,14.663139999996929,2.3651321153846276,55.830739999997604,23.0,6.0,4.0,4.0,1.0,0.0,0.0,0.41195943310085065,31.055249999997613,2.5377609090908,192.20862000000488,76.0,36.0,7.0,26.0,3.7142857142857144,0.0,0.0,0.39540370249782797,16.376039999995555,2.562781600000065,303.93245000000024,62.0,23.0,2.0,12.0,6.0,0.0,0.0,0.20399269640342763,67.67980000000534,4.982499180327872,276.97062000000005,57.0,23.0,8.0,15.0,1.875,0.0,1.0,0.20579800124648595,68.8000400000019,4.94590392857143,537.0935400000017,117.0,35.0,7.0,8.0,1.1428571428571428,4.0,5.0,0.21783914958277031,48.9814899999983,4.630116724137945,97.93676000000414,147.0,21.0,8.0,13.0,1.625,0.0,0.0,1.5009685842169354,18.433810000002268,0.6707997260274257,65.9036300000007,30.0,11.0,4.0,4.0,1.0,0.0,0.0,0.4552101303069297,14.445879999999306,2.2725389655172656,,,,,,,,,,,,,,,,,,,,,,,,,,,,,,,,,,,,,,,,,,,,,,,,,,,,,,,,,,,,,,,,,,,,,,,,,,,,,,,,,,,,,,,,,2427.0572699999975,1848.0,276.0,20.0,195.0,9.75,4.0,10.0,0.7614159018175957,81.15604999999778,1.3140537466161328,2285.5389700000014,3853.0,229.0,16.0,125.0,7.8125,4.0,6.0,1.68581680320244,68.8000400000019,0.5933382580477677,,,,,,,,,,,,8,younger adult,,,
5,16,599.4646200000061,213.0,95.0,21.0,81.0,3.857142857142857,0.0,0.0,0.3553170494031788,18.712399999996705,2.827663301886821,219.65258000000176,46.0,10.0,2.0,1.0,0.5,2.0,2.0,0.20942162391172292,26.386680000003253,4.881168444444484,214.92039999999542,62.0,24.0,3.0,13.0,4.333333333333333,0.0,0.0,0.28847889730337983,22.149960000002466,3.5232852459015644,517.3927699999986,127.0,40.0,5.0,24.0,4.8,0.0,0.0,0.24546148953724334,29.42195999999967,4.106291825396814,92.75473000000056,67.0,30.0,11.0,27.0,2.4545454545454546,0.0,0.0,0.722335130510321,9.944550000000163,1.4053746969697054,212.33496000000014,44.0,18.0,5.0,13.0,2.6,0.0,0.0,0.20721976258643404,56.231789999998,4.938022325581398,687.8107600000003,159.0,54.0,7.0,38.0,5.428571428571429,0.0,8.0,0.2311682358676679,29.967799999998533,4.35323265822785,75.26920000000246,30.0,13.0,5.0,10.0,2.0,0.0,0.0,0.3985694015613162,12.206510000003618,2.5954896551724986,144.84968000000663,56.0,25.0,6.0,19.0,3.1666666666666665,0.0,0.0,0.3866076887432367,31.777029999997467,2.633630545454666,41.003410000004806,22.0,7.0,4.0,5.0,1.25,0.0,0.0,0.5365407413675454,6.71034000000509,1.9525433333335622,214.9438999999984,113.0,46.0,15.0,38.0,2.533333333333333,0.0,2.0,0.5257185712178891,11.004950000002282,1.9191419642857,271.73751999999513,79.0,28.0,3.0,13.0,4.333333333333333,0.0,0.0,0.290721722933224,19.62930999999662,3.4838143589742967,243.29321000000346,82.0,37.0,6.0,28.0,4.666666666666667,0.0,1.0,0.33704187634335886,20.328269999998156,3.0036198765432527,410.4351899999965,135.0,35.0,5.0,23.0,4.6,0.0,4.0,0.32891916504528074,36.046439999998256,3.0629491791044514,142.36744999999792,44.0,16.0,7.0,11.0,1.5714285714285714,0.0,0.0,0.3090594092961603,24.34204000000318,3.3108709302325097,241.97924000000057,65.0,26.0,5.0,11.0,2.2,0.0,0.0,0.26861808475801413,19.449899999999616,3.780925625000009,,,,,,,,,,,,,,,,,,,,,,,,,,,,,,,,,,,,,,,,,,,,,,,,,,,,,,,,,,,,,,,,,,,,,,,,,,,,,,,,,,,,,,,,,3328.3234100000045,1112.0,443.0,38.0,349.0,9.18421052631579,2.0,18.0,0.33410214784385944,56.231789999998,2.9957906480648107,2117.2983500000046,731.0,271.0,24.0,186.0,7.75,0.0,7.0,0.34525129630408413,36.046439999998256,2.900408698630143,,,,,,,,,,,,5,old-old,10.0,,
6,24,325.0175939999972,127.0,62.0,17.0,41.0,2.411764705882353,0.0,0.0,0.3907480774717725,16.01239799999894,2.579504714285692,210.00743300000613,34.0,7.0,1.0,0.0,0.0,14.0,2.0,0.16189903144999163,52.01664999999775,6.363861606060792,333.967147000003,58.0,26.0,2.0,2.0,1.0,0.0,0.0,0.17366977716523557,72.98935099999653,5.859072754386018,561.0934209999978,130.0,49.0,6.0,15.0,2.5,2.0,2.0,0.23169047280631103,36.93570200000249,4.349561403100758,59.0404320000016,47.0,22.0,14.0,20.0,1.4285714285714286,0.0,0.0,0.7960646358413964,7.064924999998766,1.2834876521739478,100.0712910000002,33.0,15.0,3.0,3.0,1.0,0.0,0.0,0.3297649072999361,10.004070999995747,3.1272278437500063,535.9463849999956,171.0,64.0,10.0,35.0,3.5,0.0,14.0,0.3190617658518238,37.02836699999898,3.1526257941176214,32.07118700000137,19.0,8.0,5.0,6.0,1.2,0.0,1.0,0.5924320792990664,16.016239000004134,1.7817326111111873,79.07794699999795,24.0,11.0,4.0,6.0,1.5,0.0,0.0,0.3034980156983669,41.99519099999452,3.438171608695563,38.052270000000135,15.0,7.0,4.0,4.0,1.0,0.0,0.0,0.3941946170359862,11.957309000004898,2.7180192857142953,184.96074899999803,58.0,25.0,4.0,13.0,3.25,0.0,0.0,0.31358004502890835,22.90733000000182,3.244925421052597,649.0098599999983,94.0,38.0,2.0,2.0,1.0,0.0,0.0,0.14483601219864403,134.99448899999697,6.978600645161272,311.016853000001,79.0,36.0,6.0,19.0,3.1666666666666665,0.0,1.0,0.25400552811843846,23.069771999995282,3.987395551282064,461.0339310000054,138.0,40.0,6.0,20.0,3.3333333333333335,6.0,12.0,0.29932720938927676,42.03191700000025,3.3652111751825213,148.96476899999834,29.0,11.0,5.0,6.0,1.2,0.0,0.0,0.19467690377179267,48.969098000001395,5.320170321428512,76.04522999999608,32.0,16.0,5.0,12.0,2.4,0.0,0.0,0.42080219890191206,23.045239999999467,2.4530719354837447,266.54435999999987,35.0,15.0,1.0,0.0,0.0,0.0,0.0,0.1313102254348958,79.02543999999762,7.839539999999996,168.05443000000378,68.0,26.0,11.0,16.0,1.4545454545454546,0.0,6.0,0.4046308091967494,16.00970999999845,2.5082750746269222,48.10766000000149,32.0,14.0,6.0,10.0,1.6666666666666667,0.0,1.0,0.6651747351668946,7.022519999998622,1.551860000000048,590.450420000001,183.0,72.0,14.0,41.0,2.9285714285714284,0.0,16.0,0.30993288140941566,79.02543999999762,3.2442330769230825,23.132790000003297,9.0,2.0,1.0,0.0,0.0,0.0,5.0,0.3890581291750246,7.351790000000619,2.891598750000412,179.45780999999988,98.0,39.0,13.0,27.0,2.076923076923077,0.0,10.0,0.5460893566014211,15.793980000002193,1.8500805154639164,297.35115000000224,139.0,53.0,12.0,35.0,2.9166666666666665,0.0,14.0,0.46746077827510996,16.00970999999845,2.154718478260886,4.730589999999211,8.0,5.0,5.0,4.0,0.8,0.0,0.0,1.6911209806813388,1.8654100000057952,0.6757985714284587,2700.033765,859.0,356.0,32.0,198.0,6.1875,16.0,23.0,0.3181441695785608,72.98935099999653,3.1468925000000003,2323.0352219999986,589.0,235.0,13.0,124.0,9.538461538461538,6.0,13.0,0.2535475977384902,134.99448899999697,3.950740173469385,639.010930000004,208.0,83.0,16.0,46.0,2.875,0.0,16.0,0.32550303951764753,79.02543999999762,3.087009323671517,2,MCI,12.0,11.0,4.0
7,20,326.02777700000297,175.0,73.0,20.0,65.0,3.25,0.0,0.0,0.5367640806875127,38.13289999999688,1.8737228563218562,145.4600500000015,24.0,6.0,2.0,2.0,1.0,4.0,4.0,0.164993756017544,57.94823500000348,6.324350000000066,181.2239619999964,48.0,21.0,3.0,6.0,2.0,0.0,0.0,0.2648656362562085,13.287564999998722,3.8558289787233275,435.74964900000487,86.0,25.0,8.0,16.0,2.0,0.0,0.0,0.19736103103550415,28.025300000001153,5.126466458823587,44.22190300000511,43.0,18.0,8.0,17.0,2.125,0.0,0.0,0.972368828179896,4.158814999995229,1.0529024523810742,129.5454499999978,34.0,12.0,3.0,11.0,3.6666666666666665,0.0,0.0,0.26245614955986935,56.04536999999982,3.92561969696963,609.6583050000045,215.0,54.0,8.0,34.0,4.25,3.0,10.0,0.35265655898839665,23.014926999996533,2.8488705841121704,63.477115000001504,33.0,11.0,7.0,9.0,1.2857142857142858,0.0,0.0,0.5198723981075576,10.201912000004086,1.983659843750047,59.453504999997676,53.0,23.0,9.0,21.0,2.3333333333333335,0.0,0.0,0.891452909294449,7.489356999998563,1.14333663461534,25.106920999998692,20.0,3.0,1.0,0.0,0.0,0.0,0.0,0.7965930987714918,3.796141999999236,1.3214168947367733,149.16216700000223,70.0,19.0,6.0,14.0,2.3333333333333335,0.0,0.0,0.46928789925664566,13.917752000001201,2.1617705362319164,126.58896999999706,37.0,10.0,2.0,6.0,3.0,0.0,0.0,0.292284548961895,16.160971999997855,3.516360277777696,148.2158169999966,53.0,18.0,9.0,17.0,1.8888888888888888,0.0,0.0,0.35758666701544556,20.015605000000505,2.8503041730768577,419.75908800000616,207.0,49.0,10.0,36.0,3.6,7.0,8.0,0.49314000796570473,20.603640000001178,2.0376654757281853,43.99803900000552,18.0,8.0,6.0,6.0,1.0,0.0,0.0,0.40910914234149715,14.70675399999891,2.5881199411767954,154.57800300000235,47.0,16.0,5.0,11.0,2.2,0.0,0.0,0.3040536110432173,22.99740899999597,3.3603913695652685,1021.8792580000008,354.0,143.0,17.0,110.0,6.470588235294118,2.0,15.0,0.3464205748659982,69.80994099999953,2.8948420906515606,,,,,,,,,,,,,,,,,,,,,,,,,,,,,,,,,,130.62874400000146,56.0,22.0,6.0,17.0,2.8333333333333335,0.0,4.0,0.42869584660478227,15.400316999999632,2.3750680727272995,714.9361219999992,305.0,126.0,16.0,101.0,6.3125,2.0,15.0,0.42661153998874374,48.03925799999706,2.3517635592105237,,,,,,,,,,,,7.577687999997579,13.0,7.0,5.0,6.0,1.2,0.0,0.0,1.715562847138092,2.6747570000006817,0.6314739999997983,2465.1468220000024,844.0,273.0,23.0,206.0,8.956521739130435,7.0,14.0,0.34237311646827306,57.94823500000348,2.924254830367737,1653.3070200000002,678.0,182.0,17.0,141.0,8.294117647058824,7.0,8.0,0.41008717183091614,22.99740899999597,2.4421078581979323,1072.4360809999998,386.0,156.0,19.0,121.0,6.368421052631579,2.0,17.0,0.3599282109569382,69.80994099999953,2.7855482623376617,4,young-old,11.0,18.0,3.0
8,24,363.34981400000106,196.0,78.0,20.0,66.0,3.3,0.0,0.0,0.5394250731610377,23.996211999998195,1.863332379487185,152.42229899999802,49.0,9.0,2.0,2.0,1.0,4.0,2.0,0.3214752718039021,14.85853700000007,3.175464562499959,198.67506799999683,52.0,17.0,3.0,7.0,2.3333333333333335,0.0,0.0,0.26173389808529385,26.86649899999611,3.895589568627389,483.8809870000041,130.0,32.0,4.0,16.0,4.0,0.0,0.0,0.26866110364447715,19.31919399999606,3.751015403100807,71.22869599999831,63.0,25.0,10.0,22.0,2.2,0.0,0.0,0.8844749874404761,15.100694000000658,1.1488499354838437,96.46675900000264,49.0,19.0,6.0,17.0,2.8333333333333335,0.0,0.0,0.5079469913568742,7.223027000000002,2.0097241458333883,506.28428200000053,188.0,55.0,8.0,30.0,3.75,2.0,12.0,0.37133287894566674,20.075576999995974,2.7074025775401096,22.283839999996417,22.0,10.0,7.0,9.0,1.2857142857142858,0.0,1.0,0.9872625184888932,7.175623000002815,1.0611352380950674,38.06188800000382,36.0,16.0,8.0,13.0,1.625,0.0,0.0,0.9458280156779503,5.027524000004632,1.0874825142858233,28.733870000003662,18.0,5.0,3.0,3.0,1.0,0.0,0.0,0.6264384157093251,5.920364999998128,1.690227647059039,197.56265600000188,115.0,44.0,8.0,34.0,4.25,0.0,0.0,0.5820938143289535,11.988896000002569,1.7330057543859814,274.3861130000005,87.0,22.0,3.0,16.0,5.333333333333333,0.0,0.0,0.317071440127875,33.26274199999898,3.190536197674424,247.0454269999973,88.0,24.0,6.0,13.0,2.1666666666666665,0.0,1.0,0.3562097913271674,17.152383000000555,2.839602609195371,382.1835540000029,156.0,35.0,5.0,20.0,4.0,8.0,6.0,0.4081808292567158,20.294117000004917,2.4657003483871156,38.769217000000936,21.0,7.0,6.0,6.0,1.0,0.0,0.0,0.5416668590443674,8.670850000002247,1.9384608500000469,138.752416000003,44.0,18.0,5.0,12.0,2.4,0.0,0.0,0.317111595375745,12.840045999997528,3.226800372093093,76.08402200000273,16.0,5.0,1.0,0.0,0.0,0.0,0.0,0.2102938248979454,32.55293099999835,5.072268133333515,215.25114600000234,96.0,34.0,8.0,24.0,3.0,0.0,7.0,0.4459906568859752,15.510865000003832,2.26580153684213,92.6983259999979,65.0,25.0,8.0,18.0,2.25,0.0,3.0,0.7011992859504439,10.886043999998947,1.4484113437499673,414.0451880000037,164.0,55.0,10.0,35.0,3.5,3.0,11.0,0.39609203235082285,22.20829799999774,2.5401545276073847,55.21628600000258,24.0,6.0,2.0,2.0,1.0,3.0,2.0,0.4346543699081622,9.964960999997857,2.400708086956634,190.79553199999646,87.0,34.0,10.0,25.0,2.5,0.0,6.0,0.45598552066723247,17.705677999998443,2.2185526976743772,109.51681500000268,52.0,18.0,7.0,11.0,1.5714285714285714,0.0,3.0,0.4748129316945414,15.510865000003832,2.1473885294118173,15.694572000000335,22.0,13.0,12.0,12.0,1.0,0.0,0.0,1.4017585188050703,3.4265080000041053,0.7473605714285874,2406.954420000002,999.0,328.0,22.0,243.0,11.045454545454545,6.0,15.0,0.4150473277346063,26.86649899999611,2.411777975951906,1638.8760860000039,721.0,227.0,15.0,168.0,11.2,8.0,7.0,0.4399356401372241,33.26274199999898,2.2762167861111164,524.336675999999,195.0,67.0,13.0,42.0,3.230769230769231,3.0,11.0,0.3718984555640742,32.55293099999835,2.7027663711340155,3,middle-aged,13.0,10.0,4.0
9,24,195.04207699999824,107.0,46.0,17.0,42.0,2.4705882352941178,0.0,0.0,0.548599572183601,17.946797000004153,1.840019594339606,167.06542700000136,45.0,7.0,2.0,2.0,1.0,4.0,2.0,0.26935555014622886,20.028964999997697,3.7969415227273036,144.38093200000003,40.0,8.0,3.0,3.0,1.0,0.0,0.0,0.2770448939891868,14.021059999999125,3.7020751794871805,437.88742900000216,139.0,41.0,8.0,29.0,3.625,0.0,2.0,0.317433182124987,20.020904999997583,3.1730973115942187,80.59458599999925,77.0,28.0,11.0,27.0,2.4545454545454546,0.0,0.0,0.9553991629164856,6.049406000005547,1.0604550789473586,126.91457300000184,44.0,16.0,7.0,13.0,1.8571428571428572,0.0,0.0,0.3466898950997484,14.027579999994487,2.9515016976744612,222.20027299999492,110.0,31.0,9.0,24.0,2.6666666666666665,0.0,12.0,0.4950488967221139,14.80167999999685,2.0385346146788526,92.95944900000177,41.0,16.0,9.0,12.0,1.3333333333333333,0.0,2.0,0.441052528183544,20.933624999997846,2.323986225000044,103.94948399999703,52.0,22.0,11.0,19.0,1.7272727272727273,0.0,0.0,0.500242983409148,20.39567800000077,2.03822517647053,68.03934099999606,36.0,11.0,5.0,7.0,1.4,0.0,0.0,0.5291056537423267,8.45259100000112,1.9439811714284587,209.68934000000445,101.0,39.0,7.0,32.0,4.571428571428571,0.0,0.0,0.4816649239298376,12.336544000005233,2.0968934000000443,188.75704000000405,53.0,20.0,3.0,12.0,4.0,0.0,0.0,0.2807842292928458,16.84367700000439,3.629943076923155,130.4459560000032,50.0,21.0,6.0,18.0,3.0,0.0,1.0,0.38330049879046285,54.37826800000039,2.6621623673470043,434.295017000004,153.0,44.0,8.0,27.0,3.375,2.0,6.0,0.3522950851632695,15.208690999999817,2.8572040592105528,90.10436199999822,33.0,13.0,7.0,7.0,1.0,0.0,0.0,0.3662419806046754,12.489202000004298,2.8157613124999443,130.82286199999362,27.0,10.0,5.0,6.0,1.2,0.0,0.0,0.2063859449887384,22.764330999998492,5.031648538461293,7.747381000001042,4.0,2.0,1.0,0.0,0.0,0.0,0.0,0.5163035095343139,4.958990999999514,2.5824603333336804,125.03557899999578,40.0,16.0,4.0,8.0,2.0,1.0,6.0,0.31990894367755396,15.415578000000096,3.206040487179379,32.917858000000706,27.0,13.0,12.0,12.0,1.0,0.0,0.0,0.820223478696561,5.157758000001195,1.2660714615384887,44.60749200000282,26.0,14.0,13.0,13.0,1.0,0.0,0.0,0.5828617309396896,11.70864199999778,1.784299680000113,20.373858999999356,5.0,3.0,2.0,1.0,0.5,0.0,1.0,0.2454125161070447,12.403923000005307,5.093464749999839,117.25544299999456,36.0,15.0,4.0,8.0,2.0,1.0,4.0,0.30702199470605107,15.415578000000096,3.3501555142855586,163.47662200000195,65.0,26.0,10.0,18.0,1.8,1.0,6.0,0.3976103690226681,15.415578000000096,2.5543222187500305,5.138708999998926,7.0,5.0,5.0,4.0,0.8,0.0,0.0,1.3622098468703838,3.171258000002126,0.856451499999821,1869.510119999999,830.0,269.0,21.0,221.0,10.523809523809524,4.0,18.0,0.4439665723767253,20.933624999997846,2.255138866103738,1625.0615389999948,643.0,224.0,16.0,168.0,10.5,2.0,7.0,0.395677323331201,54.37826800000039,2.5312485031152567,209.19958100000076,87.0,39.0,18.0,30.0,1.6666666666666667,1.0,6.0,0.41587081381391333,15.415578000000096,2.4325532674418695,8,younger adult,14.0,10.0,4.0
10,24,234.0535729999974,122.0,54.0,18.0,44.0,2.4444444444444446,0.0,0.0,0.521248184491511,15.919488999999885,1.9343270495867555,155.02176700000564,29.0,7.0,1.0,0.0,0.0,2.0,2.0,0.1870705034603234,38.002559000000474,5.53649167857163,308.97144000000117,42.0,15.0,1.0,0.0,0.0,0.0,0.0,0.1359348941766263,27.037592000000586,7.535888780487833,506.974844999997,87.0,26.0,7.0,14.0,2.0,0.0,2.0,0.17160614744110333,39.00231500000518,5.895056337209268,50.06373200000235,54.0,26.0,10.0,22.0,2.2,0.0,0.0,1.0786251412499066,3.0126450000025216,0.9433762264150505,88.03218700000434,32.0,14.0,6.0,12.0,2.0,0.0,0.0,0.3635034081341001,26.003418000000238,2.8397479677420754,484.032643999999,98.0,35.0,7.0,14.0,2.0,0.0,6.0,0.20246568328560957,44.93894899999577,4.990027257731948,55.047253000004275,35.0,15.0,8.0,11.0,1.375,0.0,2.0,0.6358173767544274,8.018436999998812,1.6190368529413022,71.97943800000212,43.0,19.0,4.0,10.0,2.5,0.0,0.0,0.5973928276572364,6.9514040000067325,1.7137961428571933,39.024766999995336,20.0,10.0,6.0,7.0,1.1666666666666667,0.0,0.0,0.5124950521806418,19.99398199999996,2.052696210526368,146.99996999999712,36.0,16.0,4.0,7.0,1.75,0.0,0.0,0.2448980091628638,36.93508000000293,4.19999914285706,290.99762300000293,59.0,26.0,2.0,2.0,1.0,0.0,0.0,0.20275079704001364,41.91752899999847,5.017200396551774,253.01282199999696,48.0,20.0,5.0,14.0,2.8,0.0,0.0,0.1897137054975047,50.99388899999758,5.383251531914829,413.9725360000011,121.0,42.0,7.0,8.0,1.1428571428571428,4.0,6.0,0.2922899213777787,33.98037099999783,3.4497711333333427,103.99730900000577,36.0,13.0,7.0,8.0,1.1428571428571428,0.0,0.0,0.34616280311635755,15.999209999994491,2.9713516857144504,155.95051299999614,46.0,20.0,10.0,11.0,1.1,0.0,0.0,0.29496536507065635,19.998145999998087,3.46556695555547,220.91426099999808,38.0,15.0,1.0,0.0,0.0,0.0,0.0,0.17201243517728504,32.96141699999862,5.970655702702651,243.99695500000234,103.0,45.0,14.0,26.0,1.8571428571428572,0.0,3.0,0.4221364155958381,9.986745000001974,2.3921270098039447,235.02890800000023,100.0,42.0,11.0,23.0,2.090909090909091,0.0,3.0,0.42547957547417914,9.986745000001974,2.374029373737376,298.0501629999999,120.0,52.0,14.0,30.0,2.142857142857143,0.0,4.0,0.40261679038236275,10.068463000003248,2.504623218487394,23.98311599999579,10.0,4.0,2.0,1.0,0.5,0.0,1.0,0.41695999802535066,6.046914000005927,2.6647906666661987,179.9519849999997,79.0,32.0,8.0,15.0,1.875,0.0,3.0,0.43900599373771915,8.994064999998955,2.307076730769227,86.95892199999798,42.0,18.0,7.0,13.0,1.8571428571428572,0.0,2.0,0.4829866681190111,8.055950000001758,2.1209493170731215,22.039146000002802,11.0,7.0,5.0,4.0,0.8,0.0,1.0,0.4991118984373805,5.018835000002582,2.2039146000002803,2236.030549000003,594.0,235.0,20.0,150.0,7.5,2.0,12.0,0.2656493223071789,44.93894899999577,3.7707091888701565,1808.9913789999991,481.0,195.0,16.0,91.0,5.6875,4.0,6.0,0.265894025578991,50.99388899999758,3.7687320395833317,541.0035700000008,167.0,72.0,15.0,34.0,2.2666666666666666,0.0,5.0,0.30868557854433337,32.96141699999862,3.259057650602414,3,middle-aged,9.0,8.0,5.0
11,23,263.9829890000001,114.0,50.0,19.0,46.0,2.4210526315789473,0.0,0.0,0.431846008077437,13.93686499999967,2.3361326460177,257.0583430000006,28.0,7.0,1.0,0.0,0.0,4.0,2.0,0.1089246887427417,83.9080240000003,9.520544777777777,431.937034999999,66.0,26.0,3.0,3.0,1.0,0.0,0.0,0.1528000487385856,45.05033100000219,6.645185153846139,514.0091130000001,67.0,21.0,7.0,12.0,1.7142857142857142,0.0,0.0,0.1303478835403449,70.00480299999617,7.788016863636365,71.94517700000142,53.0,27.0,10.0,25.0,2.5,0.0,0.0,0.7366720357085084,6.925198999997519,1.3835610961538736,,,,,,,,,,,,456.9934309999953,103.0,34.0,6.0,17.0,2.8333333333333335,0.0,6.0,0.22538617190758056,54.04284600000392,4.480327754901915,58.04667699999845,29.0,11.0,6.0,10.0,1.6666666666666667,0.0,1.0,0.49959793564067023,13.97562299999845,2.0730956071428017,119.94378799999686,44.0,15.0,6.0,11.0,1.8333333333333333,0.0,0.0,0.3668385060508607,8.943667999999889,2.789060767441866,40.030845000001136,20.0,6.0,4.0,4.0,1.0,0.0,0.0,0.49961473458777683,9.043260999998893,2.106886578947428,142.96197000000393,58.0,20.0,6.0,11.0,1.8333333333333333,0.0,0.0,0.405702299709485,12.000522000002093,2.5081047368421743,296.02604099999735,75.0,20.0,1.0,0.0,0.0,0.0,0.0,0.2533560890340748,14.00040799999988,4.00035190540537,275.9170739999972,66.0,16.0,6.0,8.0,1.3333333333333333,0.0,1.0,0.23920230467506576,18.97872500000085,4.244878061538419,430.9483140000011,131.0,30.0,5.0,6.0,1.2,4.0,12.0,0.3039807692576323,16.96880900000542,3.3149870307692395,101.02608400000463,46.0,17.0,6.0,6.0,1.0,0.0,0.0,0.455327952729494,9.978608000004897,2.2450240888889916,276.0556540000034,61.0,20.0,4.0,5.0,1.25,0.0,0.0,0.22096993528703182,40.90351100000407,4.600927566666724,410.74959999999555,157.0,70.0,12.0,43.0,3.5833333333333335,0.0,2.0,0.38222800460426914,23.023739999996906,2.633010256410228,222.7968800000017,67.0,28.0,7.0,15.0,2.142857142857143,0.0,2.0,0.30072234404718545,23.023739999996906,3.3757103030303286,69.02275999999983,46.0,21.0,10.0,14.0,1.4,0.0,0.0,0.6664468357973531,5.2519199999951525,1.5338391111111074,378.3191000000006,147.0,66.0,12.0,43.0,3.5833333333333335,0.0,2.0,0.38856087361172026,23.023739999996906,2.5912267123287713,7.945960000004561,3.0,1.0,1.0,0.0,0.0,0.0,1.0,0.37755035263181264,6.0249300000068615,3.9729800000022806,199.46996000000217,100.0,45.0,11.0,29.0,2.6363636363636362,0.0,2.0,0.5013286211116647,9.79092999999557,2.0148480808081026,256.70438000000286,89.0,39.0,12.0,24.0,2.0,0.0,2.0,0.3467023040276874,23.023739999996906,2.91709522727276,22.15691999999399,14.0,7.0,6.0,5.0,0.8333333333333334,0.0,1.0,0.6318567743171793,10.859190000002855,1.704378461537999,2625.003572999998,684.0,277.0,36.0,206.0,5.722222222222222,4.0,11.0,0.26057107389697276,83.9080240000003,3.8433434450951656,1917.9783989999996,582.0,171.0,13.0,72.0,5.538461538461538,4.0,13.0,0.30344450193153616,40.90351100000407,3.3011676402753865,494.9459499999939,185.0,82.0,17.0,52.0,3.0588235294117645,0.0,4.0,0.3737781872950012,23.023739999996906,2.689923641304315,4,young-old,15.0,9.0,4.0
12,23,153.2829200000051,94.0,45.0,20.0,43.0,2.15,0.0,0.0,0.6132451025854471,12.481009999995877,1.64820344086027,200.11828999999852,55.0,18.0,2.0,2.0,1.0,4.0,2.0,0.2748374473917422,21.89020999999775,3.705894259259232,198.93968000000314,65.0,25.0,4.0,15.0,3.75,0.0,0.0,0.32673220344980436,26.143690000004426,3.108432500000049,414.39024000000063,112.0,42.0,7.0,22.0,3.142857142857143,0.0,0.0,0.27027663585899087,25.419669999995676,3.733245405405411,71.35078000000067,56.0,26.0,14.0,23.0,1.6428571428571428,0.0,0.0,0.784854769632504,9.953089999995427,1.2972869090909211,90.80745999999635,31.0,13.0,8.0,11.0,1.375,0.0,0.0,0.3413816441953254,22.07847000000038,3.026915333333212,378.68789000000106,168.0,59.0,7.0,47.0,6.714285714285714,0.0,12.0,0.44363710706460546,9.945929999994405,2.267592155688629,62.97244999999384,29.0,11.0,8.0,8.0,1.0,0.0,2.0,0.4605188459398171,11.898090000002412,2.2490160714283514,28.327250000002095,28.0,14.0,6.0,13.0,2.1666666666666665,0.0,0.0,0.9884475196144323,3.1096899999974994,1.049157407407485,37.09640000000218,27.0,9.0,6.0,6.0,1.0,0.0,0.0,0.7278334285806282,7.020790000002307,1.426784615384699,152.66511000000173,89.0,34.0,6.0,28.0,4.666666666666667,0.0,0.0,0.5829753766266502,8.393589999999676,1.7348307954545652,308.49823999999353,75.0,33.0,2.0,14.0,7.0,0.0,0.0,0.24311321840929004,19.022259999997914,4.168895135135048,143.10800999999628,49.0,19.0,7.0,12.0,1.7142857142857142,0.0,0.0,0.34239872387297726,18.8000400000019,2.9814168749999226,531.5910799999983,232.0,69.0,8.0,47.0,5.875,4.0,10.0,0.43642568268828125,15.51987999999983,2.301260086580079,137.33694000000105,64.0,24.0,7.0,18.0,2.5714285714285716,0.0,0.0,0.4660071791318455,10.450460000000021,2.1799514285714454,104.84275999999954,26.0,10.0,5.0,8.0,1.6,0.0,0.0,0.247990419176299,26.011140000002342,4.193710399999982,110.35839000000124,63.0,29.0,16.0,24.0,1.5,0.0,0.0,0.5708673350526343,14.809529999998631,1.7799740322580844,222.68263000000297,113.0,43.0,9.0,34.0,3.7777777777777777,2.0,9.0,0.5074486501259595,15.02947000000131,1.9882377678571694,11.766250000000582,13.0,7.0,6.0,6.0,1.0,0.0,0.0,1.104854987782799,4.038369999994757,0.9805208333333818,447.4364199999982,216.0,92.0,17.0,79.0,4.647058823529412,2.0,9.0,0.4827501525244657,29.407179999994696,2.0810996279069682,63.83314999999857,51.0,24.0,11.0,21.0,1.9090909090909092,0.0,0.0,0.7989579082342191,7.225109999999404,1.2766629999999715,170.85988999999972,93.0,36.0,9.0,29.0,3.2222222222222223,2.0,7.0,0.5443056296009564,15.02947000000131,1.8571727173913013,145.94440000000031,90.0,40.0,16.0,37.0,2.3125,0.0,4.0,0.6166731988346233,29.407179999994696,1.639824719101127,,,,,,,,,,,,2051.525170000001,740.0,286.0,23.0,220.0,9.565217391304348,4.0,16.0,0.36070724884160194,46.8697800000009,2.7760827740189455,1848.720730000001,707.0,256.0,16.0,184.0,11.5,4.0,11.0,0.3824266091287891,26.011140000002342,2.6185846033994347,569.4113700000016,285.0,121.0,25.0,103.0,4.12,2.0,9.0,0.5005168758748164,29.407179999994696,2.004969612676062,8,younger adult,9.0,9.0,5.0
13,23,131.59968999999546,114.0,53.0,19.0,49.0,2.5789473684210527,0.0,0.0,0.8662634387664889,7.7951800000009825,1.1645990265486323,163.42227999999886,67.0,23.0,2.0,18.0,9.0,4.0,2.0,0.4099808177930235,9.096400000002177,2.476095151515134,225.186649999996,68.0,25.0,4.0,11.0,2.75,0.0,0.0,0.3019717199043603,22.570130000000063,3.3609947761193433,476.5506200000018,178.0,64.0,13.0,48.0,3.6923076923076925,0.0,4.0,0.37351750796169214,16.678749999999127,2.6923763841808013,56.28720000000612,53.0,23.0,9.0,20.0,2.2222222222222223,0.0,0.0,0.9415995110787929,7.4109800000005635,1.0824461538462715,186.16302999999607,151.0,66.0,17.0,63.0,3.7058823529411766,0.0,2.0,0.8111170085704084,14.989770000000135,1.2410868666666404,253.23356000000058,112.0,36.0,8.0,30.0,3.75,0.0,16.0,0.44227945142815883,19.551410000000033,2.2813834234234287,43.18086000000039,33.0,14.0,9.0,12.0,1.3333333333333333,0.0,2.0,0.7642274841214302,8.099190000000817,1.3494018750000123,,,,,,,,,,,,35.43761999999697,14.0,8.0,4.0,5.0,1.25,0.0,0.0,0.3950603906244606,18.35272000000259,2.725970769230536,99.33030999999755,42.0,18.0,5.0,14.0,2.8,0.0,0.0,0.42283166135292477,11.522329999999783,2.4226904878048185,123.99577000000136,43.0,18.0,2.0,8.0,4.0,0.0,0.0,0.3467860234264405,9.923730000002251,2.9522802380952706,145.39706000000297,50.0,22.0,9.0,15.0,1.6666666666666667,0.0,2.0,0.34388590800941216,26.401719999994384,2.9672869387755707,346.7464699999982,120.0,28.0,5.0,14.0,2.8,4.0,4.0,0.346074179212266,21.019829999997455,2.9138358823529265,65.34989000000496,40.0,18.0,7.0,13.0,1.8571428571428572,0.0,0.0,0.6120897831656176,7.619770000004792,1.6756382051283323,240.43541999999434,99.0,45.0,9.0,37.0,4.111111111111111,0.0,0.0,0.411752977161195,15.499240000004647,2.4534226530611667,440.1128600000011,157.0,61.0,14.0,50.0,3.5714285714285716,0.0,8.0,0.35672668142439556,31.01260999999795,2.821236282051289,201.40457000000606,83.0,33.0,12.0,29.0,2.4166666666666665,0.0,8.0,0.41210584248409804,31.01260999999795,2.4561532926830005,9.774049999999988,19.0,10.0,9.0,9.0,1.0,0.0,0.0,1.9439229388022388,2.980170000002545,0.5430027777777772,438.82766999999876,169.0,68.0,19.0,58.0,3.0526315789473686,0.0,12.0,0.38511700959969203,31.01260999999795,2.6120694642857067,89.3726600000009,27.0,12.0,6.0,10.0,1.6666666666666667,0.0,0.0,0.30210581177733464,31.01260999999795,3.437410000000035,43.87658000000374,13.0,6.0,3.0,3.0,1.0,0.0,0.0,0.29628562663723773,10.627250000005006,3.6563816666669786,395.2372000000032,155.0,61.0,15.0,51.0,3.4,0.0,12.0,0.3921695629864768,31.01260999999795,2.5664753246753453,3.5192600000009406,5.0,4.0,4.0,3.0,0.75,0.0,0.0,1.4207532265301976,2.4420200000022305,0.8798150000002352,1975.3587199999965,956.0,385.0,31.0,322.0,10.387096774193548,4.0,26.0,0.48396273057685524,30.257129999998142,2.0684384502617763,1355.6453899999979,514.0,193.0,15.0,137.0,9.133333333333333,4.0,6.0,0.3791552007564462,26.401719999994384,2.6425836062378125,523.771639999999,194.0,77.0,19.0,64.0,3.3684210526315788,0.0,12.0,0.370390424346,31.01260999999795,2.713842694300513,4,young-old,16.0,11.0,4.0
14,16,460.02536300000065,161.0,77.0,20.0,62.0,3.1,0.0,0.0,0.3499807031291876,24.994802000001073,2.875158518750004,195.03088299999945,22.0,5.0,1.0,0.0,0.0,4.0,2.0,0.11280264777348141,68.01444800000172,9.287184904761878,348.93233899999905,48.0,21.0,2.0,2.0,1.0,0.0,0.0,0.13756248600391302,92.94362900000124,7.424092319148916,594.9790540000031,121.0,41.0,11.0,26.0,2.3636363636363638,0.0,0.0,0.20336850379273919,42.002292999997735,4.958111150000028,53.966277999999875,47.0,24.0,9.0,23.0,2.5555555555555554,0.0,0.0,0.8709142401853266,6.002236000000266,1.1731799565217365,198.07794600000489,43.0,20.0,5.0,13.0,2.6,0.0,0.0,0.2170862575483236,39.010544999997364,4.716141571428688,449.0461379999979,175.0,65.0,15.0,48.0,3.2,0.0,8.0,0.38971496510231834,49.98616599999514,2.580297178160906,101.01365199999418,52.0,24.0,7.0,20.0,2.857142857142857,0.0,1.0,0.514781902945188,15.998790000005101,1.9802964509803775,47.964585000001534,25.0,11.0,4.0,5.0,1.25,0.0,0.0,0.5212178944110368,6.990769000003638,1.9985243750000639,32.96153400000185,17.0,6.0,4.0,4.0,1.0,0.0,0.0,0.5157526952477105,9.001055000000633,2.0600958750001155,161.0076360000021,56.0,25.0,4.0,10.0,2.5,0.0,0.0,0.3478095908444943,12.999257999996189,2.9274115636364018,188.94595800000388,38.0,15.0,3.0,2.0,0.6666666666666666,0.0,0.0,0.2011157073812567,24.937248999995063,5.106647513513619,233.06672900000558,123.0,57.0,12.0,41.0,3.4166666666666665,0.0,0.0,0.5277458542784845,15.953580000001239,1.9103830245902096,475.04386499999964,92.0,35.0,6.0,17.0,2.8333333333333335,3.0,4.0,0.1936663259507626,79.97770499999751,5.220262252747249,115.06536199999391,35.0,15.0,7.0,8.0,1.1428571428571428,0.0,0.0,0.30417494362901193,12.93102099999669,3.3842753529409975,228.04465999999957,54.0,25.0,5.0,6.0,1.2,0.0,0.0,0.23679572238174795,31.05776699999842,4.302729433962256,,,,,,,,,,,,,,,,,,,,,,,,,,,,,,,,,,,,,,,,,,,,,,,,,,,,,,,,,,,,,,,,,,,,,,,,,,,,,,,,,,,,,,,,,2714.951681999999,769.0,319.0,30.0,231.0,7.7,4.0,11.0,0.2832462931471059,92.94362900000124,3.5350692044270886,1732.018634,496.0,216.0,20.0,123.0,6.15,3.0,4.0,0.28637105298025334,79.97770499999751,3.4990275434343436,,,,,,,,,,,,6,other medical,8.0,,
15,24,198.09308000000237,125.0,63.0,16.0,57.0,3.5625,0.0,0.0,0.6310164898238672,12.636200000000827,1.5975248387096965,404.16745999999694,63.0,24.0,2.0,6.0,3.0,4.0,2.0,0.15587598269291764,51.38564999999653,6.518829999999951,173.79601999999431,37.0,19.0,3.0,5.0,1.6666666666666667,0.0,0.0,0.21289325267633408,18.895750000003318,4.827667222222065,427.18135999999504,83.0,31.0,6.0,18.0,3.0,0.0,0.0,0.1942968672603153,50.02818000000116,5.209528780487744,53.371689999999944,48.0,24.0,14.0,23.0,1.6428571428571428,0.0,0.0,0.8993531964230485,5.992999999994936,1.1355678723404243,126.57200999999623,53.0,25.0,4.0,17.0,4.25,0.0,0.0,0.4187339681182402,16.45263999999588,2.4340771153845426,223.27943999999843,80.0,32.0,8.0,21.0,2.625,0.0,10.0,0.35829541672086135,25.570130000000063,2.826322025316436,38.63688999999431,20.0,8.0,6.0,7.0,1.1666666666666667,0.0,1.0,0.5176400067397491,26.204300000004878,2.03352052631549,62.830190000000584,24.0,12.0,6.0,9.0,1.5,0.0,0.0,0.3819819739523273,16.93561000000045,2.7317473913043733,40.51904999999533,17.0,9.0,5.0,6.0,1.2,0.0,0.0,0.4195557398310661,17.24938000000111,2.5324406249997082,205.57042000000365,64.0,33.0,6.0,21.0,3.5,0.0,0.0,0.31132883806920697,20.583279999998922,3.2630225396825976,152.85005999999703,36.0,19.0,3.0,6.0,2.0,0.0,0.0,0.2355249320805023,20.98308000000543,4.367144571428486,239.32020999999804,50.0,24.0,10.0,20.0,2.0,0.0,2.0,0.20892510498800085,88.694739999999,4.884085918367307,395.5427500000005,98.0,36.0,6.0,21.0,3.5,2.0,14.0,0.24776082989765297,24.87916000000405,4.077760309278356,94.91661000000022,33.0,14.0,9.0,12.0,1.3333333333333333,0.0,0.0,0.34767360528362656,36.94124000000011,2.966144062500007,253.3680600000007,48.0,22.0,5.0,9.0,1.8,0.0,0.0,0.1894477149171836,40.829939999995986,5.3908097872340575,1644.959139999999,350.0,169.0,7.0,87.0,12.428571428571429,0.0,0.0,0.21277124245165155,46.34005999999499,4.713349971346702,235.86909000000014,73.0,29.0,8.0,22.0,2.75,0.0,2.0,0.30949371110898827,38.28092999999353,3.2759595833333353,310.57458999999653,116.0,51.0,13.0,42.0,3.230769230769231,0.0,3.0,0.37350125778158894,38.28092999999353,2.700648608695622,304.0784899999999,114.0,49.0,15.0,40.0,2.6666666666666665,0.0,5.0,0.37490320344592626,38.28092999999353,2.690960088495574,3.7902699999976903,5.0,2.0,2.0,1.0,0.5,0.0,1.0,1.319167236107994,2.322359999998298,0.9475674999994226,126.91307999999844,29.0,11.0,4.0,7.0,1.75,0.0,2.0,0.22850284619993744,38.28092999999353,4.532609999999944,296.0036600000021,102.0,40.0,13.0,32.0,2.4615384615384617,0.0,5.0,0.3445903337816812,38.28092999999353,2.930729306930714,3.563190000000759,4.0,4.0,4.0,3.0,0.75,0.0,0.0,1.1225895896652012,2.2905099999989034,1.187730000000253,2145.6683999999987,682.0,299.0,23.0,211.0,9.173913043478262,4.0,13.0,0.31784967332324066,51.38564999999653,3.1507612334801745,1689.6531000000032,477.0,214.0,18.0,138.0,7.666666666666667,2.0,16.0,0.28230646870650494,88.694739999999,3.5496913865546285,2000.7435199999964,483.0,227.0,18.0,135.0,7.5,0.0,5.0,0.24141025332422464,46.34005999999499,4.150920165975096,7,at risk,16.0,,
17,23,262.8565600000002,116.0,55.0,12.0,43.0,3.5833333333333335,0.0,0.0,0.44130532637267994,13.523020000000542,2.285709217391306,280.04387000000133,53.0,17.0,2.0,8.0,4.0,4.0,2.0,0.18925606191629815,29.809990000001562,5.385459038461564,213.57474000000366,52.0,24.0,3.0,19.0,6.333333333333333,0.0,0.0,0.24347448579358733,31.62503999999899,4.187740000000072,618.368819999996,171.0,64.0,8.0,41.0,5.125,0.0,0.0,0.2765339947120896,26.23051999999734,3.6374636470588,63.493320000001404,62.0,26.0,14.0,25.0,1.7857142857142858,0.0,0.0,0.9764806754474114,9.38640000000305,1.0408740983606788,117.88517999999749,30.0,11.0,5.0,8.0,1.6,0.0,0.0,0.25448491489770503,28.139580000002752,4.065006206896465,239.9053500000009,112.0,38.0,10.0,30.0,3.0,0.0,4.0,0.46685078094339943,24.01662000000215,2.1613094594594675,64.18412000000535,43.0,18.0,5.0,16.0,3.2,0.0,0.0,0.6699476443705454,13.288550000004761,1.5281933333334607,64.65611999999965,46.0,19.0,8.0,15.0,1.875,0.0,0.0,0.7114562395640235,5.684789999999339,1.436802666666659,45.92187000000558,32.0,13.0,6.0,9.0,1.5,0.0,0.0,0.6968357342589949,6.012479999997595,1.4813506451614704,233.66922999999952,107.0,41.0,6.0,32.0,5.333333333333333,0.0,0.0,0.457912237738791,22.252580000000307,2.204426698113203,249.80742999999347,70.0,26.0,3.0,16.0,5.333333333333333,0.0,0.0,0.28021584466083266,29.25695000000269,3.6203975362317893,184.41539000000193,78.0,36.0,6.0,29.0,4.833333333333333,0.0,0.0,0.42295819237211807,15.280309999994643,2.39500506493509,527.980230000001,186.0,74.0,5.0,54.0,10.8,1.0,10.0,0.3522859179784054,20.680489999998827,2.8539471891891948,57.83112000000256,34.0,15.0,7.0,11.0,1.5714285714285714,0.0,0.0,0.5879187537782166,5.313700000006065,1.7524581818182592,307.9358599999978,93.0,36.0,5.0,22.0,4.4,0.0,0.0,0.3020109447467426,24.851959999999963,3.3471289130434543,311.12885000000097,55.0,26.0,5.0,14.0,2.8,0.0,0.0,0.17677563491781564,49.587289999995846,5.761645370370388,219.82895999999892,84.0,38.0,10.0,27.0,2.7,0.0,4.0,0.38211525906322996,17.328560000001744,2.648541686746975,60.42710000000079,26.0,11.0,7.0,8.0,1.1428571428571428,0.0,2.0,0.430270524317726,12.348510000003444,2.4170840000000315,879.32647,285.0,130.0,19.0,86.0,4.526315789473684,0.0,6.0,0.32411170335859446,49.587289999995846,3.0962199647887325,,,,,,,,,,,,372.9713599999959,161.0,71.0,14.0,47.0,3.357142857142857,0.0,4.0,0.43166853347667705,27.252090000001772,2.3310709999999744,533.0794600000008,218.0,96.0,18.0,65.0,3.611111111111111,0.0,6.0,0.40894466277128677,27.252090000001772,2.4565873732718932,7.747429999995802,7.0,6.0,6.0,5.0,0.8333333333333334,0.0,0.0,0.9035254271421352,3.1638899999961723,1.2912383333326336,2393.6833000000042,937.0,382.0,21.0,302.0,14.380952380952381,4.0,6.0,0.39144693869903274,31.62503999999899,2.5573539529914577,2149.1289099999995,904.0,364.0,16.0,286.0,17.875,1.0,10.0,0.4206355401919563,29.25695000000269,2.3799877187153924,907.5949099999998,299.0,138.0,20.0,93.0,4.65,0.0,8.0,0.32944212963909203,49.587289999995846,3.0456205033557042,4,young-old,14.0,14.0,3.0
18,24,395.58563700000377,220.0,89.0,24.0,78.0,3.25,0.0,0.0,0.5561374818064941,15.527087999995274,1.8063271095890583,189.73458099999698,63.0,15.0,2.0,6.0,3.0,4.0,2.0,0.3320427919252158,25.980633000006492,3.060235177419306,273.3297639999946,95.0,24.0,3.0,14.0,4.666666666666667,0.0,0.0,0.3475655143067473,24.678313999997044,2.9077634468084534,396.92834500000026,99.0,22.0,4.0,11.0,2.75,0.0,0.0,0.24941529433983842,29.026020999997854,4.050289234693881,79.07141399999819,80.0,31.0,11.0,27.0,2.4545454545454546,0.0,0.0,1.0117436372138462,3.695183999996516,1.0009039746835213,122.14327899999626,77.0,32.0,12.0,28.0,2.3333333333333335,0.0,0.0,0.630407179424112,12.413310999996611,1.6071484078946876,482.18949900000007,220.0,75.0,16.0,54.0,3.375,2.0,12.0,0.45625215907076394,15.798660000000382,2.2017785342465754,37.027430000001914,19.0,10.0,6.0,9.0,1.5,0.0,1.0,0.5131331015951963,13.31444499999634,2.057079444444551,53.95397999999841,36.0,15.0,8.0,12.0,1.5,0.0,0.0,0.6672352994163,7.927066000003833,1.5415422857142402,38.618101000000024,19.0,5.0,3.0,3.0,1.0,0.0,0.0,0.49199726314869774,5.927648999997473,2.145450055555557,556.2706039999975,266.0,89.0,8.0,67.0,8.375,0.0,0.0,0.47818453480601536,18.032454000000143,2.099134354716972,112.38294200000382,37.0,14.0,3.0,5.0,1.6666666666666667,0.0,0.0,0.32923145934370307,15.027410999995482,3.121748388888995,310.5244879999955,130.0,55.0,9.0,47.0,5.222222222222222,0.0,0.0,0.4186465319926778,25.71464399999968,2.4071665736433756,644.7081360000011,266.0,81.0,10.0,46.0,4.6,6.0,8.0,0.41258979861857914,23.070300999999745,2.432860890566042,72.25004900000204,32.0,13.0,6.0,9.0,1.5,0.0,0.0,0.4429062740151096,12.39454900000419,2.3306467419355497,244.35312200000044,58.0,23.0,4.0,4.0,1.0,0.0,0.0,0.23736140355104568,19.482170999996015,4.28689687719299,523.3509590000031,168.0,71.0,14.0,42.0,3.0,4.0,4.0,0.3210082968434935,32.368829999999434,3.1338380778443296,218.01955699999962,76.0,21.0,7.0,14.0,2.0,0.0,9.0,0.34859258061881176,17.06125500000053,2.9069274266666616,42.18634200000088,63.0,29.0,19.0,27.0,1.4210526315789473,0.0,2.0,1.4933743247992133,2.8461830000014743,0.6804248709677561,674.6827889999986,231.0,95.0,15.0,62.0,4.133333333333334,4.0,6.0,0.34238312250766556,32.368829999999434,2.9334034304347765,783.393799000005,258.0,93.0,14.0,56.0,4.0,6.0,14.0,0.3293362805900872,32.368829999999434,3.048224898832704,130.2575960000031,58.0,26.0,6.0,12.0,2.0,4.0,1.0,0.44527153717775214,16.051979000003485,2.285220982456195,841.3142369999987,336.0,132.0,21.0,94.0,4.476190476190476,5.0,15.0,0.3993751504766233,32.368829999999434,2.5113857820895484,11.889494999995804,12.0,5.0,4.0,4.0,1.0,0.0,0.0,1.0092943392468927,3.6424970000007306,1.0808631818178005,2563.4924119999996,1168.0,405.0,25.0,319.0,12.76,6.0,15.0,0.45562842102924084,29.026020999997854,2.1966515955441297,2625.343415999996,1126.0,395.0,16.0,269.0,16.8125,6.0,8.0,0.42889627053651774,25.71464399999968,2.3336385919999967,894.1684129999994,366.0,144.0,26.0,106.0,4.076923076923077,6.0,16.0,0.4093188650805094,32.368829999999434,2.449776473972601,2,MCI,12.0,12.0,3.0
20,24,268.0145580000026,109.0,53.0,18.0,46.0,2.5555555555555554,0.0,0.0,0.4066943259104565,27.943897000004654,2.4816162777778015,151.96621400000004,15.0,2.0,1.0,0.0,0.0,4.0,2.0,0.0987061505658093,49.95481799999834,10.854729571428575,256.0451650000032,65.0,27.0,2.0,8.0,4.0,0.0,0.0,0.2538614622931825,30.99410199999693,4.00070570312505,478.0060480000029,106.0,37.0,5.0,13.0,2.6,0.0,2.0,0.22175451637800062,33.057402999998885,4.5524385523809805,41.00910200000362,39.0,19.0,8.0,18.0,2.25,0.0,0.0,0.9510083883328281,4.951916999998502,1.0791868947369374,104.03044000000227,28.0,11.0,5.0,9.0,1.8,0.0,0.0,0.26915199051353994,25.040196000001743,3.8529792592593433,252.98663300000044,103.0,31.0,7.0,14.0,2.0,0.0,16.0,0.4071361351332733,14.000367000000551,2.4802611078431416,76.01100600000063,45.0,21.0,6.0,16.0,2.6666666666666665,0.0,1.0,0.5920195293823585,15.934418999997433,1.7271738863635784,78.91324000000168,34.0,16.0,4.0,12.0,3.0,0.0,0.0,0.43085292151227444,11.026077999995323,2.391310303030354,37.00519500000519,17.0,6.0,4.0,4.0,1.0,0.0,0.0,0.4593949579240865,15.995286999997916,2.312824687500324,64.00101100000029,38.0,16.0,6.0,11.0,1.8333333333333333,0.0,0.0,0.5937406207536289,11.9614489999949,1.7297570540540619,172.06835800000408,65.0,26.0,2.0,14.0,7.0,0.0,0.0,0.3777568447535163,16.024606999999378,2.688568093750064,148.9807959999962,70.0,31.0,8.0,18.0,2.25,0.0,5.0,0.46985921594889174,18.056210000002466,2.1591419710144377,335.9904300000053,104.0,34.0,7.0,7.0,1.0,4.0,12.0,0.3095326256762681,25.989421000005677,3.261784912621347,104.004528999998,30.0,11.0,6.0,7.0,1.1666666666666667,0.0,0.0,0.28844897706330247,43.92046400000254,3.5863630689654484,172.96847200000047,53.0,25.0,6.0,15.0,2.5,0.0,0.0,0.30641422328110673,25.065778999996837,3.3263167692307785,203.02673199999845,46.0,19.0,12.0,11.0,0.9166666666666666,0.0,0.0,0.22657114926127242,48.972202999997535,4.511705155555521,191.00829400000657,76.0,27.0,6.0,14.0,2.3333333333333335,2.0,12.0,0.3978884812195505,12.02929800000129,2.546777253333421,9.991368000002694,6.0,4.0,3.0,2.0,0.6666666666666666,0.0,0.0,0.6005183674546251,2.9973529999988386,1.9982736000005388,288.0051520000052,153.0,61.0,14.0,45.0,3.2142857142857144,2.0,14.0,0.5312404966977717,12.02929800000129,1.8947707368421394,17.07754600000044,6.0,0.0,0.0,0.0,0.0,0.0,3.0,0.35133853540783,6.022372999999789,3.4155092000000877,154.96520600000076,60.0,23.0,6.0,12.0,2.0,2.0,6.0,0.38718368818868737,12.02929800000129,2.62652891525425,269.967270000001,128.0,47.0,12.0,32.0,2.6666666666666665,2.0,14.0,0.47413154935411067,12.02929800000129,2.125726535433079,16.933899000003294,20.0,9.0,8.0,7.0,0.875,0.0,0.0,1.1810629081935655,4.058598000003258,0.8912578421054365,2024.963803999999,617.0,247.0,20.0,167.0,8.35,4.0,21.0,0.3046968043484101,49.95481799999834,3.287253975649344,1450.9139950000026,488.0,195.0,16.0,115.0,7.1875,4.0,17.0,0.3363397152978727,51.0135850000006,2.9792895174538043,509.99824600000284,205.0,83.0,21.0,58.0,2.761904761904762,2.0,14.0,0.4019621667483124,48.972202999997535,2.499991401960798,4,young-old,9.0,11.0,4.0
21,0,,,,,,,,,,,,,,,,,,,,,,,,,,,,,,,,,,,,,,,,,,,,,,,,,,,,,,,,,,,,,,,,,,,,,,,,,,,,,,,,,,,,,,,,,,,,,,,,,,,,,,,,,,,,,,,,,,,,,,,,,,,,,,,,,,,,,,,,,,,,,,,,,,,,,,,,,,,,,,,,,,,,,,,,,,,,,,,,,,,,,,,,,,,,,,,,,,,,,,,,,,,,,,,,,,,,,,,,,,,,,,,,,,,,,,,,,,,,,,,,,,,,,,,,,,,,,,,,,,,,,,,,,,,,,,,,,,,,,,,,,,,,,,,,,,,,,,,,,,4,young-old,13.0,,
22,16,505.96788899999956,250.0,121.0,22.0,102.0,4.636363636363637,0.0,0.0,0.49410250222420776,17.977069999993546,2.0319995542168656,190.97336799999903,69.0,31.0,3.0,18.0,6.0,5.0,1.0,0.36130692317266117,12.909476000000723,2.808431882352927,322.97969600000215,57.0,26.0,3.0,16.0,5.333333333333333,0.0,0.0,0.17648168199402733,51.98278600000049,5.767494571428609,611.0035029999999,296.0,107.0,11.0,72.0,6.545454545454546,0.0,0.0,0.4844489410398684,20.99881599999935,2.071198315254237,64.04497700000502,58.0,28.0,10.0,24.0,2.4,0.0,0.0,0.9056135659162694,4.99033299999428,1.1235960877193862,137.93706500000553,79.0,38.0,7.0,26.0,3.7142857142857144,0.0,0.0,0.5727249597488306,10.943186000004061,1.7684239102564812,270.95714299999963,118.0,49.0,9.0,38.0,4.222222222222222,0.0,6.0,0.43549322484552533,12.0020050000021,2.315873017094014,182.97875299999578,101.0,42.0,8.0,35.0,4.375,0.0,1.0,0.5519766549070445,26.01056200000312,1.8297875299999578,119.04537100000016,67.0,34.0,9.0,27.0,3.0,0.0,0.0,0.5628106278907721,19.012470000001485,1.8037177424242448,47.074016999999,19.0,8.0,5.0,5.0,1.0,0.0,0.0,0.40361968684338967,24.006853999999294,2.6152231666666115,312.0416519999999,103.0,47.0,7.0,29.0,4.142857142857143,0.0,0.0,0.3300841388956627,25.07048599999689,3.05923188235294,254.93565800000215,39.0,17.0,3.0,10.0,3.3333333333333335,0.0,0.0,0.1529797765677788,66.98558000000048,6.708833105263214,247.00927200000297,106.0,48.0,9.0,36.0,4.0,0.0,1.0,0.4291336885523825,24.979785000003176,2.3524692571428854,524.9960419999989,153.0,59.0,8.0,35.0,4.375,4.0,4.0,0.29143076853901373,42.94989099999657,3.4539213289473607,60.99470899999869,31.0,14.0,8.0,10.0,1.25,0.0,0.0,0.5082408049524536,15.94054199999664,2.033156966666623,368.0578319999986,136.0,59.0,5.0,24.0,4.8,0.0,0.0,0.36950714853963634,17.97884999999951,2.7263543111111006,,,,,,,,,,,,,,,,,,,,,,,,,,,,,,,,,,,,,,,,,,,,,,,,,,,,,,,,,,,,,,,,,,,,,,,,,,,,,,,,,,,,,,,,,2905.927355,2266.0,518.0,24.0,395.0,16.458333333333332,5.0,8.0,0.7797854946721475,51.98278600000049,1.2829701346578366,2312.0697629999995,1282.0,327.0,16.0,206.0,12.875,4.0,5.0,0.5544815387994848,66.98558000000048,1.8048944285714281,,,,,,,,,,,,4,young-old,12.0,,
24,24,280.48172799999884,140.0,61.0,18.0,52.0,2.888888888888889,0.0,0.0,0.49914124887308375,12.234841000004963,2.017854158273373,215.41100700000243,55.0,20.0,2.0,8.0,4.0,6.0,2.0,0.25532585714154976,21.927237999996578,3.989092722222267,284.436784000005,50.0,20.0,3.0,11.0,3.6666666666666665,0.0,0.0,0.1757859841362822,44.744307000000845,5.804832326530714,621.9534459999995,135.0,52.0,4.0,30.0,7.5,0.0,0.0,0.2170580464956538,72.03330599999754,4.6414436268656685,61.573813999995764,70.0,30.0,9.0,27.0,3.0,0.0,0.0,1.1368469070310443,3.9995269999999437,0.8923741159419676,181.08187900000485,47.0,22.0,6.0,18.0,3.0,0.0,0.0,0.259551095115369,50.80898499999603,3.936562586956627,274.90880800000014,102.0,38.0,8.0,24.0,3.0,2.0,8.0,0.37103212786110495,15.2207419999977,2.721869386138615,39.935607999999775,19.0,11.0,5.0,9.0,1.8,0.0,0.0,0.4757658879263866,7.4619000000020606,2.2186448888888766,99.40878299999895,40.0,20.0,6.0,16.0,2.6666666666666665,0.0,0.0,0.4023789326542749,14.543186999995669,2.548943153846127,40.31566600000224,29.0,6.0,4.0,5.0,1.25,0.0,0.0,0.7193233518701735,5.442318000001251,1.4398452142857943,159.0852309999973,108.0,26.0,5.0,19.0,3.8,0.0,0.0,0.678881372715245,13.353391999997257,1.4867778598130588,178.87437800000043,34.0,13.0,3.0,3.0,1.0,0.0,0.0,0.1900775302765828,24.86018399999739,5.42043569696971,248.2084560000003,89.0,44.0,7.0,29.0,4.142857142857143,0.0,0.0,0.35856957266596867,20.628466000001936,2.82055063636364,517.2783989999953,207.0,58.0,6.0,41.0,6.833333333333333,5.0,4.0,0.40017135917558755,41.04460100000142,2.5110601893203652,108.74226099999942,38.0,16.0,5.0,7.0,1.4,0.0,0.0,0.3494501553540459,13.52472200000193,2.938980027027011,165.757660999996,62.0,29.0,9.0,23.0,2.5555555555555554,0.0,0.0,0.37404002702476297,17.90747000000556,2.7173387049179674,371.87137499999517,74.0,36.0,3.0,19.0,6.333333333333333,0.0,0.0,0.19899353640758438,27.39061899999797,5.094128424657468,282.95462099999713,168.0,74.0,11.0,56.0,5.090909090909091,0.0,7.0,0.593734781239009,8.265374999995402,1.6943390479041744,943.0305369999987,332.0,153.0,19.0,111.0,5.842105263157895,0.0,8.0,0.3520564679232656,27.39061899999797,2.8490348549848905,883.2533459999977,322.0,149.0,17.0,111.0,6.529411764705882,0.0,7.0,0.3645613135328002,27.39061899999797,2.7515680560747593,1111.8937829999995,422.0,192.0,18.0,141.0,7.833333333333333,0.0,10.0,0.3795326554137233,27.39061899999797,2.6410778693586687,1124.326986,424.0,192.0,19.0,141.0,7.421052631578948,0.0,11.0,0.37711449185121665,27.39061899999797,2.6579834184397164,786.326721999998,255.0,121.0,16.0,84.0,5.25,0.0,4.0,0.32429267995803995,27.39061899999797,3.095774496062984,181.56535399999848,111.0,48.0,9.0,38.0,4.222222222222222,0.0,5.0,0.6113501147361018,7.442836000001989,1.6505941272727134,2438.3810529999973,861.0,350.0,19.0,264.0,13.894736842105264,10.0,14.0,0.35310313740368493,72.03330599999754,2.8353268058139505,1881.0887529999964,766.0,276.0,15.0,204.0,13.6,5.0,4.0,0.4072109828833799,41.04460100000142,2.458939546405224,1177.9720669999951,469.0,213.0,21.0,158.0,7.523809523809524,0.0,13.0,0.3981418686730217,27.39061899999797,2.517034331196571,4,young-old,18.0,13.0,3.0
25,15,395.1681600000011,487.0,188.0,24.0,163.0,6.791666666666667,0.0,6.0,1.2323867388506167,8.585151999999653,0.8131032098765454,313.32056599999487,236.0,101.0,11.0,70.0,6.363636363636363,4.0,5.0,0.7532221807616799,19.278050000000803,1.3332790042552973,270.3677489999973,116.0,48.0,5.0,25.0,5.0,0.0,0.0,0.42904525568987584,17.564640000004147,2.3510239043478025,655.666197999999,454.0,192.0,19.0,146.0,7.684210526315789,0.0,6.0,0.6924255076513807,26.996744999996736,1.447386750551874,59.36452899999858,100.0,39.0,11.0,38.0,3.4545454545454546,0.0,4.0,1.6845075954363655,3.03140600000188,0.5996417070706928,231.2156709999981,118.0,44.0,8.0,24.0,3.0,0.0,0.0,0.5103460310006451,18.512754000003042,1.9762023162393,481.17896699999983,340.0,136.0,12.0,107.0,8.916666666666666,2.0,9.0,0.7065978010630712,31.00201399999787,1.4194069823008844,194.29393799999525,273.0,113.0,21.0,104.0,4.9523809523809526,0.0,5.0,1.4050875843589452,9.318138999995426,0.7143159485293943,177.90276999999332,252.0,102.0,23.0,93.0,4.043478260869565,0.0,5.0,1.4165040825390716,12.914984999995795,0.708775976095591,50.081896000003326,64.0,23.0,9.0,19.0,2.111111111111111,0.0,0.0,1.2779068907454252,8.596704999996291,0.7949507301587829,300.15568899999926,276.0,113.0,9.0,89.0,9.88888888888889,0.0,0.0,0.9195228013819211,28.50233699999808,1.09147523272727,289.20457100000203,110.0,42.0,18.0,20.0,1.1111111111111112,0.0,2.0,0.38035360098094445,30.375136000002385,2.653252944954147,,,,,,,,,,,,572.6406870000064,572.0,215.0,13.0,168.0,12.923076923076923,10.0,6.0,0.9988811710125542,15.967991999998048,1.0028733572679622,84.89018899999792,104.0,44.0,17.0,38.0,2.235294117647059,0.0,2.0,1.2251121269149554,13.502130999993824,0.8241765922329894,244.3837099999946,158.0,69.0,9.0,45.0,5.0,0.0,2.0,0.6465242711963227,12.008271999999124,1.5565841401273541,,,,,,,,,,,,,,,,,,,,,,,,,,,,,,,,,,,,,,,,,,,,,,,,,,,,,,,,,,,,,,,,,,,,,,,,,,,,,,,,,,,,,,,,,4156.793289000001,3385.0,1365.0,34.0,1122.0,33.0,6.0,52.0,0.8143296441893383,46.6559480000069,1.228366811170213,2664.2299529999946,2751.0,1096.0,30.0,909.0,30.3,10.0,41.0,1.0325685276912002,30.375136000002385,0.968810891999998,,,,,,,,,,,,5,old-old,14.0,,
26,13,261.5275810000021,138.0,58.0,21.0,55.0,2.619047619047619,0.0,0.0,0.5276690109407577,15.850249999995867,1.9089604452554898,,,,,,,,,,,,287.32731400000193,98.0,34.0,2.0,19.0,9.5,0.0,0.0,0.34107443053603786,23.186764000005496,2.9621372577319787,373.7633519999945,97.0,22.0,6.0,15.0,2.5,0.0,0.0,0.2595225012857907,26.011686999998346,3.8933682499999427,50.211419999999634,54.0,23.0,9.0,20.0,2.2222222222222223,0.0,0.0,1.0754525564104818,5.243432999996003,0.947385283018861,82.01909300000261,72.0,31.0,15.0,29.0,1.9333333333333333,0.0,0.0,0.877844381917241,4.554361000002245,1.1551984929577832,,,,,,,,,,,,76.62502400000085,42.0,12.0,5.0,6.0,1.2,0.0,0.0,0.5481238087442496,6.172668999999587,1.8689030243902647,105.15344699999696,80.0,31.0,5.0,26.0,5.2,0.0,0.0,0.7607929391035779,7.1817080000037095,1.331056291139202,20.181305999998585,23.0,8.0,5.0,7.0,1.4,0.0,0.0,1.1396685625797267,5.084583000003477,0.9173320909090266,174.3642650000038,134.0,29.0,5.0,20.0,4.0,0.0,0.0,0.7685060926904781,7.284195000000182,1.311009511278224,223.1729600000035,97.0,31.0,2.0,16.0,8.0,0.0,0.0,0.43464046898870934,11.975954999994428,2.32471833333337,196.72007100000337,58.0,14.0,5.0,12.0,2.4,0.0,0.0,0.29483519249034335,20.030969999999797,3.451229315789533,,,,,,,,,,,,72.25375799999892,47.0,16.0,7.0,13.0,1.8571428571428572,0.0,0.0,0.6504851969083837,7.571553000001586,1.570733869565194,131.22039599999698,61.0,20.0,5.0,14.0,2.8,0.0,0.0,0.4648667574513447,14.60999499999889,2.1870065999999495,,,,,,,,,,,,,,,,,,,,,,,,,,,,,,,,,,,,,,,,,,,,,,,,,,,,,,,,,,,,,,,,,,,,,,,,,,,,,,,,,,,,,,,,,1426.4084349999976,612.0,212.0,22.0,175.0,7.954545454545454,0.0,0.0,0.42904962210210223,37.20473099999799,2.33454735679214,1237.6875409999993,628.0,186.0,14.0,144.0,10.285714285714286,0.0,0.0,0.5073978522015359,22.044552999999723,1.9739833189792653,,,,,,,,,,,,8,younger adult,9.0,,
27,24,170.96753999999783,108.0,47.0,16.0,43.0,2.6875,0.0,0.0,0.63169885932734,14.053834999998799,1.5976309252336225,187.04500199999893,33.0,0.0,0.0,0.0,0.0,3.0,2.0,0.17642813038115923,14.002704999998969,5.845156312499967,169.93772700000045,27.0,12.0,2.0,1.0,0.5,0.0,0.0,0.15888172965853503,29.99737599999935,6.5360664230769405,527.0321089999998,159.0,60.0,4.0,4.0,1.0,0.0,0.0,0.30168939858652916,30.062071000000287,3.3356462594936693,47.98209399999905,45.0,21.0,8.0,18.0,2.25,0.0,0.0,0.9378498570737844,8.909311999999773,1.0905021363636147,208.09091900000203,36.0,14.0,3.0,2.0,0.6666666666666666,0.0,1.0,0.17300130237783057,30.001993999998376,5.945454828571487,171.94259099999908,52.0,19.0,7.0,11.0,1.5714285714285714,0.0,6.0,0.3024265232806703,16.97604300000239,3.3714233529411586,50.060718000000634,21.0,7.0,5.0,6.0,1.2,0.0,0.0,0.4194905874102671,16.00569400000677,2.5030359000000315,25.01894899999752,11.0,6.0,3.0,4.0,1.3333333333333333,0.0,0.0,0.43966675019006957,8.049338999997417,2.501894899999752,27.990078999995603,12.0,5.0,3.0,3.0,1.0,0.0,0.0,0.4287233344358151,18.99262599999929,2.5445526363632367,130.06804700000066,41.0,18.0,4.0,11.0,2.75,0.0,0.0,0.3152196173130807,14.053915999997116,3.2517011750000164,573.9820140000011,18.0,4.0,2.0,1.0,0.5,0.0,0.0,0.03135986766303093,182.99696200000471,33.763647882353006,217.90875300000334,76.0,31.0,5.0,7.0,1.4,0.0,1.0,0.3487698357853428,37.02970800000185,2.9054500400000447,370.9263310000024,61.0,17.0,5.0,6.0,1.2,2.0,4.0,0.16445314042695883,68.00402800000302,6.182105516666707,197.05984599999647,42.0,19.0,8.0,12.0,1.5,0.0,0.0,0.21313322248308644,47.08703399999649,4.806337707316987,1847.9826659999962,640.0,278.0,24.0,195.0,8.125,2.0,10.0,0.3463235947906891,48.00217200000043,2.8919916525821536,93.0047609999965,25.0,10.0,1.0,0.0,0.0,0.0,0.0,0.26880344329900424,21.00565800000186,3.8751983749998544,248.93622000000323,135.0,57.0,14.0,48.0,3.4285714285714284,0.0,7.0,0.5423075838461685,30.037436999999045,1.857732985074651,87.06468999999925,90.0,41.0,14.0,37.0,2.642857142857143,0.0,3.0,1.033714126817666,6.9450940000024275,0.9782549438202163,283.9244189999954,149.0,65.0,14.0,52.0,3.7142857142857144,0.0,7.0,0.5247875491822436,30.037436999999045,1.9184082364864554,28.061971000002814,7.0,2.0,2.0,1.0,0.5,0.0,2.0,0.24944790941446338,24.985971000001882,4.67602533333411,214.96126100000401,110.0,46.0,13.0,39.0,3.0,0.0,7.0,0.511720109420078,30.037436999999045,1.9721216605504956,194.04933300000266,92.0,40.0,13.0,35.0,2.6923076923076925,0.0,5.0,0.4741062418390211,30.037436999999045,2.132410252747282,2.9959649999946123,6.0,4.0,4.0,3.0,0.75,0.0,0.0,2.0026936229264325,1.945384999999078,0.5991929999989225,1852.0031839999974,625.0,240.0,19.0,127.0,6.684210526315789,3.0,10.0,0.3374724219696595,39.0355619999973,2.9679538205128164,3458.9657769999976,905.0,378.0,25.0,245.0,9.8,4.0,15.0,0.2616388997016667,182.99696200000471,3.826289576327431,436.08931299999676,196.0,86.0,18.0,63.0,3.5,0.0,9.0,0.44944921638105234,30.037436999999045,2.2363554512820345,8,younger adult,13.0,10.0,4.0
28,7,404.99162400000205,164.0,62.0,17.0,53.0,3.1176470588235294,0.0,0.0,0.40494664650150686,19.793782000000647,2.4846111901840615,292.3158410000033,36.0,8.0,2.0,2.0,1.0,4.0,2.0,0.12315446154695256,64.01349800000025,8.351881171428666,,,,,,,,,,,,729.9925680000015,250.0,69.0,11.0,29.0,2.6363636363636362,0.0,3.0,0.34246924004300205,24.05305500000395,2.9316970602409698,77.42036599999847,59.0,23.0,9.0,21.0,2.3333333333333335,0.0,0.0,0.7620733800199442,12.887603999995918,1.3348338965516977,103.95622100000037,29.0,8.0,4.0,6.0,1.5,0.0,0.0,0.2789635841033496,14.016443000000436,3.712722178571442,675.5821849999993,192.0,48.0,8.0,33.0,4.125,3.0,14.0,0.2841993235804467,26.019838000000163,3.5370795026177975,60.49631000000227,30.0,13.0,6.0,10.0,1.6666666666666667,0.0,1.0,0.49589801427556285,7.16729199999827,2.086079655172492,,,,,,,,,,,,,,,,,,,,,,,,,,,,,,,,,,,,,,,,,,,,,,,,,,,,,,,,,,,,,,,,,,,,,,,,,,,,,,,,,,,,,,,,,,,,,,,,,,,,,,,,,,,,,,,,,,,,,,,,,,,,,,,,,,,,,,,,,,,,,,,,,,,,,,,,,,,,,,,,,,,,,,,,,,,,,,,,,3531.0917740000004,1156.0,330.0,27.0,225.0,8.333333333333334,7.0,20.0,0.3273775007808675,64.01349800000025,3.0572223151515154,,,,,,,,,,,,,,,,,,,,,,,5,old-old,12.0,,
29,16,237.43317400000524,105.0,46.0,17.0,41.0,2.411764705882353,0.0,0.0,0.4422296944907862,17.189007000000856,2.283011288461589,218.3798800000004,37.0,13.0,1.0,0.0,0.0,4.0,2.0,0.16942952803161138,35.762674999998126,6.066107777777789,286.0741579999958,66.0,25.0,3.0,10.0,3.3333333333333335,0.0,0.0,0.23070940927142733,17.50282999999763,4.401140892307628,399.73844200000167,104.0,41.0,6.0,30.0,5.0,0.0,0.0,0.2601701239431948,30.028839999999036,3.880955747572832,76.36018099999637,74.0,34.0,12.0,32.0,2.6666666666666665,0.0,0.0,0.9690914692829699,13.534082999998645,1.046029876712279,144.50249099999928,51.0,22.0,3.0,15.0,5.0,0.0,0.0,0.3529350923092409,11.995936999999685,2.8900498199999856,318.2105240000019,147.0,50.0,9.0,41.0,4.555555555555555,0.0,12.0,0.4619583229120327,28.64111299999786,2.1795241369863145,97.76006799999595,32.0,12.0,7.0,9.0,1.2857142857142858,0.0,0.0,0.327332014539938,16.756179999996675,3.153550580645031,137.50514600000315,68.0,25.0,6.0,22.0,3.6666666666666665,0.0,0.0,0.4945269466496799,19.107770000002347,2.0523156119403456,15.947741999996651,21.0,7.0,4.0,5.0,1.25,0.0,0.0,1.3168008361311845,3.757053999994241,0.7973870999998326,118.3989040000015,55.0,19.0,8.0,14.0,1.75,0.0,0.0,0.46453132708052186,11.13028600000689,2.192572296296324,359.36592799999926,121.0,38.0,3.0,20.0,6.666666666666667,0.0,0.0,0.33670415187496644,18.0297600000049,2.9947160666666606,220.0900929999989,103.0,35.0,7.0,22.0,3.142857142857143,0.0,1.0,0.4679901698255928,11.617530999996234,2.1577460098039105,467.28560599999764,188.0,45.0,8.0,33.0,4.125,2.0,10.0,0.40232354171851153,12.00970299999608,2.498853508021378,153.65912700000627,97.0,37.0,7.0,31.0,4.428571428571429,0.0,0.0,0.6312674156999216,11.622357000000193,1.6006159062500653,231.25354900000093,83.0,34.0,7.0,26.0,3.7142857142857144,0.0,0.0,0.3589134106651036,17.521872999997868,2.8201652317073282,,,,,,,,,,,,,,,,,,,,,,,,,,,,,,,,,,,,,,,,,,,,,,,,,,,,,,,,,,,,,,,,,,,,,,,,,,,,,,,,,,,,,,,,,2243.3221049999993,807.0,326.0,20.0,258.0,12.9,4.0,14.0,0.3597343414043523,35.762674999998126,2.7832780459057065,2062.719659000002,912.0,304.0,17.0,235.0,13.823529411764707,2.0,11.0,0.44213473024353384,19.107770000002347,2.264236727771682,,,,,,,,,,,,9,younger adult (ESL),12.0,,
30,16,156.1681099999987,71.0,31.0,6.0,24.0,4.0,0.0,0.0,0.45463827410090696,11.091959999997925,2.2309729999999814,144.07626000000164,30.0,8.0,4.0,5.0,1.25,6.0,2.0,0.20822306187014888,39.083630000000994,4.96814689655178,169.24833000000217,33.0,16.0,3.0,9.0,3.0,0.0,0.0,0.19497976730405303,30.00220000000263,5.289010312500068,480.7682399999976,101.0,40.0,5.0,23.0,4.6,0.0,0.0,0.21008043293375725,46.455730000001495,4.807682399999976,71.26661999999487,56.0,27.0,9.0,23.0,2.5555555555555554,0.0,0.0,0.7857816183790396,7.803010000003269,1.295756727272634,105.17706999999791,22.0,11.0,5.0,8.0,1.6,0.0,0.0,0.20917106741992753,37.02814999999828,5.008431904761805,173.76166999999987,75.0,31.0,7.0,22.0,3.142857142857143,0.0,6.0,0.4316256859179591,16.069719999999506,2.348130675675674,55.89763999999559,30.0,13.0,5.0,9.0,1.8,0.0,0.0,0.5366952880300916,13.290450000000419,1.927504827586055,57.60315000000264,17.0,8.0,6.0,6.0,1.0,0.0,0.0,0.2951227493635195,26.404860000002373,3.600196875000165,26.32538999999815,16.0,8.0,6.0,7.0,1.1666666666666667,0.0,0.0,0.6077782703314604,10.86988000000565,1.7550259999998767,93.23242000000027,44.0,20.0,6.0,15.0,2.5,0.0,0.0,0.47193883844267764,9.960689999999886,2.1681958139534947,130.60016000000178,34.0,16.0,4.0,9.0,2.25,0.0,0.0,0.2603365876427681,12.222789999999804,3.95758060606066,136.66279999999824,35.0,14.0,5.0,10.0,2.0,0.0,2.0,0.2561048068677098,56.4959899999958,4.019494117647007,328.6693899999955,76.0,26.0,5.0,13.0,2.6,2.0,12.0,0.23123540649769986,37.508700000005774,4.382258533333273,67.31463000000076,30.0,14.0,8.0,12.0,1.5,0.0,0.0,0.445668348767566,10.176619999998366,2.3211941379310606,226.8532600000035,53.0,23.0,5.0,9.0,1.8,0.0,0.0,0.2336312028312892,37.849590000005264,4.36256269230776,,,,,,,,,,,,,,,,,,,,,,,,,,,,,,,,,,,,,,,,,,,,,,,,,,,,,,,,,,,,,,,,,,,,,,,,,,,,,,,,,,,,,,,,,1809.8514799999975,650.0,285.0,27.0,220.0,8.148148148148149,6.0,8.0,0.3591454918720739,46.455730000001495,2.7886771648690254,1341.1727300000057,412.0,177.0,17.0,124.0,7.294117647058823,2.0,14.0,0.3071938392305354,56.4959899999958,3.263193990267654,,,,,,,,,,,,3,middle-aged,12.0,,
31,24,234.93876199999795,109.0,44.0,16.0,36.0,2.25,0.0,0.0,0.46395068686026764,12.029237999999168,2.1753589074073885,149.01910399999906,28.0,6.0,1.0,0.0,0.0,4.0,2.0,0.18789537212624885,30.016443000000436,5.519226074074039,172.98099999999977,30.0,12.0,2.0,2.0,1.0,0.0,0.0,0.17342945178950311,20.961157000005187,5.964862068965509,512.956514000005,71.0,17.0,3.0,11.0,3.6666666666666665,0.0,0.0,0.13841329247648332,102.98662499999773,7.327950200000071,49.05337700000382,58.0,27.0,9.0,22.0,2.4444444444444446,0.0,0.0,1.18238546553065,4.977614000003086,0.8605855614035758,117.0001540000012,26.0,10.0,4.0,7.0,1.75,0.0,0.0,0.2222219297249791,44.99178099999699,4.677094280000019,411.05481699999655,110.0,44.0,8.0,20.0,2.5,0.0,4.0,0.2676042110461411,39.938366000002134,3.7710033027523164,83.06239099999948,23.0,9.0,5.0,7.0,1.4,0.0,2.0,0.27690028812197504,39.982050999999046,3.7755632272727038,87.99156799999764,35.0,16.0,6.0,11.0,1.8333333333333333,0.0,0.0,0.3977653858833489,13.921861999995599,2.587987294117578,31.00531900000351,22.0,10.0,7.0,8.0,1.1428571428571428,0.0,0.0,0.7095556733345497,6.0231779999958235,1.476443761904929,72.00894400000107,41.0,18.0,7.0,12.0,1.7142857142857142,0.0,0.0,0.5693737155762122,13.003092999999353,1.8002236000000267,167.005631,36.0,14.0,4.0,4.0,1.0,0.0,0.0,0.21556159384829365,19.03507499999978,4.7715894571428565,206.0041659999988,91.0,43.0,6.0,34.0,5.666666666666667,0.0,4.0,0.44173863940208147,12.002217999994173,2.2889351777777645,341.01671400000487,73.0,23.0,5.0,5.0,1.0,4.0,6.0,0.21406575397356906,25.957014999999956,4.7363432500000675,110.9808520000006,33.0,14.0,7.0,10.0,1.4285714285714286,0.0,0.0,0.2973485912686976,15.943907000000763,3.4681516250000186,59.07976300000155,32.0,14.0,8.0,8.0,1.0,0.0,0.0,0.5416406291270864,11.01893199999904,1.9057988064516629,216.93832800000382,94.0,38.0,16.0,30.0,1.875,0.0,0.0,0.43330286937584556,16.068599999998696,2.332670193548428,24.927552999994077,9.0,5.0,2.0,4.0,2.0,0.0,0.0,0.36104626876140383,10.026340999997046,3.1159441249992597,10.984562999998161,11.0,5.0,4.0,4.0,1.0,0.0,1.0,1.001405335833737,2.063558000001649,1.0984562999998162,63.02570399999968,18.0,8.0,2.0,3.0,1.5,0.0,0.0,0.28559776182746155,11.070763000003353,3.7073943529411575,16.959819999996398,6.0,3.0,2.0,2.0,1.0,0.0,0.0,0.35377733961806634,10.026340999997046,3.3919639999992794,43.04270100000576,27.0,11.0,5.0,5.0,1.0,0.0,2.0,0.627284054501979,7.971901999997499,1.6554885000002217,452.0218509999977,231.0,98.0,24.0,77.0,3.2083333333333335,0.0,4.0,0.5110372418699758,16.068599999998696,1.9653123956521639,19.945918000004895,10.0,3.0,2.0,2.0,1.0,0.0,0.0,0.5013557159914899,6.9551300000021,2.2162131111116548,2097.0028479999964,585.0,225.0,17.0,158.0,9.294117647058824,4.0,8.0,0.2789695782044074,102.98662499999773,3.5907583013698567,1436.0174310000002,442.0,176.0,15.0,119.0,7.933333333333334,4.0,10.0,0.30779570669431516,63.993415999997524,3.256275353741497,476.02671399999963,242.0,102.0,24.0,81.0,3.375,0.0,4.0,0.5083748304092031,16.068599999998696,1.9752145809128616,3,middle-aged,12.0,8.0,5.0
32,16,149.50624999999854,71.0,32.0,11.0,27.0,2.4545454545454546,0.0,0.0,0.4748965344258229,17.06149999999616,2.135803571428551,157.05490999999893,10.0,2.0,1.0,0.0,0.0,4.0,1.0,0.06367199853860073,63.26060000000143,17.450545555555436,187.6287999999986,22.0,10.0,2.0,5.0,2.5,0.0,0.0,0.11725278848449792,69.94969999999739,8.934704761904694,424.22609999999986,72.0,23.0,6.0,10.0,1.6666666666666667,0.0,0.0,0.16972081632883979,43.09994000000006,5.975015492957745,50.61329000000114,48.0,23.0,8.0,20.0,2.5,0.0,0.0,0.9483675137498258,7.040070000002743,1.0768785106383223,127.23650000000634,39.0,20.0,3.0,11.0,3.6666666666666665,0.0,0.0,0.3065158189670264,18.814469999997527,3.348328947368588,274.3675000000003,69.0,24.0,7.0,9.0,1.2857142857142858,0.0,6.0,0.251487512187121,35.77347000000009,4.034816176470592,55.79114999999729,25.0,9.0,6.0,8.0,1.3333333333333333,0.0,1.0,0.4480997434181087,39.216520000001765,2.324631249999887,36.66616000000067,18.0,9.0,5.0,6.0,1.2,0.0,0.0,0.4909158744738928,10.0283500000005,2.15683294117651,33.38733000000502,13.0,6.0,4.0,4.0,1.0,0.0,0.0,0.38936926073447753,18.170780000000377,2.7822775000004185,173.27969999999914,54.0,26.0,5.0,12.0,2.4,0.0,0.0,0.3116348885645593,30.080079999999725,3.269428301886776,133.15166999999929,11.0,5.0,2.0,2.0,1.0,0.0,0.0,0.08261255754434067,99.67839999999705,13.315166999999928,253.1834699999963,128.0,58.0,6.0,40.0,6.666666666666667,0.0,0.0,0.5055622312151811,11.922359999996843,1.9935706299212308,409.3657500000045,85.0,27.0,5.0,5.0,1.0,4.0,4.0,0.20763827946035807,47.1640699999989,4.873401785714339,76.53545999999915,18.0,9.0,5.0,5.0,1.0,0.0,0.0,0.23518510243487398,55.26053999999567,4.502085882352891,89.49956999999995,23.0,11.0,4.0,6.0,1.5,0.0,0.0,0.25698447489747733,40.43826999999874,4.06816227272727,,,,,,,,,,,,,,,,,,,,,,,,,,,,,,,,,,,,,,,,,,,,,,,,,,,,,,,,,,,,,,,,,,,,,,,,,,,,,,,,,,,,,,,,,1948.9508099999948,1739.0,180.0,15.0,130.0,8.666666666666666,4.0,8.0,0.8922749569036094,69.94969999999739,1.1213756098964296,1525.0557100000005,1242.0,170.0,13.0,106.0,8.153846153846153,4.0,4.0,0.8143964786702773,99.67839999999705,1.2288925946817086,,,,,,,,,,,,8,younger adult,,,
33,22,221.115214999998,88.0,41.0,12.0,36.0,3.0,0.0,0.0,0.397982563072382,19.73914700000023,2.541554195402276,380.5246659999975,65.0,17.0,2.0,7.0,3.5,5.0,2.0,0.17081678484411422,42.53520700000081,5.945697906249961,334.46976999999606,49.0,16.0,3.0,4.0,1.3333333333333333,0.0,0.0,0.14650053426353174,36.90884299999743,6.968120208333251,534.0208829999974,181.0,75.0,16.0,53.0,3.3125,0.0,0.0,0.33893805609845573,31.455018000000564,2.966782683333319,102.69089399999939,86.0,34.0,14.0,31.0,2.2142857142857144,0.0,0.0,0.8374647123044864,8.771981999998388,1.2081281647058753,266.9711859999952,80.0,35.0,6.0,17.0,2.8333333333333335,0.0,0.0,0.2996578065169978,28.117024999999558,3.379382101265762,128.96016699999745,61.0,23.0,6.0,19.0,3.1666666666666665,1.0,4.0,0.47301427579572847,32.119173999999475,2.1493361166666243,121.32190299999638,66.0,32.0,9.0,27.0,3.0,0.0,0.0,0.5440072927309916,23.785917000001064,1.8664908153845596,,,,,,,,,,,,63.88487900000473,41.0,15.0,7.0,10.0,1.4285714285714286,0.0,0.0,0.6417794107428295,4.607497999997577,1.5971219750001182,172.57009899999684,69.0,24.0,7.0,17.0,2.4285714285714284,0.0,0.0,0.3998375176223389,12.424181000002136,2.5377955735293654,464.3579979999995,77.0,27.0,4.0,11.0,2.75,0.0,0.0,0.1658203376094323,54.048962000000756,6.10997365789473,259.730141,117.0,55.0,14.0,46.0,3.2857142857142856,0.0,0.0,0.45046754893187385,33.83188099999825,2.2390529396551724,431.4893910000028,177.0,63.0,5.0,39.0,7.8,3.0,4.0,0.4102070727388958,28.887893999999505,2.4516442670454706,72.71749099999579,36.0,17.0,7.0,11.0,1.5714285714285714,0.0,0.0,0.4950665858369905,10.671755999996094,2.0776425999998795,162.93343699999969,58.0,24.0,5.0,20.0,4.0,0.0,0.0,0.35597358693169967,34.936679000005824,2.8584813508771876,306.819064000003,46.0,18.0,2.0,10.0,5.0,0.0,0.0,0.1499254948512572,49.100397000001976,6.818201422222288,274.14552600000025,91.0,38.0,15.0,30.0,2.0,0.0,6.0,0.331940489154654,23.705905999995593,3.046061400000003,19.692275000001246,5.0,2.0,1.0,0.0,0.0,0.0,0.0,0.25390667152473156,13.064322999998694,4.923068750000311,606.6894309999989,193.0,80.0,16.0,58.0,3.625,0.0,17.0,0.31811993111843145,25.788139000003866,3.1598407864583273,165.6838859999989,37.0,15.0,6.0,10.0,1.6666666666666667,0.0,3.0,0.22331682877114706,23.705905999995593,4.602330166666636,,,,,,,,,,,,40.23171100000036,15.0,6.0,5.0,4.0,0.8,0.0,1.0,0.37284022049173765,13.064322999998694,2.8736936428571687,3.2323600000017905,5.0,5.0,5.0,4.0,0.8,0.0,0.0,1.546857404496167,1.9984300000069197,0.8080900000004476,3015.876498999998,998.0,401.0,26.0,303.0,11.653846153846153,6.0,10.0,0.33091540728903057,42.53520700000081,3.024951353059176,2016.1633960000036,689.0,272.0,18.0,199.0,11.055555555555555,3.0,4.0,0.341738175272377,67.62964300000021,2.9304700523255867,892.2473020000034,230.0,94.0,16.0,66.0,4.125,0.0,17.0,0.2577760666627369,49.100397000001976,3.896276427947613,5,old-old,25.0,14.0,3.0
35,24,203.85726000000432,113.0,51.0,15.0,45.0,3.0,0.0,0.0,0.5543094221907898,18.06837000000087,1.8201541071428957,170.3428500000009,29.0,8.0,2.0,1.0,0.5,4.0,2.0,0.1702448914057728,42.42367999999988,6.083673214285747,178.53044000000227,50.0,19.0,2.0,13.0,6.5,0.0,0.0,0.28006428483568047,23.204109999998764,3.6434783673469853,584.907849999996,130.0,35.0,7.0,17.0,2.4285714285714284,0.0,0.0,0.22225723248542636,24.018949999997858,4.53416937984493,43.36157000000094,45.0,19.0,10.0,16.0,1.6,0.0,0.0,1.0377853015930703,6.015800000001036,0.9854902272727486,7.7350099999966915,9.0,3.0,3.0,2.0,0.6666666666666666,0.0,0.0,1.1635408357589518,2.960720000002766,0.9668762499995864,285.2277299999987,92.0,25.0,9.0,18.0,2.0,0.0,2.0,0.3225492836899148,24.029340000000957,3.134370659340645,69.98483000000124,40.0,18.0,6.0,16.0,2.6666666666666665,0.0,0.0,0.571552435006262,11.721519999999146,1.7944828205128522,67.84229999999661,30.0,13.0,6.0,12.0,2.0,0.0,0.0,0.4422019890245687,34.498249999996915,2.339389655172297,34.16313000000082,24.0,9.0,7.0,7.0,1.0,0.0,0.0,0.7025117429228359,3.8382799999963026,1.4853534782609052,167.89695999999822,67.0,25.0,7.0,19.0,2.7142857142857144,0.0,0.0,0.3990542770994824,18.01987999999983,2.5438933333333065,136.07368999999744,24.0,9.0,2.0,4.0,2.0,0.0,0.0,0.17637502150489526,19.99710999999661,5.916247391304236,249.01836999999796,93.0,39.0,7.0,33.0,4.714285714285714,0.0,1.0,0.373466423380736,24.052389999997104,2.7067214130434563,422.0894899999985,149.0,22.0,6.0,16.0,2.6666666666666665,4.0,6.0,0.3530057097607442,22.434619999999995,2.851956013513503,106.77148000000307,37.0,15.0,7.0,12.0,1.7142857142857142,0.0,0.0,0.3465344865501437,31.00267000000167,2.9658744444445295,236.75418999999965,82.0,37.0,6.0,16.0,2.6666666666666665,0.0,0.0,0.3463507868646385,15.118729999994684,2.922891234567897,521.282100000004,112.0,46.0,7.0,22.0,3.142857142857143,0.0,4.0,0.21485487416506177,45.35937000000558,4.696235135135171,218.48941999999806,68.0,26.0,7.0,20.0,2.857142857142857,0.0,2.0,0.3112278846270936,22.561479999996664,3.2610361194029562,600.2761700000046,162.0,70.0,12.0,44.0,3.6666666666666665,0.0,5.0,0.26987578067608237,45.35937000000558,3.7284234161490972,675.4722900000052,193.0,83.0,13.0,56.0,4.3076923076923075,0.0,7.0,0.28572600661382946,45.35937000000558,3.5180848437500267,55.78171999999904,18.0,6.0,3.0,4.0,1.3333333333333333,0.0,1.0,0.3226863567491341,12.906779999997525,3.2812776470587672,262.8686600000001,92.0,39.0,11.0,26.0,2.3636363636363638,0.0,5.0,0.34998466534580414,35.543629999992845,2.8886665934065943,296.6108500000046,116.0,47.0,12.0,39.0,3.25,0.0,3.0,0.3910848170253995,22.561479999996664,2.5792247826087356,4.482429999996384,8.0,5.0,5.0,4.0,0.8,0.0,0.0,1.784746220243585,3.1469400000059977,0.6403471428566263,2207.8905800000066,690.0,256.0,18.0,184.0,10.222222222222221,4.0,4.0,0.3125154870672975,81.27096999999776,3.2044856023222157,1681.7546799999982,600.0,208.0,15.0,146.0,9.733333333333333,4.0,7.0,0.35677022762915733,34.498249999996915,2.8076038063439035,834.7092300000004,242.0,102.0,17.0,71.0,4.176470588235294,0.0,7.0,0.28992131787017605,45.35937000000558,3.4635237759336115,7,at risk,20.0,,
37,16,193.03711699999985,79.0,36.0,8.0,28.0,3.5,0.0,0.0,0.40924771996050924,16.964241000001493,2.4748348333333317,227.0054850000015,17.0,1.0,1.0,0.0,0.0,3.0,2.0,0.07488805832158588,60.07768700000452,14.187842812500094,250.9594270000016,26.0,11.0,2.0,2.0,1.0,0.0,0.0,0.10360240422448778,48.050320999995165,10.038377080000064,578.0049960000033,76.0,24.0,4.0,4.0,1.0,0.0,0.0,0.13148675275464153,100.96318400000018,7.706733280000044,69.03882200000226,54.0,26.0,9.0,24.0,2.6666666666666665,0.0,0.0,0.7821686181145767,8.958682000004046,1.3026192830189105,133.9473810000054,21.0,9.0,4.0,6.0,1.5,0.0,0.0,0.1567779813477589,87.00536000000284,6.697369050000271,540.053734000001,89.0,31.0,8.0,17.0,2.125,0.0,6.0,0.16479841615167842,44.00178099999903,6.136974250000011,169.92329900000186,35.0,16.0,6.0,12.0,2.0,0.0,1.0,0.20597528535506845,61.929347999997844,4.997744088235349,53.08529400000407,20.0,10.0,6.0,8.0,1.3333333333333333,0.0,0.0,0.37675217547063916,11.008292999998957,2.7939628421054774,48.01094699999521,18.0,8.0,4.0,5.0,1.25,0.0,0.0,0.3749144960627791,19.93986500000028,2.8241733529408948,313.0442860000039,106.0,49.0,7.0,28.0,4.0,0.0,0.0,0.33861023740263596,9.043004999999539,2.98137415238099,220.04399600000033,47.0,20.0,2.0,2.0,1.0,0.0,0.0,0.21359364879012618,20.924105999998574,4.7835651304347895,379.9792349999989,111.0,50.0,7.0,30.0,4.285714285714286,0.0,0.0,0.29212122604541885,24.0419550000006,3.4543566818181715,463.0642030000017,91.0,32.0,8.0,23.0,2.875,2.0,6.0,0.19651702595546922,69.99636200000532,5.1451578111111305,131.0031450000024,45.0,21.0,7.0,8.0,1.1428571428571428,0.0,0.0,0.3435032036826228,13.008657999998832,2.9773442045455094,253.00870000000577,61.0,28.0,5.0,9.0,1.8,0.0,0.0,0.2410984286311048,22.075615000001562,4.2168116666667625,,,,,,,,,,,,,,,,,,,,,,,,,,,,,,,,,,,,,,,,,,,,,,,,,,,,,,,,,,,,,,,,,,,,,,,,,,,,,,,,,,,,,,,,,2486.984669000005,516.0,202.0,18.0,138.0,7.666666666666667,3.0,11.0,0.20748016923139262,100.96318400000018,4.829096444660204,2523.0014510000037,682.0,297.0,17.0,170.0,10.0,2.0,6.0,0.2703129638429998,69.99636200000532,3.7048479456681407,,,,,,,,,,,,5,old-old,15.0,,
38,10,281.6534640000027,346.0,115.0,17.0,84.0,4.9411764705882355,0.0,2.0,1.228459948925026,10.676525000002584,0.8163868521739209,,,,,,,,,,,,,,,,,,,,,,,,,,,,,,,,,,97.55635400000028,134.0,40.0,11.0,31.0,2.8181818181818183,0.0,3.0,1.373565067837607,9.362995999996201,0.7335064210526338,168.6376239999954,42.0,17.0,6.0,10.0,1.6666666666666667,0.0,0.0,0.24905474237469774,66.49312999999529,4.113112780487693,,,,,,,,,,,,136.63377700000274,92.0,44.0,8.0,29.0,3.625,0.0,2.0,0.6733327733448967,19.193082999998296,1.501470076923107,60.39119300000311,53.0,24.0,7.0,17.0,2.4285714285714284,0.0,0.0,0.8776114093324381,6.026047999999719,1.161369096153906,41.800601000002644,22.0,11.0,4.0,6.0,1.5,0.0,0.0,0.5263082222190683,8.723138999994262,1.9905048095239355,,,,,,,,,,,,,,,,,,,,,,,385.4437519999992,285.0,120.0,12.0,89.0,7.416666666666667,0.0,2.0,0.7394074972578634,27.712724000004528,1.3571963098591522,646.7218330000032,339.0,146.0,11.0,93.0,8.454545454545455,0.0,0.0,0.5241820867983567,26.940976999998384,1.9133782041420215,244.16806600000564,119.0,54.0,9.0,35.0,3.888888888888889,0.0,0.0,0.48736922051058573,40.66844900000433,2.0692208983051326,215.24172700000054,112.0,51.0,10.0,40.0,4.0,0.0,0.0,0.5203452023965581,15.443930000001274,1.9391146576576626,,,,,,,,,,,,,,,,,,,,,,,,,,,,,,,,,,,,,,,,,,,,,,,,,,,,,,,,,,,,,,,,,,,,,,,,,,,,,,,,,,,,,,,,,3375.9345010000034,1714.0,675.0,24.0,453.0,18.875,0.0,7.0,0.5077112720914126,66.49312999999529,1.970773205487451,2793.5988450000004,1529.0,662.0,21.0,458.0,21.80952380952381,0.0,2.0,0.5473226776051304,40.66844900000433,1.8282714954188484,,,,,,,,,,,,1,dementia,24.0,,
39,9,136.26929699999891,168.0,62.0,17.0,56.0,3.2941176470588234,0.0,6.0,1.2328529147692113,7.914913999993587,0.815983814371251,,,,,,,,,,,,412.9830340000044,94.0,34.0,3.0,5.0,1.6666666666666667,0.0,0.0,0.22761225585843073,63.33376099999441,4.440677784946284,605.8221630000044,207.0,88.0,4.0,52.0,13.0,0.0,0.0,0.34168442926377146,119.62431600000127,2.940884286407788,74.79277300000103,72.0,29.0,10.0,23.0,2.3,0.0,4.0,0.9626598548498664,12.434964000000036,1.0534193380281835,233.96938000000227,40.0,19.0,6.0,12.0,2.0,0.0,0.0,0.17096254219248525,82.19643299999734,5.99921487179493,,,,,,,,,,,,122.36800299999595,88.0,35.0,8.0,24.0,3.0,0.0,4.0,0.7191422417836051,30.565892000005988,1.406528770114896,,,,,,,,,,,,,,,,,,,,,,,,,,,,,,,,,,800.4716400000034,118.0,51.0,3.0,8.0,2.6666666666666665,0.0,0.0,0.1474130926112504,65.64208399999916,6.8416379487179775,140.3891169999988,70.0,28.0,7.0,17.0,2.4285714285714284,0.0,2.0,0.49861414827475975,23.80960700000287,2.0346248840579535,361.1488339999996,203.0,89.0,6.0,67.0,11.166666666666666,0.0,0.0,0.5620951277943216,29.283942999994906,1.7878655148514833,,,,,,,,,,,,,,,,,,,,,,,,,,,,,,,,,,,,,,,,,,,,,,,,,,,,,,,,,,,,,,,,,,,,,,,,,,,,,,,,,,,,,,,,,,,,,,,,,,,,,,,,,,,,,,,2762.920422999996,1142.0,464.0,20.0,332.0,16.6,0.0,14.0,0.41333076063045254,119.62431600000127,2.4214902918492514,1766.7974650000033,459.0,200.0,14.0,112.0,8.0,0.0,2.0,0.2597920865819213,98.72687900000165,3.857636386462889,,,,,,,,,,,,6,other medical,24.0,,
40,21,378.00123000000167,133.0,61.0,21.0,47.0,2.238095238095238,0.0,0.0,0.35185070694081977,44.99681799999962,2.8636456818181943,169.06702300000325,27.0,8.0,1.0,0.0,0.0,4.0,2.0,0.15969997886577492,46.99394200000097,6.5025778076924325,396.9102770000027,68.0,28.0,7.0,13.0,1.8571428571428572,0.0,0.0,0.1713233542703142,99.94364900000073,5.924033985074667,440.9850729999962,67.0,22.0,5.0,13.0,2.6,0.0,0.0,0.15193258026672612,49.00200400000176,6.6808025757574905,84.9517560000022,68.0,30.0,12.0,28.0,2.3333333333333335,0.0,0.0,0.8004543190372455,7.0346690000005765,1.2679366567164507,97.0588360000038,23.0,9.0,4.0,5.0,1.25,0.0,0.0,0.236969666522676,22.97969799999555,4.411765272727445,455.9809979999991,95.0,32.0,6.0,17.0,2.8333333333333335,0.0,4.0,0.20834201516441303,86.99171099999512,4.850861680851054,148.03328299999703,49.0,22.0,7.0,14.0,2.0,0.0,0.0,0.3310066426075343,24.046753999995417,3.0840267291666046,77.03055299999687,43.0,23.0,5.0,18.0,3.6,0.0,0.0,0.5582200610711148,12.968987000000197,1.8340607857142113,58.02917700000398,18.0,6.0,3.0,3.0,1.0,0.0,0.0,0.3101887865822871,25.006640999999945,3.4134810000002345,106.03973199999746,27.0,14.0,5.0,7.0,1.4,0.0,0.0,0.2546215412917174,17.98160199999984,4.078451230769133,190.02323199999955,33.0,14.0,2.0,2.0,1.0,0.0,0.0,0.17366297611441572,40.01010800000222,5.938225999999986,301.01997599999595,118.0,54.0,6.0,38.0,6.333333333333333,0.0,1.0,0.3920005627799319,14.973226000001887,2.572820307692273,703.0057400000005,149.0,48.0,10.0,24.0,2.4,4.0,4.0,0.21194706034690397,38.003036000001885,4.750038783783787,95.0220810000028,35.0,13.0,7.0,8.0,1.1428571428571428,0.0,0.0,0.3683354398437029,14.978772000002209,2.7947670882353766,1716.5732270000008,861.0,390.0,32.0,325.0,10.15625,0.0,15.0,0.5015806995340022,40.516309999999066,1.996015380232559,,,,,,,,,,,,139.616949999996,53.0,23.0,9.0,17.0,1.8888888888888888,0.0,1.0,0.37961006883477627,28.515059999997902,2.684941346153769,20.186250000006112,16.0,8.0,7.0,6.0,0.8571428571428571,0.0,0.0,0.7926187380021131,9.579169999997248,1.3457500000004075,,,,,,,,,,,,,,,,,,,,,,,251.89930999999342,86.0,35.0,9.0,27.0,3.0,2.0,4.0,0.34140625474520847,28.515059999997902,2.9635212941175695,298.6168200000029,118.0,47.0,12.0,38.0,3.1666666666666665,2.0,6.0,0.3951552360647295,28.515059999997902,2.5522805128205377,7.967189999995753,7.0,3.0,3.0,2.0,0.6666666666666666,0.0,0.0,0.8786033720802103,2.7303200000023935,1.3278649999992922,2588.070405999999,668.0,270.0,22.0,186.0,8.454545454545455,4.0,6.0,0.25810735227734,99.94364900000073,3.8801655262368797,3549.6294379999963,1401.0,614.0,32.0,472.0,14.75,4.0,22.0,0.3946890864161245,40.516309999999066,2.535449598571426,331.6175199999998,150.0,63.0,18.0,53.0,2.9444444444444446,2.0,6.0,0.45232833295418196,28.515059999997902,2.225620939597314,2,MCI,12.0,17.0,3.0
41,24,190.96670599999925,124.0,52.0,16.0,46.0,2.875,0.0,0.0,0.6493278467085277,7.8465720000021975,1.5525748455284492,120.21318400000018,36.0,7.0,2.0,3.0,1.5,4.0,1.0,0.29946798514212836,15.253513000003295,3.4346624000000054,166.31508600000234,58.0,20.0,3.0,11.0,3.6666666666666665,0.0,0.0,0.3487356522787066,12.20839800000249,2.9178085263158304,396.6229319999984,85.0,22.0,8.0,14.0,1.75,0.0,0.0,0.2143093430613849,40.02032499999768,4.721701571428552,60.876893000000564,63.0,24.0,9.0,22.0,2.4444444444444446,0.0,0.0,1.0348754165229723,8.27061600000161,0.9818853709677511,123.55268000000069,36.0,10.0,3.0,6.0,2.0,0.0,0.0,0.2913736877257523,22.044851999999082,3.5300765714285913,313.021259000001,175.0,38.0,9.0,24.0,2.6666666666666665,2.0,18.0,0.5590674593766152,12.400002000002132,1.798972752873569,36.59364600000117,29.0,12.0,7.0,11.0,1.5714285714285714,0.0,1.0,0.7924873077691977,13.171925000002375,1.3069159285714704,87.8020120000001,71.0,28.0,7.0,23.0,3.2857142857142856,0.0,0.0,0.80863750593779,8.1738800000021,1.2543144571428586,34.06411500000104,30.0,9.0,7.0,7.0,1.0,0.0,0.0,0.8806921888327082,4.683421000001545,1.1746246551724495,72.24883299999783,52.0,19.0,7.0,17.0,2.4285714285714284,0.0,0.0,0.7197348087269667,6.812759000000369,1.416643784313683,432.30222000000504,164.0,44.0,2.0,23.0,11.5,0.0,0.0,0.3793642327351409,16.190594000006968,2.6521608588957366,140.0775999999969,105.0,39.0,8.0,27.0,3.375,0.0,1.0,0.7495845160111418,6.553668000000471,1.34689999999997,369.35016700000415,201.0,26.0,8.0,19.0,2.375,6.0,12.0,0.5441990229288234,12.020753999997396,1.8467508350000208,46.11428399999568,39.0,13.0,7.0,12.0,1.7142857142857142,0.0,0.0,0.8457249385028651,4.450592000001052,1.2135337894735705,164.8235149999964,78.0,23.0,5.0,6.0,1.2,0.0,0.0,0.4732334460893016,10.382507999995141,2.140565129870083,83.01029000000563,20.0,8.0,3.0,5.0,1.6666666666666667,0.0,0.0,0.2409339854131174,26.47546300000249,4.368962631579244,243.1922790000026,186.0,64.0,16.0,54.0,3.375,0.0,10.0,0.7648269129465167,16.832755999996152,1.3145528594594735,205.70222900000226,152.0,55.0,15.0,47.0,3.1333333333333333,0.0,8.0,0.7389321969865399,16.832755999996152,1.3622664172185581,247.5846210000018,196.0,69.0,17.0,59.0,3.4705882352941178,0.0,10.0,0.7916485248895915,16.832755999996152,1.2696647230769322,7.659668000000238,4.0,1.0,1.0,0.0,0.0,0.0,1.0,0.522215845386494,5.047048000000359,2.553222666666746,94.26800000000367,42.0,10.0,3.0,5.0,1.6666666666666667,0.0,2.0,0.445538252641388,16.832755999996152,2.2992195121952115,116.5520650000035,74.0,23.0,8.0,18.0,2.25,0.0,3.0,0.6349093857753424,16.832755999996152,1.596603630137034,57.21272300000419,55.0,24.0,10.0,22.0,2.2,0.0,5.0,0.9613246340328178,5.047048000000359,1.0594948703704479,1837.567124000001,787.0,244.0,19.0,187.0,9.842105263157896,6.0,21.0,0.42828367449612664,40.02032499999768,2.3378716590330804,1757.831723999996,932.0,251.0,17.0,173.0,10.176470588235293,6.0,13.0,0.5301986460223892,18.52346899999975,1.8881114113856026,335.3512250000058,218.0,77.0,17.0,64.0,3.764705882352941,0.0,10.0,0.6500647194594152,26.47546300000249,1.5453973502304414,9,younger adult (ESL),11.0,11.0,4.0
42,24,237.9915880000044,128.0,61.0,17.0,51.0,3.0,0.0,0.0,0.5378341355493523,11.041990999998234,1.8739495118110583,180.02175400000124,18.0,4.0,1.0,0.0,0.0,4.0,2.0,0.09998791590487378,65.988652,10.589514941176544,255.9651559999984,33.0,12.0,1.0,0.0,0.0,0.0,0.0,0.12892379773753349,40.96834900000249,7.99891112499995,482.0130700000009,96.0,33.0,7.0,24.0,3.4285714285714284,0.0,0.0,0.1991647238943123,48.03815200000099,5.073821789473693,50.00276500000473,40.0,20.0,12.0,19.0,1.5833333333333333,0.0,0.0,0.7999557624462611,7.065377999999328,1.2821221794873008,147.0210750000042,14.0,7.0,4.0,5.0,1.25,0.0,0.0,0.09522444316231261,128.0597510000007,11.309313461538785,369.00805099999707,74.0,27.0,7.0,20.0,2.857142857142857,0.0,6.0,0.2005376300041773,39.97890599999664,5.054904808219138,71.92959800000244,32.0,15.0,7.0,11.0,1.5714285714285714,0.0,0.0,0.44487945004223317,25.99403500000335,2.3203096129033045,64.96717599999829,43.0,20.0,7.0,15.0,2.142857142857143,0.0,0.0,0.6618726970678414,9.015567000002193,1.5468375238094831,19.98394499999995,13.0,6.0,4.0,3.0,0.75,0.0,0.0,0.6505222067014312,5.967921000003116,1.6653287499999958,160.94384600000194,42.0,21.0,5.0,12.0,2.4,0.0,0.0,0.2609605837305484,18.045334000002185,3.925459658536633,251.04711800000223,48.0,18.0,2.0,4.0,2.0,0.0,0.0,0.1911991676399152,29.039010000000417,5.341428042553239,134.98119199999928,46.0,23.0,5.0,13.0,2.6,0.0,0.0,0.34078821885052135,34.981464999997115,2.9995820444444283,287.0164470000018,41.0,12.0,4.0,5.0,1.25,4.0,4.0,0.14284895666623504,45.02697900000203,7.175411175000045,93.96672000000399,20.0,8.0,6.0,5.0,0.8333333333333334,0.0,0.0,0.21284131232844086,33.947706999999355,4.945616842105473,327.0130809999973,87.0,35.0,4.0,8.0,2.0,0.0,0.0,0.2660444032818391,18.08955699999933,3.8024776860464806,128.08730100000685,17.0,8.0,4.0,4.0,1.0,0.0,0.0,0.1327219784262539,55.97590499999933,8.005456312500428,325.99388799999724,76.0,33.0,9.0,16.0,1.7777777777777777,0.0,3.0,0.23313320524586228,55.97590499999933,4.346585173333296,107.98193699999683,48.0,22.0,12.0,17.0,1.4166666666666667,0.0,3.0,0.44451879021212043,17.997707000002265,2.2974880212765285,70.97455400000035,11.0,7.0,5.0,5.0,1.0,0.0,0.0,0.15498512325980865,48.977020999998786,7.097455400000035,397.9474459999983,97.0,42.0,11.0,23.0,2.090909090909091,0.0,6.0,0.24375077909156984,55.97590499999933,4.145285895833315,98.9545350000044,33.0,13.0,6.0,9.0,1.5,0.0,2.0,0.33348648447490087,17.997707000002265,3.0923292187501374,335.0091969999994,76.0,32.0,8.0,14.0,1.75,0.0,3.0,0.2268594435035768,55.97590499999933,4.466789293333325,2.034929999994347,6.0,3.0,3.0,2.0,0.6666666666666666,0.0,0.0,2.9485043711659213,0.9855250000036904,0.40698599999886936,2417.9532240000044,556.0,229.0,20.0,173.0,8.65,4.0,8.0,0.22994654920586627,128.0597510000007,4.356672475675683,1601.0400279999958,400.0,166.0,14.0,88.0,6.285714285714286,4.0,4.0,0.24983760118707105,45.02697900000203,4.012631649122796,434.9989959999948,118.0,52.0,14.0,31.0,2.2142857142857144,0.0,7.0,0.2712649939081731,55.97590499999933,3.7179401367520923,3,middle-aged,15.0,13.0,3.0
43,23,202.3620660000015,124.0,46.0,18.0,41.0,2.2777777777777777,0.0,0.0,0.612763065978972,12.294103000000177,1.6452200487805,151.5301099999997,57.0,13.0,2.0,2.0,1.0,6.0,2.0,0.37616286294519363,10.617530000003171,2.705894821428566,277.0474570000006,60.0,14.0,2.0,3.0,1.5,0.0,0.0,0.216569394462985,25.28950199999963,4.695719610169501,495.2051520000023,114.0,21.0,6.0,17.0,2.8333333333333335,0.0,0.0,0.23020762110326243,58.014312999999675,4.382346477876126,67.25755899999785,73.0,30.0,11.0,28.0,2.5454545454545454,0.0,0.0,1.0853798604258345,5.8368180000034044,0.9341327638888591,109.84392200000002,35.0,10.0,6.0,7.0,1.1666666666666667,0.0,0.0,0.31863392496127363,15.184524000003876,3.230703588235295,382.42764799999713,184.0,64.0,17.0,50.0,2.9411764705882355,2.0,14.0,0.48113676132537725,36.60338199999387,2.0897685683059954,35.1481019999992,28.0,10.0,7.0,8.0,1.1428571428571428,0.0,0.0,0.7966290754476768,7.3752519999979995,1.3017815555555259,80.37581900000077,45.0,20.0,7.0,15.0,2.142857142857143,0.0,0.0,0.5598698782776891,12.602226000002702,1.8267231590909268,39.63208999999915,22.0,6.0,3.0,3.0,1.0,0.0,0.0,0.5551057236698965,7.412661000002117,1.8872423809523406,122.22338399999717,63.0,19.0,7.0,15.0,2.142857142857143,0.0,0.0,0.5154496458713781,11.81161499999871,1.9713449032257608,216.62328399999387,67.0,17.0,2.0,3.0,1.5,0.0,0.0,0.30929269819398497,19.296815000001516,3.282170969696877,279.273119999998,127.0,50.0,7.0,33.0,4.714285714285714,0.0,1.0,0.4547519646717196,16.246562000000267,2.2164533333333174,372.1383990000031,216.0,49.0,7.0,37.0,5.285714285714286,6.0,8.0,0.5804292182167371,17.497197999997297,1.7308762744186192,54.3996679999982,31.0,13.0,6.0,6.0,1.0,0.0,0.0,0.5698564189766935,7.450082000003022,1.8133222666666067,238.66528500000277,99.0,34.0,5.0,18.0,3.6,0.0,0.0,0.4148068706347421,21.996165999997174,2.4353600510204365,547.2982310000007,215.0,76.0,17.0,57.0,3.3529411764705883,0.0,6.0,0.3928388359800851,51.233547000003455,2.5574683691588818,274.10616599999776,86.0,26.0,9.0,12.0,1.3333333333333333,0.0,10.0,0.3137470464637439,30.086429999995744,3.2247784235293855,17.354650999994192,24.0,12.0,7.0,10.0,1.4285714285714286,0.0,0.0,1.3829145858368475,4.539533999995911,0.7545500434780084,,,,,,,,,,,,28.462039999998524,20.0,5.0,2.0,2.0,1.0,0.0,3.0,0.7026903201598002,3.7828990000052727,1.4980021052630803,161.31791099999828,101.0,40.0,14.0,32.0,2.2857142857142856,0.0,6.0,0.6260929079350717,22.252645000000484,1.6131791099999828,529.1107990000019,227.0,81.0,17.0,56.0,3.2941176470588234,0.0,10.0,0.42902167264214014,22.105791000001773,2.341198225663725,4.976011999999173,9.0,5.0,5.0,4.0,0.8,0.0,0.0,1.808677310264022,1.496365999999398,0.6220014999998966,2367.7575819999984,914.0,294.0,28.0,236.0,8.428571428571429,9.0,18.0,0.38601924747210065,58.014312999999675,2.593381798466592,1723.5241590000005,803.0,249.0,15.0,170.0,11.333333333333334,6.0,9.0,0.46590585679164814,21.996165999997174,2.1490326172069834,875.048225999999,322.0,109.0,19.0,74.0,3.8947368421052633,0.0,16.0,0.367979718640102,51.233547000003455,2.726006934579436,4,young-old,12.0,15.0,4.0
44,15,276.5123259999964,167.0,73.0,23.0,67.0,2.9130434782608696,0.0,0.0,0.6039513768366412,11.712688999999955,1.665736903614436,357.6078070000003,71.0,21.0,2.0,10.0,5.0,4.0,2.0,0.19854152680732703,24.006603000001633,5.108682957142862,277.7871920000034,71.0,32.0,5.0,17.0,3.4,0.0,0.0,0.25559133770285253,23.64393900000141,3.968388457142906,564.6580029999968,159.0,48.0,5.0,28.0,5.6,0.0,0.0,0.2815863746820939,29.2298740000042,3.573784829113904,115.20005700000183,87.0,33.0,10.0,31.0,3.1,0.0,0.0,0.7552079596627163,10.537549000000581,1.3395355465116492,163.79629199999908,50.0,14.0,4.0,9.0,2.25,0.0,0.0,0.3052572154685912,14.0180709999986,3.3427814693877362,620.7228099999993,289.0,83.0,9.0,59.0,6.555555555555555,0.0,20.0,0.4655862413047143,14.351182999998855,2.15528753472222,107.01040199999989,48.0,16.0,7.0,12.0,1.7142857142857142,0.0,0.0,0.44855452463397016,9.84154000000126,2.276817063829785,279.62402600000496,133.0,48.0,7.0,36.0,5.142857142857143,0.0,0.0,0.47563867061980447,10.88477299999795,2.1183638333333707,32.132095000000845,23.0,6.0,4.0,4.0,1.0,0.0,0.0,0.7157952197016533,4.402939999999944,1.4605497727273111,289.9290570000012,131.0,38.0,5.0,23.0,4.6,0.0,0.0,0.45183467071394456,20.730829000000085,2.2302235153846244,264.65006500000163,79.0,34.0,3.0,21.0,7.0,0.0,0.0,0.29850738937093974,18.736226000000897,3.392949551282072,281.9575049999985,97.0,37.0,6.0,29.0,4.833333333333333,0.0,0.0,0.3440234726151394,18.005064999997558,2.9370573437499843,576.5044019999987,204.0,47.0,7.0,32.0,4.571428571428571,3.0,8.0,0.3538567950084802,37.749519999997574,2.8399231625615697,129.13871300000028,58.0,24.0,7.0,16.0,2.2857142857142856,0.0,0.0,0.44912945663319315,8.225686999998288,2.265591456140356,,,,,,,,,,,,,,,,,,,,,,,,,,,,,,,,,,,,,,,,,,,,,,,,,,,,,,,,,,,,,,,,,,,,,,,,,,,,,,,,,,,,,,,,,,,,,,,,,,,,3091.581548999995,1210.0,411.0,24.0,315.0,13.125,4.0,22.0,0.3913854384308211,29.2298740000042,2.557139411910666,2540.6430180000025,1017.0,333.0,14.0,238.0,17.0,3.0,10.0,0.4002923640963081,37.749519999997574,2.5006328917322858,,,,,,,,,,,,9,younger adult (ESL),,,
45,16,144.23687000000064,84.0,38.0,13.0,36.0,2.769230769230769,0.0,0.0,0.5823753662985035,15.353967999995803,1.737793614457839,186.8350750000027,53.0,14.0,7.0,11.0,1.5714285714285714,4.0,8.0,0.283672645513693,18.017687999999907,3.592982211538513,147.5669110000017,46.0,17.0,2.0,10.0,5.0,0.0,0.0,0.31172299866058367,17.35126499999751,3.2792646888889267,651.1952979999987,206.0,74.0,19.0,49.0,2.5789473684210527,0.0,0.0,0.31634135048684026,23.236595000002126,3.1765624292682864,60.58855500000209,54.0,23.0,9.0,21.0,2.3333333333333335,0.0,0.0,0.8912574330250679,5.255398000001151,1.1431802830189073,199.8295599999983,121.0,57.0,11.0,51.0,4.636363636363637,0.0,0.0,0.6055160207528907,10.388244000001578,1.6652463333333192,253.57409400000324,127.0,50.0,17.0,46.0,2.7058823529411766,0.0,12.0,0.5008398058202207,12.100795999998809,2.0124928095238355,55.996158999994805,46.0,19.0,10.0,15.0,1.5,0.0,1.0,0.8214849164922949,4.483900999999605,1.2443590888887734,106.46945799999958,60.0,22.0,5.0,19.0,3.8,0.0,0.0,0.5635418938640623,14.00376099999994,1.8045670847457556,39.07426200000191,26.0,6.0,5.0,5.0,1.0,0.0,0.0,0.6653996433764694,4.216171000000031,1.5629704800000763,227.833461000002,104.0,32.0,5.0,23.0,4.6,0.0,0.0,0.45647377493861224,13.37185799999861,2.2119753495145824,521.9466939999984,173.0,56.0,6.0,37.0,6.166666666666667,0.0,10.0,0.3314514719390109,46.035578000002715,3.034573802325572,266.6691859999992,128.0,58.0,11.0,46.0,4.181818181818182,0.0,0.0,0.4799954652428436,11.687760000000708,2.0997573700787338,220.69185599999764,104.0,25.0,5.0,13.0,2.6,0.0,6.0,0.47124530050624575,14.833385999998427,2.142639378640754,129.06869700000243,48.0,19.0,7.0,13.0,1.8571428571428572,0.0,0.0,0.3718949762078957,18.010626000002958,2.7461424893617536,161.95241600000008,53.0,20.0,5.0,10.0,2.0,0.0,0.0,0.3272566183884529,11.5805210000035,3.11446953846154,,,,,,,,,,,,,,,,,,,,,,,,,,,,,,,,,,,,,,,,,,,,,,,,,,,,,,,,,,,,,,,,,,,,,,,,,,,,,,,,,,,,,,,,,2327.985992999995,914.0,359.0,29.0,298.0,10.275862068965518,4.0,21.0,0.392614046110372,35.33764599999995,2.549820364731648,2891.6447899999985,974.0,321.0,16.0,223.0,13.9375,0.0,16.0,0.33683251946031745,46.035578000002715,2.9718857040082205,,,,,,,,,,,,9,younger adult (ESL),30.0,,
46,16,267.37081000000035,140.0,69.0,19.0,52.0,2.736842105263158,0.0,0.0,0.5236173687022896,14.276279999998224,1.923531007194247,189.65469999999914,18.0,5.0,1.0,0.0,0.0,4.0,1.0,0.09490932731959757,91.28603999999905,11.156158823529362,254.73329999999987,66.0,30.0,2.0,12.0,6.0,0.0,0.0,0.25909451178938925,72.06633000000147,3.918973846153844,526.9401699999944,95.0,26.0,7.0,12.0,1.7142857142857142,0.0,0.0,0.18028612242638667,82.03214999999909,5.605746489361643,63.25941999999486,46.0,24.0,9.0,22.0,2.4444444444444446,0.0,0.0,0.7271644286337708,6.521600000000035,1.4057648888887746,96.80457999999635,36.0,15.0,6.0,11.0,1.8333333333333333,0.0,0.0,0.37188323114465616,39.738060000003316,2.7658451428570388,353.1009800000029,136.0,45.0,5.0,20.0,4.0,0.0,7.0,0.3851589423512755,24.197849999996834,2.615562814814836,60.5561200000011,24.0,10.0,6.0,8.0,1.3333333333333333,0.0,0.0,0.3963265810292926,32.420359999996435,2.6328747826087437,76.95228999999381,31.0,13.0,4.0,6.0,1.5,0.0,0.0,0.4028470107907444,12.36308999999892,2.565076333333127,45.667600000000675,14.0,6.0,4.0,4.0,1.0,0.0,0.0,0.3065630775429362,19.104980000003707,3.5128923076923595,491.0098799999978,136.0,55.0,6.0,22.0,3.6666666666666665,0.0,0.0,0.2769801699305941,32.7589300000036,3.637110222222206,193.08693000000494,31.0,13.0,3.0,8.0,2.6666666666666665,0.0,0.0,0.16054944785749717,47.54780999999639,6.436231000000165,220.86763999999675,131.0,63.0,6.0,40.0,6.666666666666667,0.0,1.0,0.5931154061319346,11.065490000000864,1.698981846153821,343.65315000000555,87.0,29.0,5.0,10.0,2.0,4.0,3.0,0.25316223640027335,29.44988999999623,3.995966860465181,85.60437999999704,27.0,9.0,6.0,6.0,1.0,0.0,0.0,0.3154044220634614,20.723839999998745,3.2924761538460396,190.1371199999994,49.0,20.0,4.0,10.0,2.5,0.0,1.0,0.25770875250450914,29.761689999999362,3.9611899999999878,,,,,,,,,,,,,,,,,,,,,,,,,,,,,,,,,,,,,,,,,,,,,,,,,,,,,,,,,,,,,,,,,,,,,,,,,,,,,,,,,,,,,,,,,2336.883700000006,2091.0,276.0,21.0,186.0,8.857142857142858,4.0,8.0,0.8947813705919532,91.28603999999905,1.1181261722488065,2045.6123699999953,1385.0,251.0,16.0,146.0,9.125,4.0,5.0,0.677058870151437,47.54780999999639,1.4780436199421931,,,,,,,,,,,,8,younger adult,,,
47,24,422.38151500000095,241.0,90.0,20.0,75.0,3.75,0.0,0.0,0.5705742117999635,13.001267999999982,1.7599229791666706,262.71110199999384,97.0,29.0,4.0,16.0,4.0,4.0,2.0,0.3692268779718425,17.302017000001797,2.7365739791666024,506.3275500000018,207.0,73.0,3.0,42.0,14.0,0.0,0.0,0.40882626276211764,17.231855999998515,2.4579007281553484,528.3488700000016,198.0,63.0,7.0,26.0,3.7142857142857144,0.0,0.0,0.3747523866190901,19.357861999997112,2.6819739593908714,78.26733400000376,74.0,28.0,15.0,26.0,1.7333333333333334,0.0,0.0,0.9454774580669433,7.152750000001106,1.072155260274024,204.17215700000088,65.0,27.0,6.0,20.0,3.3333333333333335,0.0,0.0,0.3183587858162253,28.390246999995725,3.1901899531250137,511.07930900000065,225.0,68.0,8.0,45.0,5.625,2.0,14.0,0.44024478400474576,23.112090000002354,2.2816040580357173,188.6862589999946,59.0,22.0,6.0,13.0,2.1666666666666665,0.0,1.0,0.3126883765287947,14.37023500000214,3.2532113620688725,119.13917899999797,71.0,30.0,8.0,21.0,2.625,0.0,2.0,0.5959416591245875,16.406518000003416,1.7019882714285424,50.777405000000726,48.0,16.0,7.0,11.0,1.5714285714285714,0.0,0.0,0.9453023446156674,4.914631999999983,1.0803703191489515,254.85304599999654,203.0,47.0,6.0,35.0,5.833333333333333,0.0,0.0,0.7965374681062386,5.752844000002369,1.2616487425742402,205.89405599999736,78.0,30.0,3.0,22.0,7.333333333333333,0.0,0.0,0.3788356085422932,16.467908999999054,2.673948779220745,213.6646099999998,111.0,46.0,7.0,36.0,5.142857142857143,0.0,0.0,0.5195057805782628,11.365407999997842,1.9424055454545437,373.38713400000415,213.0,67.0,7.0,42.0,6.0,7.0,10.0,0.5704535068420371,14.697355000003881,1.7612600660377555,245.7665879999986,100.0,33.0,6.0,17.0,2.8333333333333335,0.0,0.0,0.40689013430906473,9.897664999996778,2.4824907878787736,89.41178699999728,55.0,21.0,8.0,18.0,2.25,0.0,0.0,0.6151314255692225,11.426666000006662,1.655773833333283,379.887662000001,117.0,42.0,3.0,17.0,5.666666666666667,0.0,0.0,0.30798578554520073,17.929749999995693,3.274893637931043,345.3841450000036,217.0,83.0,17.0,64.0,3.764705882352941,0.0,9.0,0.6282859336232638,16.68311299999914,1.5990006712963132,68.73958299999504,43.0,19.0,10.0,17.0,1.7,0.0,0.0,0.6255493286888736,16.68311299999914,1.63665673809512,654.4523190000036,364.0,129.0,18.0,95.0,5.277777777777778,4.0,12.0,0.5561902516537618,16.68311299999914,1.8028989504132331,438.69693100000586,226.0,72.0,9.0,46.0,5.111111111111111,4.0,8.0,0.5151620265152869,15.639040000001842,1.9497641377778039,391.20110900000145,191.0,62.0,9.0,37.0,4.111111111111111,4.0,4.0,0.4882399246981667,15.639040000001842,2.0589532052631654,171.873520000001,106.0,37.0,7.0,21.0,3.0,0.0,2.0,0.6167325833554778,8.828130000001693,1.6368906666666763,198.99766900000395,145.0,58.0,17.0,50.0,2.9411764705882355,0.0,5.0,0.7286517511921062,16.68311299999914,1.381928256944472,3121.117151999999,1458.0,505.0,23.0,362.0,15.73913043478261,6.0,17.0,0.4671404272876203,28.390246999995725,2.1421531585449545,1929.2806459999993,1169.0,385.0,16.0,288.0,18.0,7.0,12.0,0.6059253237333313,16.467908999999054,1.6517813749999994,1065.916723000002,487.0,172.0,18.0,114.0,6.333333333333333,4.0,12.0,0.45688372223802615,17.929749999995693,2.193244286008235,5,old-old,13.0,15.0,2.0
48,3,,,,,,,,,,,,,,,,,,,,,,,,,,,,,,,,,,,,,,,,,,,,,,,,,,,,,,,,,,,,,,,,,,,,,,,,,,,,,,,,,,,,,,,,,,,,,,,,,,,,,,,,,,,,,,,,,,,,,,,,,,750.6927199999991,245.0,107.0,9.0,79.0,8.777777777777779,0.0,0.0,0.3263652270399003,41.84903999999369,3.0766095081967175,353.1689200000037,155.0,68.0,9.0,49.0,5.444444444444445,0.0,0.0,0.43888346686905055,20.146809999998368,2.2933046753246993,,,,,,,,,,,,,,,,,,,,,,,205.7540999999983,83.0,38.0,8.0,24.0,3.0,0.0,2.0,0.40339414864637296,22.225420000002487,2.5091963414633938,,,,,,,,,,,,,,,,,,,,,,,,,,,,,,,,,,,,,,,,,,,,,,,,,,,,,,,,,,,,,,,,,,,,,,,,,,,,,,,,,,,,,,,,,,,,,,,,,,,,1368.7493399999948,506.0,221.0,18.0,161.0,8.944444444444445,0.0,2.0,0.36968054355372465,41.84903999999369,2.710394732673257,,,,,,,,,,,,3,middle-aged,,,
50,24,114.63560000000143,98.0,46.0,17.0,44.0,2.588235294117647,0.0,0.0,0.8548827763801016,13.295270000002347,1.1818103092783652,174.01300999999512,38.0,12.0,2.0,8.0,4.0,4.0,2.0,0.21837447671298293,28.067040000001725,4.703054324324192,174.77494999999908,60.0,26.0,4.0,18.0,4.5,0.0,0.0,0.34329862488875157,28.298610000005283,2.9622872881355775,409.0115300000034,96.0,36.0,7.0,24.0,3.4285714285714284,0.0,0.0,0.23471220970225265,71.42595000000438,4.305384526315826,59.96109000000433,60.0,27.0,9.0,23.0,2.5555555555555554,0.0,0.0,1.0006489208250828,8.324930000002496,1.0162896610170227,108.4811899999986,89.0,44.0,9.0,43.0,4.777777777777778,0.0,0.0,0.8204187288137339,4.428299999999581,1.2327407954545295,244.39100999999937,126.0,47.0,8.0,35.0,4.375,0.0,10.0,0.5155672461110592,11.379910000003292,1.955128079999995,72.0313199999946,24.0,9.0,5.0,8.0,1.6,0.0,2.0,0.33318839638093267,43.81519000000117,3.1317965217388952,78.43394999999873,45.0,21.0,5.0,16.0,3.2,0.0,0.0,0.5737311457602318,8.850589999994554,1.782589772727244,30.19952000000194,18.0,8.0,5.0,6.0,1.2,0.0,0.0,0.596035963485474,11.403980000002775,1.7764423529412905,60.05315999999584,35.0,11.0,5.0,8.0,1.6,0.0,0.0,0.5828169575090207,9.438289999998233,1.7662694117645836,234.88476000000082,57.0,20.0,2.0,8.0,4.0,0.0,0.0,0.24267219380261112,14.427449999995588,4.194370714285729,167.73636999999871,39.0,11.0,6.0,8.0,1.3333333333333333,0.0,1.0,0.23250771433768538,34.44020000000455,4.414114999999966,422.20617000000493,159.0,45.0,6.0,30.0,5.0,4.0,2.0,0.3765932648497253,21.794050000004063,2.6721909493671197,70.61369999999442,27.0,13.0,8.0,9.0,1.125,0.0,0.0,0.3823620628858441,11.286379999997735,2.715911538461324,145.87892999999895,43.0,18.0,5.0,13.0,2.6,0.0,0.0,0.2947649807960636,28.169119999998657,3.473307857142832,744.0752600000051,552.0,248.0,37.0,232.0,6.27027027027027,3.0,8.0,0.7418604403000797,14.626069999998435,1.350408820326688,905.4144299999971,672.0,300.0,37.0,278.0,7.513513513513513,3.0,10.0,0.7422015573575541,14.626069999998435,1.3493508643815157,704.3533800000005,501.0,225.0,34.0,209.0,6.147058823529412,3.0,7.0,0.7112906876375032,14.626069999998435,1.408706760000001,706.2956300000005,566.0,256.0,37.0,243.0,6.5675675675675675,3.0,8.0,0.8013641539874734,14.626069999998435,1.2500807610619478,834.2598700000017,640.0,289.0,37.0,272.0,7.351351351351352,3.0,12.0,0.7671470521529445,14.626069999998435,1.3055710015649478,741.3183900000004,505.0,220.0,34.0,201.0,5.911764705882353,3.0,9.0,0.6812187675527647,14.626069999998435,1.4708698214285723,879.647140000001,658.0,293.0,37.0,274.0,7.405405405405405,3.0,10.0,0.748027214639724,14.626069999998435,1.3388845357686467,697.6174899999969,607.0,274.0,37.0,263.0,7.108108108108108,3.0,12.0,0.87010433181657,14.626069999998435,1.1511839768976846,1778.6381299999994,762.0,324.0,20.0,276.0,13.8,4.0,14.0,0.42841766807281945,71.42595000000438,2.3372380157687247,1597.0223199999964,571.0,212.0,16.0,162.0,10.125,4.0,5.0,0.3575404005624676,34.44020000000455,2.8017935438596426,953.5118699999948,728.0,325.0,37.0,302.0,8.162162162162161,3.0,14.0,0.7634933794793808,14.626069999998435,1.3115706602475856,8,younger adult,9.0,,
51,24,134.13391899999988,111.0,43.0,10.0,42.0,4.2,0.0,0.0,0.8275311780012936,13.54595100000006,1.2193992636363624,143.26692200000252,65.0,21.0,5.0,12.0,2.4,4.0,2.0,0.4536985864748239,11.45595200000389,2.2385456562500394,183.1754409999994,61.0,21.0,3.0,11.0,3.6666666666666665,0.0,0.0,0.3330140747416036,31.23988900000404,3.052924016666657,408.85684200000105,148.0,48.0,6.0,31.0,5.166666666666667,0.0,0.0,0.36198489250181026,24.022329999999783,2.781339061224497,50.650025999995705,71.0,28.0,10.0,27.0,2.7,0.0,0.0,1.4017761807270548,4.667573999999149,0.7235717999999386,79.68384199999855,60.0,28.0,6.0,26.0,4.333333333333333,0.0,0.0,0.7529757413052585,8.113815999997314,1.3505735932203145,260.92796200000157,120.0,35.0,8.0,23.0,2.875,2.0,6.0,0.4598970500524558,11.440521999997145,2.1926719495798452,64.05875299999752,43.0,20.0,9.0,17.0,1.8888888888888888,0.0,1.0,0.671258773957115,7.481981999997515,1.5252084047618457,69.40777999999409,45.0,16.0,5.0,12.0,2.4,0.0,0.0,0.6483423039896079,7.085175000000163,1.577449545454411,34.269203999996535,31.0,7.0,4.0,5.0,1.25,0.0,0.0,0.9046022778936778,4.919094999997469,1.1423067999998844,148.6387820000018,100.0,25.0,6.0,16.0,2.6666666666666665,0.0,0.0,0.6727719283921392,6.349707000001217,1.5014018383838568,208.90216399999917,76.0,23.0,2.0,13.0,6.5,0.0,0.0,0.363806666933332,15.346355000001495,2.7853621866666556,184.72300199999881,71.0,27.0,8.0,12.0,1.5,0.0,0.0,0.38435927973929557,18.80623000000196,2.6389000285714115,367.9468579999957,212.0,54.0,7.0,34.0,4.857142857142857,5.0,8.0,0.5761701598767355,10.170651000000362,1.7438239715639607,61.543394999993325,48.0,19.0,8.0,16.0,2.0,0.0,0.0,0.779937473387765,5.786276999999245,1.3094339361700706,154.96776899999531,49.0,19.0,5.0,12.0,2.4,0.0,0.0,0.31619478241311894,12.343022000000929,3.2284951874999024,131.29680800000642,39.0,15.0,2.0,4.0,2.0,0.0,0.0,0.2970369241573496,12.791349999999511,3.455179157894906,203.87488799999846,93.0,32.0,7.0,22.0,3.142857142857143,0.0,6.0,0.45616211448268557,20.61802400000306,2.2160313913043312,137.7704550000053,102.0,42.0,14.0,35.0,2.5,2.0,2.0,0.7403619302846614,10.962251000004471,1.3640639108911417,409.32092099999863,226.0,88.0,14.0,71.0,5.071428571428571,2.0,10.0,0.5521340063631899,20.61802400000306,1.8192040933333273,193.83243100000254,85.0,31.0,7.0,22.0,3.142857142857143,0.0,5.0,0.43852310762175234,20.61802400000306,2.307528940476221,92.14294800000062,43.0,15.0,4.0,11.0,2.75,2.0,2.0,0.4666662065120785,10.962251000004471,2.193879714285729,393.3659289999996,211.0,79.0,12.0,62.0,5.166666666666667,2.0,10.0,0.5363962266289722,20.61802400000306,1.8731710904761885,3.128870000000461,4.0,4.0,4.0,3.0,0.75,0.0,0.0,1.2784168086240115,1.3911779999980354,1.0429566666668204,1778.6142059999984,869.0,300.0,20.0,237.0,11.85,6.0,9.0,0.4885826263326274,31.356292999997095,2.04909470737327,1447.954850999995,767.0,226.0,17.0,157.0,9.235294117647058,5.0,8.0,0.5297126491687846,18.80623000000196,1.8902804843341972,557.9780210000026,277.0,109.0,18.0,81.0,4.5,2.0,10.0,0.4964353246451596,20.61802400000306,2.021659496376821,3,middle-aged,9.0,11.0,4.0
52,22,226.43239699999685,183.0,84.0,25.0,73.0,2.92,0.0,0.0,0.8081882381875,6.64767999999458,1.2441340494505322,166.08318699999654,55.0,21.0,3.0,11.0,3.6666666666666665,4.0,2.0,0.3311593484775864,16.63422900000296,3.07561457407401,157.0170599999983,87.0,32.0,11.0,27.0,2.4545454545454546,0.0,0.0,0.5540799197233787,16.1391999999978,1.825442081395395,155.0025769999993,88.0,37.0,13.0,33.0,2.5384615384615383,0.0,0.0,0.567732496473271,35.104512999998406,1.7816388160919459,49.98703099999693,69.0,30.0,11.0,26.0,2.3636363636363638,0.0,0.0,1.3803580372677913,3.446951000005356,0.7351033970587784,,,,,,,,,,,,343.04271799999697,194.0,65.0,13.0,48.0,3.6923076923076925,0.0,14.0,0.5655272355905299,11.574311999997008,1.7774234093264092,66.02222999999503,47.0,20.0,7.0,16.0,2.2857142857142856,0.0,2.0,0.7118814375098135,13.328724999999395,1.4352658695651095,155.97224699999788,130.0,61.0,17.0,57.0,3.3529411764705883,0.0,0.0,0.8334816129179813,7.8202000000019325,1.2090871860464951,33.6620000000039,27.0,9.0,7.0,8.0,1.1428571428571428,0.0,0.0,0.8020913790029371,6.632021000004897,1.2946923076924577,81.68858299999556,81.0,28.0,10.0,23.0,2.3,0.0,0.0,0.9915706335609273,4.233119999997143,1.0164216250000209,151.7017180000039,79.0,35.0,8.0,28.0,3.5,0.0,0.0,0.5207587695216344,17.982043000003614,1.9448938205128705,234.73353199999838,225.0,103.0,16.0,89.0,5.5625,0.0,2.0,0.9585336959868246,7.67891999999847,1.0479175535714214,358.1825899999967,379.0,160.0,35.0,149.0,4.257142857142857,0.0,14.0,1.0581195473515435,19.703599000000395,0.9468755291005273,154.0708999999988,59.0,22.0,8.0,17.0,2.125,0.0,0.0,0.3829405812518812,20.99380999999994,2.6563948275861864,128.3749119999993,98.0,46.0,15.0,39.0,2.6,0.0,0.0,0.7633890335208217,9.970212000000174,1.3234527010309207,261.2404850000021,109.0,51.0,10.0,32.0,3.2,0.0,0.0,0.4172400767055655,12.928199999994831,2.4172259259259454,199.9217789999966,105.0,38.0,6.0,29.0,4.833333333333333,1.0,8.0,0.5252054104620677,24.768918000001577,1.9223247980768905,302.18131999999605,150.0,63.0,13.0,48.0,3.6923076923076925,1.0,8.0,0.4963907100544864,24.768918000001577,2.0239891610738248,,,,,,,,,,,,132.06111599999713,70.0,26.0,6.0,20.0,3.3333333333333335,1.0,4.0,0.5300576136279321,24.768918000001577,1.9139292173912628,161.44258000000264,80.0,31.0,8.0,22.0,2.75,0.0,6.0,0.4955322195668497,12.283370000004652,2.04357696202535,251.95310400000017,147.0,59.0,11.0,45.0,4.090909090909091,1.0,10.0,0.5834419090943206,24.768918000001577,1.725706191780823,2.4205590000055963,6.0,5.0,5.0,4.0,0.8,0.0,0.0,2.4787662684471345,1.3079599999982747,0.48411180000111925,1845.8740869999965,1235.0,516.0,42.0,449.0,10.69047619047619,4.0,18.0,0.6690597201064681,35.104512999998406,1.495846099675848,1450.0200519999999,1191.0,513.0,40.0,461.0,11.525,0.0,16.0,0.8213679516757469,20.99380999999994,1.2185042453781512,595.0306740000015,288.0,120.0,16.0,85.0,5.3125,1.0,12.0,0.48400866137532816,24.768918000001577,2.0732776097561025,7,at risk,19.0,,
53,16,901.4787399999987,250.0,106.0,23.0,69.0,3.0,0.0,2.0,0.27732212520064575,45.265419999996084,3.6203965461847334,182.73502000000008,19.0,6.0,5.0,4.0,0.8,2.0,2.0,0.10397569114009998,99.32720300000074,10.15194555555556,157.03754800000024,23.0,10.0,2.0,2.0,1.0,0.0,0.0,0.1464617875974475,29.44192800000019,7.138070363636374,498.8509950000007,107.0,32.0,5.0,16.0,3.2,2.0,0.0,0.21449290684485825,65.99577300000237,4.706141462264157,107.342899999996,89.0,36.0,9.0,32.0,3.5555555555555554,0.0,2.0,0.8291186468783991,11.523187999999209,1.2161239772727144,214.18716999999742,49.0,19.0,6.0,13.0,2.1666666666666665,0.0,0.0,0.22877187275036404,48.0030740000002,4.462232708333279,451.460699999996,148.0,51.0,10.0,23.0,2.3,0.0,16.0,0.32782476968648944,40.341349999995145,3.0711612244897686,35.59002199999668,25.0,11.0,6.0,6.0,1.0,0.0,1.0,0.702444072667399,7.932506999997713,1.482917583333195,88.45389599999908,46.0,18.0,5.0,12.0,2.4,0.0,0.0,0.5200449282641036,20.06584599999769,1.9656421333333127,60.93026999999711,15.0,3.0,2.0,1.0,0.5,0.0,0.0,0.24618305482645508,16.396047999995062,4.352162142856936,235.991403,81.0,30.0,6.0,17.0,2.8333333333333335,0.0,0.0,0.3432328422573936,15.684146999999939,2.9468329499999526,417.0290209999948,71.0,26.0,7.0,15.0,2.142857142857143,0.0,0.0,0.17025194033199162,72.41607199999999,5.957557442857069,276.9392200000002,99.0,43.0,9.0,18.0,2.0,0.0,0.0,0.35747916095091165,21.490709999998217,2.8234260204081525,644.4779200000048,189.0,64.0,7.0,32.0,4.571428571428571,4.0,20.0,0.29326062869616787,73.90516299999581,3.428074042553217,187.20192099999986,39.0,16.0,8.0,10.0,1.25,0.0,0.0,0.208331195490243,33.40327000000252,4.9263663421052595,198.98978499999794,58.0,23.0,4.0,12.0,3.0,0.0,0.0,0.29147224818600914,30.004581000001053,3.4910488596490867,,,,,,,,,,,,,,,,,,,,,,,,,,,,,,,,,,,,,,,,,,,,,,,,,,,,,,,,,,,,,,,,,,,,,,,,,,,,,,,,,,,,,,,,,3183.0946419999964,938.0,367.0,29.0,255.0,8.793103448275861,4.0,24.0,0.2946817815667075,99.32720300000074,3.397112744930626,2328.464276999999,662.0,252.0,17.0,148.0,8.705882352941176,4.0,20.0,0.28430756122783335,73.90516299999581,3.5226388456883497,,,,,,,,,,,,4,young-old,17.0,,
54,19,203.03685499999847,104.0,46.0,16.0,43.0,2.6875,0.0,0.0,0.5122222760985969,11.917952000003424,1.9712316019417326,180.9363020000019,12.0,0.0,0.0,0.0,0.0,2.0,2.0,0.0663216826438725,67.98048700000072,16.4487547272729,153.99292500000593,30.0,14.0,2.0,1.0,0.5,0.0,0.0,0.19481414487060913,20.022107999997388,5.31010086206917,646.0475399999996,193.0,57.0,12.0,28.0,2.3333333333333335,0.0,4.0,0.2987396252603951,35.99869300000137,3.3648309374999976,129.02503799999977,97.0,41.0,15.0,36.0,2.4,0.0,0.0,0.7517920669010009,9.972850999998627,1.3440108124999977,135.03886000000057,56.0,26.0,6.0,19.0,3.1666666666666665,0.0,0.0,0.4146954439633137,23.907539999992878,2.454076818181784,315.04915600000095,95.0,29.0,6.0,16.0,2.6666666666666665,0.0,6.0,0.3015402459925959,21.045215999998618,3.3515867659574567,54.98792200000025,15.0,8.0,4.0,5.0,1.25,0.0,0.0,0.2727871767912948,25.01107300000149,3.9277087142857323,50.94164599999931,21.0,9.0,5.0,7.0,1.4,0.0,0.0,0.41223638513761973,13.96578999999474,2.5470822999999654,29.952493999997387,26.0,9.0,5.0,7.0,1.4,0.0,0.0,0.8680412389032536,5.022361000003002,1.1980997599998955,78.94190899999376,33.0,10.0,4.0,8.0,2.0,0.0,0.0,0.4180289078137521,10.062103000003844,2.466934656249805,233.01314000000275,43.0,12.0,1.0,0.0,0.0,0.0,0.0,0.1845389491768554,19.055736999995133,5.54793190476197,124.94145900000149,44.0,19.0,5.0,13.0,2.6,0.0,1.0,0.3521649286967225,16.012660000000324,2.90561532558143,835.0009079999945,296.0,64.0,6.0,20.0,3.3333333333333335,1.0,14.0,0.3544906324820451,34.03720600000088,2.8305067694915156,,,,,,,,,,,,120.97578700000304,39.0,15.0,6.0,8.0,1.3333333333333333,0.0,0.0,0.32237855993446873,21.947879999999714,3.183573342105343,312.9978590000028,51.0,21.0,6.0,9.0,1.5,0.0,0.0,0.1629404116786612,83.98976400000538,6.259957180000056,,,,,,,,,,,,,,,,,,,,,,,,,,,,,,,,,,,,,,,,,,,,,283.98937899999873,101.0,33.0,9.0,23.0,2.5555555555555554,0.0,13.0,0.35564710326719806,24.03419700000086,2.839893789999987,32.97174399999494,28.0,11.0,7.0,10.0,1.4285714285714286,0.0,1.0,0.8492119798092662,11.068932999995013,1.2211757037035165,1.024836000004143,2.0,2.0,2.0,1.0,0.5,0.0,0.0,1.951531757268397,1.024836000004143,1.024836000004143,2353.0304229999965,773.0,284.0,29.0,205.0,7.068965517241379,2.0,12.0,0.328512539593289,67.98048700000072,3.04796686917098,1795.9647039999982,668.0,212.0,26.0,134.0,5.153846153846154,1.0,15.0,0.3719449488691069,34.03720600000088,2.6926007556221863,735.0266540000011,190.0,70.0,16.0,45.0,2.8125,0.0,16.0,0.2584940273472038,83.98976400000538,3.8890299153439214,2,MCI,19.0,20.0,3.0
55,11,,,,,,,,,,,,188.57786000000488,36.0,9.0,2.0,5.0,2.5,6.0,2.0,0.19090257997412352,28.349750000001222,5.387938857142997,246.98761000000377,51.0,21.0,2.0,14.0,7.0,0.0,0.0,0.20648809063741788,31.677090000004682,4.9397522000000755,606.7374299999938,205.0,80.0,22.0,61.0,2.772727272727273,0.0,0.0,0.3378726774776399,40.48407999999472,2.9742030882352637,46.34281999999803,33.0,16.0,8.0,15.0,1.875,0.0,0.0,0.7120844178235465,4.9049099999974715,1.4482131249999384,,,,,,,,,,,,,,,,,,,,,,,47.40392000000429,21.0,10.0,5.0,9.0,1.8,0.0,1.0,0.44300133828590754,26.586739999998827,2.3701960000002145,42.49519000000146,22.0,12.0,5.0,9.0,1.8,0.0,0.0,0.5177056509218866,5.9622700000036275,2.0235804761905456,35.10368000000017,23.0,6.0,4.0,5.0,1.25,0.0,0.0,0.6552019617316444,5.856130000000121,1.5956218181818258,358.6773600000015,157.0,40.0,6.0,34.0,5.666666666666667,0.0,0.0,0.4377192917891426,13.512770000001183,2.299213846153856,,,,,,,,,,,,276.3064299999969,138.0,47.0,6.0,34.0,5.666666666666667,0.0,1.0,0.49944548883643985,9.307539999994333,2.01683525547443,,,,,,,,,,,,91.226840000003,39.0,14.0,7.0,9.0,1.2857142857142858,0.0,0.0,0.4275057647507983,7.590839999997115,2.4007063157895523,195.02528999999777,83.0,25.0,5.0,11.0,2.2,0.0,0.0,0.42558583043256054,17.56977000000188,2.378357195121924,,,,,,,,,,,,,,,,,,,,,,,,,,,,,,,,,,,,,,,,,,,,,,,,,,,,,,,,,,,,,,,,,,,,,,,,,,,,,,,,,,,,,,,,,1827.8299400000033,532.0,213.0,28.0,153.0,5.464285714285714,6.0,3.0,0.2910555234695406,40.48407999999472,3.442240941619592,1290.4809900000037,574.0,179.0,15.0,129.0,8.6,0.0,1.0,0.44479539369270243,18.030079999996815,2.252148324607336,,,,,,,,,,,,6,other medical,9.0,,
56,23,260.3142450000014,138.0,54.0,23.0,50.0,2.1739130434782608,0.0,0.0,0.5301284991145961,31.472383000000264,1.9001039781022,247.9059699999998,47.0,9.0,2.0,1.0,0.5,6.0,2.0,0.18958801193855895,27.652436000003945,5.3892602173913,122.7134040000019,30.0,14.0,2.0,4.0,2.0,0.0,0.0,0.24447207087499206,38.91996400000062,4.231496689655238,455.4320799999987,108.0,31.0,5.0,18.0,3.6,0.0,0.0,0.23713744539032103,52.584922000001825,4.25637457943924,57.35642400000506,53.0,24.0,11.0,22.0,2.0,0.0,0.0,0.9240464503155796,3.896437999996124,1.1030081538462513,137.54612300000008,27.0,11.0,4.0,9.0,2.25,0.0,0.0,0.19629779023288052,38.19946499999787,5.290235500000003,255.58316000000195,89.0,23.0,6.0,11.0,1.8333333333333333,0.0,10.0,0.34822325539757515,28.47142200000235,2.9043540909091132,76.35147999999754,35.0,15.0,6.0,10.0,1.6666666666666667,0.0,0.0,0.45840630725168824,17.603587999998126,2.2456317647058097,59.264876000001095,28.0,10.0,5.0,5.0,1.0,0.0,0.0,0.4724552195131478,11.498884000000544,2.194995407407448,28.42440599999827,20.0,7.0,5.0,5.0,1.0,0.0,0.0,0.703620684281009,3.998868999995466,1.4960213684209616,127.36469599999691,73.0,28.0,7.0,26.0,3.7142857142857144,0.0,0.0,0.5731572585860195,10.64236799999344,1.7689541111110683,100.49499400000059,23.0,6.0,1.0,0.0,0.0,0.0,0.0,0.2288671214806965,20.67360799999733,4.5679542727273,134.89505500000087,48.0,17.0,6.0,9.0,1.5,0.0,1.0,0.35583216894051223,17.509257000005164,2.8701075531915077,333.4286869999996,106.0,17.0,5.0,5.0,1.0,4.0,14.0,0.31790905861678337,24.025287000004028,3.1755113047619012,46.289779999999155,24.0,10.0,6.0,8.0,1.3333333333333333,0.0,0.0,0.5184729761083426,14.342584999998508,2.012599130434746,218.81311699999787,56.0,19.0,5.0,5.0,1.0,0.0,0.0,0.2559261563830314,45.0622829999993,3.9784203090908705,281.2302140000029,44.0,13.0,2.0,8.0,4.0,0.0,0.0,0.15645545112019701,49.43155999999726,6.540237534883788,186.65113900000142,73.0,27.0,7.0,19.0,2.7142857142857144,0.0,6.0,0.3911039621354759,12.419570000005479,2.5923769305555755,195.98445500000525,88.0,32.0,11.0,24.0,2.1818181818181817,0.0,7.0,0.44901520378234916,12.419570000005479,2.2526948850575317,215.80114599999797,94.0,35.0,13.0,27.0,2.076923076923077,0.0,8.0,0.4355861947090906,12.419570000005479,2.320442430107505,,,,,,,,,,,,197.81038000000262,75.0,28.0,7.0,19.0,2.7142857142857144,0.0,6.0,0.37915098287561555,12.419570000005479,2.6731132432432787,120.77194999999483,49.0,21.0,6.0,14.0,2.3333333333333335,0.0,3.0,0.4057233488405387,18.59824299999309,2.516082291666559,5.503800000005867,10.0,6.0,6.0,5.0,0.8333333333333334,0.0,0.0,1.8169264871523927,1.8956709999984014,0.6115333333339853,2384.133576,732.0,249.0,24.0,182.0,7.583333333333333,6.0,12.0,0.30702977692555256,59.44482099999732,3.2614686402188786,1678.217816999997,520.0,164.0,14.0,91.0,6.5,4.0,15.0,0.3098525082575744,45.0622829999993,3.2335603410404565,554.250340000006,160.0,58.0,16.0,45.0,2.8125,0.0,10.0,0.28867821713920516,49.43155999999726,3.485851194968591,4,young-old,13.0,11.0,3.0
58,15,76.05694300000323,45.0,22.0,7.0,16.0,2.2857142857142856,0.0,0.0,0.5916619604340144,10.437778999999864,1.7285668863637098,256.06193200000416,49.0,15.0,5.0,9.0,1.8,6.0,2.0,0.19135995584068,35.79156800000055,5.33462358333342,230.32047500000044,62.0,25.0,2.0,16.0,8.0,0.0,0.0,0.26919013604847714,39.51831099999981,3.775745491803286,648.6979790000041,190.0,56.0,9.0,38.0,4.222222222222222,0.0,0.0,0.29289439176748044,18.283838999996078,3.432264439153461,97.55462100000295,79.0,27.0,10.0,25.0,2.5,0.0,0.0,0.809802746299405,6.156870999999228,1.2507002692308071,97.3410259999946,29.0,9.0,4.0,5.0,1.25,0.0,0.0,0.29792165946557425,15.190700999999535,3.4764652142855215,355.4675040000002,147.0,31.0,7.0,25.0,3.5714285714285716,0.0,16.0,0.41353991109128196,14.384143999996013,2.4347089315068504,54.05734600000142,34.0,12.0,9.0,11.0,1.2222222222222223,0.0,0.0,0.6289616956037596,14.301454000000376,1.6381013939394369,173.40565200000128,80.0,29.0,8.0,26.0,3.25,0.0,0.0,0.46134597735026195,12.260818000002473,2.1950082531645734,47.283363999995345,30.0,8.0,5.0,5.0,1.0,0.0,0.0,0.6344726233946246,3.8909179999973276,1.6304608275860464,188.77888099999836,74.0,17.0,4.0,9.0,2.25,0.0,0.0,0.3919930005306083,14.191483999995398,2.5860120684931283,186.5245070000019,54.0,21.0,2.0,8.0,4.0,0.0,0.0,0.2895061934140346,20.426675000002433,3.519330320754753,90.57218699999794,47.0,21.0,7.0,18.0,2.5714285714285716,0.0,1.0,0.5189230994278748,11.196497999997518,1.968960586956477,409.6365170000063,199.0,43.0,7.0,29.0,4.142857142857143,4.0,8.0,0.48579653361322994,19.983624000000418,2.06887129797983,137.3310380000039,65.0,21.0,7.0,14.0,2.0,0.0,0.0,0.4733088815654197,9.315355999999156,2.145797468750061,,,,,,,,,,,,,,,,,,,,,,,,,,,,,,,,,,,,,,,,,,,,,,,,,,,,,,,,,,,,,,,,,,,,,,,,,,,,,,,,,,,,,,,,,,,,,,,,,,,,2306.037089999998,822.0,248.0,16.0,194.0,12.125,6.0,18.0,0.3564556717515765,39.51831099999981,2.808814969549328,1641.7841620000036,687.0,194.0,15.0,139.0,9.266666666666667,4.0,9.0,0.41844720877505853,20.426675000002433,2.3932713731778477,,,,,,,,,,,,9,younger adult (ESL),,,
59,24,188.9281970000011,133.0,58.0,15.0,55.0,3.6666666666666665,0.0,0.0,0.703971149420323,10.051348000000871,1.4312742196969779,162.88868699999875,54.0,20.0,2.0,12.0,6.0,6.0,2.0,0.3315147355813631,17.062448000004224,3.073371452830165,325.65563100000145,102.0,36.0,3.0,18.0,6.0,0.0,0.0,0.31321429845013044,16.012038000000757,3.224313178217836,428.50466199999937,123.0,34.0,7.0,17.0,2.4285714285714284,0.0,0.0,0.28704471831394024,32.031897000000754,3.512333295081962,63.572227000004204,73.0,30.0,12.0,27.0,2.25,0.0,0.0,1.1483001846072685,6.085915000003297,0.8829475972222807,144.96162699999695,57.0,20.0,4.0,17.0,4.25,0.0,0.0,0.39320750725294495,14.778310000001511,2.5886004821428026,275.6691109999956,161.0,45.0,8.0,31.0,3.875,3.0,8.0,0.5840335154561533,11.327651999999944,1.7229319437499726,79.4297000000006,36.0,16.0,9.0,15.0,1.6666666666666667,0.0,0.0,0.45323097027937576,19.116457999996783,2.269420000000017,68.8516610000006,39.0,16.0,6.0,14.0,2.3333333333333335,0.0,0.0,0.5664351365466646,11.089311999996426,1.8118858157894895,45.04446000000462,36.0,16.0,6.0,10.0,1.6666666666666667,0.0,0.0,0.7992103801443353,4.814891000001808,1.2869845714287034,89.93985099999554,61.0,18.0,5.0,10.0,2.0,0.0,0.0,0.6782310546634441,7.063669000002847,1.4989975166665923,245.14328899999964,100.0,39.0,2.0,16.0,8.0,0.0,0.0,0.4079246893028352,12.574163999997836,2.476194838383835,176.91660799999954,55.0,19.0,7.0,12.0,1.7142857142857142,0.0,0.0,0.31088093210559486,18.348787999995693,3.276233481481473,536.9032880000013,298.0,77.0,6.0,50.0,8.333333333333334,5.0,14.0,0.555034783098589,24.052156000005198,1.807755178451183,61.96070999999938,44.0,15.0,7.0,10.0,1.4285714285714286,0.0,0.0,0.7101274339819611,6.449942999999621,1.4409467441860322,112.40113199999905,66.0,21.0,6.0,15.0,2.5,0.0,0.0,0.5871826984803014,8.832227000006242,1.72924818461537,117.42775000000256,28.0,9.0,2.0,4.0,2.0,0.0,0.0,0.23844449033554155,23.082820000003267,4.349175925926021,223.78899599999568,142.0,53.0,10.0,45.0,4.5,0.0,6.0,0.6345262838571506,9.50887800000055,1.5871559999999694,182.18175299999712,113.0,40.0,16.0,33.0,2.0625,0.0,4.0,0.6202597029571989,7.598930000000109,1.6266227946428313,221.99210999999923,151.0,57.0,16.0,49.0,3.0625,0.0,4.0,0.6802043550106377,9.50887800000055,1.4799473999999948,151.47253900000214,106.0,43.0,10.0,40.0,4.0,0.0,4.0,0.6997968126750586,9.50887800000055,1.44259560952383,153.6841579999964,81.0,25.0,7.0,18.0,2.5714285714285716,0.0,4.0,0.5270549746578428,7.598930000000109,1.9210519749999548,116.90011499999673,90.0,37.0,10.0,34.0,3.4,0.0,2.0,0.769888036466025,9.50887800000055,1.3134844382022104,3.912263999998686,5.0,5.0,5.0,4.0,0.8,0.0,0.0,1.2780323618246825,1.71583400000236,0.9780659999996715,2039.2805530000041,891.0,314.0,19.0,236.0,12.421052631578947,9.0,10.0,0.43691879407629414,32.031897000000754,2.2913264640449484,1678.9674599999998,881.0,277.0,15.0,183.0,12.2,5.0,14.0,0.5247272630286712,24.052156000005198,1.907917568181818,421.7439460000023,224.0,85.0,18.0,69.0,3.8333333333333335,0.0,8.0,0.5311279560133835,23.082820000003267,1.8912284573991136,8,younger adult,8.0,10.0,4.0
60,22,230.12137600000278,119.0,48.0,17.0,42.0,2.4705882352941178,0.0,0.0,0.5171184097213053,14.022070999999414,1.9501811525423964,165.37397999999666,20.0,6.0,2.0,3.0,1.5,4.0,2.0,0.12093800971592027,65.7796640000015,8.703893684210351,304.4388949999993,65.0,20.0,3.0,10.0,3.3333333333333335,0.0,0.0,0.21350754147232123,42.569664000002376,4.756857734374989,561.6447580000022,142.0,52.0,5.0,31.0,6.2,0.0,0.0,0.2528288530737065,32.66191400000389,3.983296156028384,76.42429499999707,63.0,26.0,10.0,24.0,2.4,0.0,0.0,0.824345190230442,11.232910999999149,1.2326499193547915,146.28925999999774,48.0,17.0,5.0,12.0,2.4,0.0,0.0,0.32811704700673683,24.699153000001388,3.1125374468084623,539.312536999998,171.0,56.0,8.0,30.0,3.75,3.0,8.0,0.31707032243532035,39.455463999998756,3.1724266882352823,200.23157699999865,74.0,33.0,6.0,22.0,3.6666666666666665,0.0,3.0,0.3695720780344276,19.078833999999915,2.7428983150684747,77.57447800000227,26.0,12.0,4.0,7.0,1.75,0.0,0.0,0.33516177833641675,12.14103900000191,3.102979120000091,27.922935000002326,14.0,4.0,2.0,2.0,1.0,0.0,0.0,0.5013799588044321,8.064579999998386,2.147918076923256,141.20006000000285,78.0,28.0,5.0,19.0,3.8,0.0,0.0,0.5524076972771713,8.24151599999459,1.83376701298705,349.0263339999947,51.0,15.0,2.0,6.0,3.0,0.0,0.0,0.1461207795283458,35.156136999998125,6.980526679999894,148.00761200000125,39.0,13.0,6.0,9.0,1.5,0.0,1.0,0.26349996106956763,37.23362199999974,3.89493715789477,328.20180699999764,176.0,34.0,8.0,23.0,2.875,6.0,12.0,0.5362554265278657,16.053026999994472,1.8754388971428437,88.08136400000512,40.0,14.0,7.0,10.0,1.4285714285714286,0.0,0.0,0.45412557416796673,20.808517999998003,2.2584965128206442,128.0475660000011,58.0,22.0,6.0,16.0,2.6666666666666665,0.0,0.0,0.4529566770523346,17.219332000000577,2.2464485263158087,777.1437900000019,311.0,106.0,20.0,75.0,3.75,3.0,10.0,0.4001833431622728,33.169174000002386,2.5069154516129095,183.7411010000069,86.0,31.0,9.0,21.0,2.3333333333333335,0.0,4.0,0.4680498785081122,19.721842999999353,2.161660011764787,44.14538600000378,37.0,18.0,10.0,17.0,1.7,0.0,0.0,0.838139686897218,6.974769000000379,1.2262607222223272,333.6486980000045,110.0,37.0,10.0,21.0,2.1,0.0,2.0,0.32968808408177425,33.169174000002386,3.06099722935784,,,,,,,,,,,,428.90867499999877,190.0,64.0,17.0,48.0,2.823529411764706,3.0,8.0,0.44298474494599704,19.65465199999744,2.2693580687830623,350.34756400000333,137.0,47.0,12.0,31.0,2.5833333333333335,0.0,3.0,0.39104025281591137,33.169174000002386,2.5760850294117894,,,,,,,,,,,,2692.386373000001,901.0,328.0,23.0,238.0,10.347826086956522,7.0,13.0,0.3346473630365531,65.7796640000015,2.991540414444446,1675.9912239999976,624.0,186.0,15.0,133.0,8.866666666666667,6.0,13.0,0.37231698535433433,37.23362199999974,2.6901945810593864,777.1437900000019,311.0,106.0,20.0,75.0,3.75,3.0,10.0,0.4001833431622728,33.169174000002386,2.5069154516129095,7,at risk,10.0,,
63,16,202.11335600000166,239.0,92.0,15.0,81.0,5.4,0.0,1.0,1.1825047326412117,5.575630999999703,0.849215781512612,211.8565890000027,126.0,53.0,6.0,35.0,5.833333333333333,0.0,0.0,0.5947419459302179,19.287273999994795,1.6948527120000216,145.10062300000573,13.0,6.0,3.0,4.0,1.3333333333333333,0.0,0.0,0.08959299919752575,108.63530499999615,12.09171858333381,691.0132070000036,398.0,144.0,19.0,96.0,5.052631578947368,0.0,4.0,0.5759658367860948,100.68032900000253,1.7405874231738125,41.05947300000116,61.0,22.0,8.0,20.0,2.5,0.0,1.0,1.4856498523494999,4.023717000003671,0.6843245500000193,136.97213699999702,59.0,20.0,12.0,15.0,1.25,0.0,2.0,0.43074453894226156,71.40533400000277,2.3615885689654657,541.428098999997,491.0,191.0,13.0,146.0,11.23076923076923,0.0,8.0,0.9068609496013665,22.654112000003806,1.1049553040816267,132.3684110000031,215.0,83.0,11.0,77.0,7.0,0.0,3.0,1.6242545965139292,8.0739889999968,0.6185439766355285,198.11121899999853,171.0,62.0,10.0,50.0,5.0,0.0,0.0,0.8631515209646016,14.597593000005872,1.1653601117646972,25.475020999998378,35.0,12.0,6.0,11.0,1.8333333333333333,0.0,0.0,1.373894843894426,8.137334999999439,0.749265323529364,103.49684899999556,120.0,44.0,7.0,33.0,4.714285714285714,0.0,0.0,1.1594555888363822,4.77888399999938,0.86972142016803,179.94850600000063,59.0,22.0,5.0,16.0,3.2,0.0,0.0,0.32787157454922017,36.03281699999934,3.102560448275873,193.70708600000216,149.0,62.0,8.0,40.0,5.0,0.0,3.0,0.7692026299956747,11.51057099999889,1.3088316621621767,273.6163460000025,218.0,88.0,6.0,63.0,10.5,0.0,0.0,0.7967360254127434,10.099671999996644,1.2609048202765094,111.27835899999627,52.0,22.0,7.0,17.0,2.4285714285714284,0.0,0.0,0.46729661065546213,25.879140000004554,2.181928607843064,170.84431300000142,80.0,31.0,5.0,16.0,3.2,0.0,0.0,0.4682625871192993,15.567089000003762,2.162586240506347,,,,,,,,,,,,,,,,,,,,,,,,,,,,,,,,,,,,,,,,,,,,,,,,,,,,,,,,,,,,,,,,,,,,,,,,,,,,,,,,,,,,,,,,,2525.2971460000044,1839.0,702.0,26.0,553.0,21.26923076923077,0.0,21.0,0.7282311322898857,108.63530499999615,1.3739375114254648,1434.3347579999972,956.0,369.0,16.0,273.0,17.0625,0.0,3.0,0.6665110739790089,59.64222200000222,1.5019212125654422,,,,,,,,,,,,6,other medical,20.0,,
67,23,245.27551500000118,149.0,69.0,22.0,62.0,2.8181818181818183,0.0,0.0,0.6074801229140189,8.086573000000499,1.657266993243251,160.94498400000157,46.0,17.0,2.0,4.0,2.0,4.0,2.0,0.28581195174122076,31.814102999996976,3.5765552000000347,178.66906700000254,46.0,21.0,2.0,10.0,5.0,0.0,0.0,0.25745922767929014,14.175083000001905,3.9704237111111675,385.0273520000046,85.0,27.0,10.0,25.0,2.5,0.0,0.0,0.22076353682010358,35.02933699999994,4.583658952381008,39.56337799999892,40.0,19.0,10.0,17.0,1.7,0.0,0.0,1.01103601416444,5.81946600000083,1.014445589743562,128.1857020000025,64.0,31.0,13.0,25.0,1.9230769230769231,0.0,0.0,0.4992756524436614,8.772024999998393,2.034693682539722,264.0852279999963,125.0,43.0,8.0,32.0,4.0,2.0,10.0,0.47333204112424554,30.338993000004848,2.1297195806451312,73.16841800000111,53.0,22.0,8.0,20.0,2.5,0.0,1.0,0.7243562379604708,21.95748900000035,1.4070849615384828,34.54459299999871,26.0,10.0,5.0,9.0,1.8,0.0,0.0,0.752650349650985,7.44600299999729,1.3817837199999485,35.49197899999854,21.0,6.0,4.0,4.0,1.0,0.0,0.0,0.5916829827945312,7.535251000001153,1.7745989499999268,81.62713000000076,36.0,15.0,7.0,11.0,1.5714285714285714,0.0,0.0,0.4410298389763264,8.672952000000805,2.332203714285736,111.1025890000019,40.0,14.0,2.0,8.0,4.0,0.0,0.0,0.36002761375794146,14.99419100000523,2.848784333333382,175.02629299999535,59.0,22.0,8.0,18.0,2.25,0.0,0.0,0.33709221048292193,29.960247999995772,3.0176947068964717,423.98931399999856,191.0,49.0,8.0,33.0,4.125,7.0,6.0,0.45048305156106044,18.61862100000144,2.23152270526315,38.20160600000236,27.0,11.0,6.0,9.0,1.5,0.0,0.0,0.7067765685033853,4.9272280000004685,1.469292538461629,263.6200289999979,65.0,27.0,5.0,14.0,2.8,0.0,0.0,0.24656700117425645,26.182635000004666,4.119062953124967,68.67231000000174,9.0,5.0,1.0,0.0,0.0,0.0,0.0,0.13105719029984242,36.66220500000054,8.584038750000218,220.0209959999993,98.0,43.0,16.0,32.0,2.0,0.0,5.0,0.4454120369494206,14.008594999999332,2.2682576907216423,11.2851970000047,12.0,6.0,4.0,5.0,1.25,0.0,0.0,1.0633398778944667,6.021910000003118,1.0259270000004272,223.29770999999892,99.0,43.0,16.0,33.0,2.0625,0.0,5.0,0.4433543004090838,14.008594999999332,2.2785480612244786,,,,,,,,,,,,80.48867500000051,28.0,8.0,2.0,4.0,2.0,0.0,3.0,0.34787502713890894,19.14649400000053,2.981062037037056,358.9055819999994,177.0,75.0,18.0,61.0,3.388888888888889,0.0,9.0,0.49316591570871776,19.14649400000053,2.0392362613636332,212.56919400000334,101.0,45.0,16.0,35.0,2.1875,0.0,5.0,0.47513940331353194,14.008594999999332,2.125691940000033,1988.0000560000044,784.0,317.0,23.0,252.0,10.956521739130435,6.0,13.0,0.39436618607419105,35.02933699999994,2.5389528173690987,1497.4093799999973,588.0,196.0,17.0,145.0,8.529411764705882,7.0,6.0,0.39267818664258736,29.960247999995772,2.5509529471890926,448.9591750000036,213.0,92.0,18.0,73.0,4.055555555555555,0.0,10.0,0.474430665104457,36.66220500000054,2.117731957547187,8,younger adult,15.0,12.0,4.0
69,16,191.35366000000067,113.0,53.0,14.0,50.0,3.5714285714285716,0.0,0.0,0.5905295984409161,9.20049999999901,1.7085148214285775,152.93368999999802,60.0,25.0,8.0,18.0,2.25,4.0,2.0,0.3923268967092913,17.1927199999991,2.5920964406779325,118.65248000000429,25.0,12.0,2.0,5.0,2.5,0.0,0.0,0.21069934652861108,45.839280000000144,4.943853333333512,386.09045000000333,129.0,49.0,8.0,26.0,3.25,0.0,0.0,0.334118598375067,20.04877999999735,3.016331640625026,62.629070000002685,59.0,26.0,9.0,24.0,2.6666666666666665,0.0,0.0,0.9420545443193946,6.320770000005723,1.0798115517241842,105.00351999999839,38.0,17.0,6.0,15.0,2.5,0.0,0.0,0.3618926298851751,50.91903000000457,2.8379329729729292,295.9426200000016,103.0,32.0,6.0,21.0,3.5,0.0,19.0,0.34804044108279986,32.366549999998824,2.9013982352941334,47.64353000000119,34.0,12.0,7.0,11.0,1.5714285714285714,0.0,1.0,0.7136330998143746,14.01415999999881,1.4437433333333693,71.7292199999938,30.0,11.0,4.0,9.0,2.25,0.0,0.0,0.41823959608096384,11.363330000000133,2.473421379310131,24.950620000003255,22.0,7.0,4.0,5.0,1.25,0.0,0.0,0.8817416160398872,3.7389799999946263,1.188124761904917,44.50901999999769,19.0,9.0,3.0,5.0,1.6666666666666667,0.0,0.0,0.4268797650453995,6.290739999996731,2.472723333333205,282.5153099999952,56.0,22.0,2.0,8.0,4.0,0.0,0.0,0.19821934605951425,22.708419999995385,5.136641999999913,95.7482600000003,29.0,11.0,6.0,6.0,1.0,0.0,0.0,0.3028775666523852,29.392089999993914,3.419580714285725,394.19902,134.0,37.0,6.0,15.0,2.5,3.0,4.0,0.3399298151476886,25.881930000003194,2.9639024060150376,62.34635999999591,17.0,6.0,5.0,5.0,1.0,0.0,0.0,0.27267028901127693,27.16189999999915,3.8966474999997445,89.257239999999,39.0,15.0,5.0,11.0,2.2,0.0,0.0,0.43693934520046146,12.014109999996435,2.348874736842079,,,,,,,,,,,,,,,,,,,,,,,,,,,,,,,,,,,,,,,,,,,,,,,,,,,,,,,,,,,,,,,,,,,,,,,,,,,,,,,,,,,,,,,,,1830.7067400000014,753.0,307.0,25.0,237.0,9.48,4.0,22.0,0.4113165607288906,50.91903000000457,2.4344504521276615,1460.7816199999943,454.0,157.0,14.0,95.0,6.785714285714286,3.0,4.0,0.3107925194184753,40.548249999999825,3.224683487858707,,,,,,,,,,,,8,younger adult,12.0,,
70,22,264.91982400000416,181.0,82.0,18.0,72.0,4.0,0.0,0.0,0.6832255784678355,11.923511000000872,1.471776800000023,180.7457910000012,51.0,19.0,2.0,12.0,6.0,4.0,2.0,0.2821642469118391,22.666971000006015,3.6149158200000238,208.81024099999922,64.0,29.0,4.0,16.0,4.0,0.0,0.0,0.3064983771557461,12.93407400000433,3.3144482698412574,490.0435209999996,195.0,81.0,6.0,59.0,9.833333333333334,0.0,0.0,0.39792384072760784,17.540218000001914,2.525997530927833,55.50502199999755,75.0,31.0,9.0,30.0,3.3333333333333335,0.0,0.0,1.3512290833792175,3.941396000001987,0.7500678648648318,161.009573000003,51.0,24.0,6.0,20.0,3.3333333333333335,0.0,0.0,0.31675135241802704,27.110647000001336,3.22019146000006,293.4192980000007,173.0,69.0,8.0,52.0,6.5,2.0,10.0,0.5895999383108046,14.30588600000192,1.7059261511627948,47.945738000002166,38.0,16.0,7.0,13.0,1.8571428571428572,0.0,1.0,0.7925626256915325,5.638878999998269,1.2958307567568152,48.92214799999783,26.0,13.0,6.0,9.0,1.5,0.0,0.0,0.5314566318715431,6.013764000002993,1.9568859199999133,28.72802899999806,26.0,8.0,4.0,6.0,1.5,0.0,0.0,0.9050394651161677,4.950655000000552,1.1491211599999225,197.6959730000017,140.0,45.0,6.0,34.0,5.666666666666667,0.0,0.0,0.7081580766442764,8.804750000002969,1.4222731870503718,183.58167699999467,41.0,18.0,2.0,9.0,4.5,0.0,0.0,0.2233338352171235,26.221763000001374,4.589541924999867,160.66597499999625,55.0,24.0,7.0,17.0,2.4285714285714284,0.0,1.0,0.34232512515485175,25.362143999998807,2.9752958333332638,412.54761999999755,214.0,63.0,6.0,49.0,8.166666666666666,5.0,14.0,0.5187279955705508,18.58675100000255,1.936843286384965,76.80637299999944,28.0,13.0,7.0,10.0,1.4285714285714286,0.0,0.0,0.36455308207302284,12.712894999996934,2.844680481481461,477.5345889999953,174.0,81.0,6.0,57.0,9.5,0.0,0.0,0.3643715115262608,34.80540699999983,2.760315543352574,659.4375250000012,207.0,90.0,6.0,68.0,11.333333333333334,2.0,6.0,0.3139038834649266,40.140141000003496,3.2011530339805883,73.20645599999989,38.0,20.0,13.0,16.0,1.2307692307692308,0.0,0.0,0.5190799019146625,11.921454999996058,1.9785528648648618,,,,,,,,,,,,350.63815199999954,86.0,42.0,14.0,30.0,2.142857142857143,0.0,2.0,0.24526709232713534,40.140141000003496,4.12515472941176,,,,,,,,,,,,222.8488670000006,90.0,37.0,6.0,27.0,4.5,2.0,3.0,0.40386115133356165,17.963809000000765,2.503919853932591,267.90149100000417,130.0,55.0,12.0,45.0,3.75,2.0,3.0,0.4852529917423938,17.963809000000765,2.076755744186079,4.32514199999423,13.0,7.0,7.0,6.0,0.8571428571428571,0.0,0.0,3.0056816631725254,1.0923779999939143,0.36042849999951915,2230.322742000004,1075.0,459.0,21.0,369.0,17.571428571428573,7.0,15.0,0.4819930226941111,27.110647000001336,2.076650597765367,1967.018038999995,870.0,337.0,16.0,252.0,15.75,5.0,15.0,0.44229385941081456,34.80540699999983,2.2635420471806618,725.3063709999988,258.0,114.0,15.0,90.0,6.0,2.0,6.0,0.35571175204801897,40.140141000003496,2.822203778210112,5,old-old,15.0,16.0,4.0
71,24,400.44475400000374,175.0,76.0,20.0,61.0,3.05,0.0,0.0,0.4370140905878826,16.690476999996463,2.3014066321839297,156.44146400000318,37.0,14.0,5.0,12.0,2.4,3.0,2.0,0.23651018760601247,41.659967999999935,4.34559622222231,167.55916799999977,50.0,22.0,3.0,12.0,4.0,0.0,0.0,0.2984020546103456,20.014725000000908,3.4195748571428526,473.4822659999991,98.0,32.0,3.0,19.0,6.333333333333333,0.0,0.0,0.20697712889631265,51.72175399999833,4.881260474226795,62.32040599999891,66.0,31.0,10.0,29.0,2.9,0.0,0.0,1.0590431647701581,3.816421999996237,0.9587754769230602,202.8215330000021,91.0,43.0,5.0,34.0,6.8,0.0,0.0,0.4486703095770362,11.108570000003965,2.253572588888912,459.612126,176.0,67.0,10.0,48.0,4.8,2.0,12.0,0.38293158522975956,19.863795000004757,2.6263550057142857,95.04845800000476,40.0,18.0,6.0,15.0,2.5,0.0,1.0,0.42083796877586377,29.07035000000178,2.4371399487180705,90.86461699999927,52.0,25.0,8.0,20.0,2.5,0.0,0.0,0.5722799667994024,13.356379000004381,1.781659156862731,47.18185999999696,30.0,12.0,7.0,10.0,1.4285714285714286,0.0,0.0,0.6358375867335865,9.860788999998476,1.6269606896550675,248.4227630000023,123.0,39.0,5.0,25.0,5.0,0.0,0.0,0.4951237097383015,15.979140000003099,2.036252155737724,414.6798770000023,101.0,39.0,5.0,24.0,4.8,0.0,0.0,0.2435613725235079,34.17725499999506,4.146798770000023,173.11384399999952,33.0,15.0,5.0,10.0,2.0,0.0,1.0,0.19062600215844142,98.75802900000417,5.409807624999985,454.1989390000017,162.0,41.0,8.0,23.0,2.875,4.0,6.0,0.3566719031899795,32.13402499999938,2.821111422360259,122.40651999999682,35.0,15.0,7.0,10.0,1.4285714285714286,0.0,0.0,0.2859324813743656,32.98146399999678,3.6001917647057886,183.05908199999976,46.0,21.0,5.0,17.0,3.4,0.0,0.0,0.25128499224092066,38.77639700000145,4.067979599999995,127.54743400000007,22.0,9.0,2.0,2.0,1.0,0.0,0.0,0.172484849832416,64.5094820000013,6.0736873333333365,327.0912199999948,109.0,44.0,9.0,31.0,3.4444444444444446,0.0,9.0,0.33324037251749444,30.628772000003664,3.0286224074073593,687.8984710000004,234.0,95.0,17.0,72.0,4.235294117647059,0.0,11.0,0.3401664778522234,64.5094820000013,2.9523539527897014,624.5520270000052,179.0,73.0,13.0,51.0,3.923076923076923,0.0,10.0,0.2866054263882783,64.5094820000013,3.508719252809018,150.22498700000142,70.0,30.0,9.0,24.0,2.6666666666666665,0.0,4.0,0.46596775541740826,12.480682000001252,2.1771737246377016,93.66475299999729,21.0,9.0,3.0,5.0,1.6666666666666667,0.0,2.0,0.22420386887691476,22.47924300000159,4.683237649999865,723.4141900000031,275.0,113.0,22.0,89.0,4.045454545454546,0.0,14.0,0.380141838246218,64.5094820000013,2.6401977737226394,182.73661600000196,71.0,31.0,12.0,24.0,2.0,0.0,4.0,0.38853734710726634,30.628772000003664,2.6105230857143136,2391.783666000003,903.0,375.0,21.0,292.0,13.904761904761905,5.0,15.0,0.3775425063882006,51.72175399999833,2.6516448625277196,1981.0886269999974,703.0,255.0,15.0,186.0,12.4,4.0,7.0,0.35485540142874233,98.75802900000417,2.8220635712250677,748.5299070000037,286.0,120.0,26.0,95.0,3.6538461538461537,0.0,14.0,0.382082261944944,64.5094820000013,2.6264207263158026,2,MCI,14.0,13.0,3.0
72,16,342.2194399999935,239.0,108.0,20.0,96.0,4.8,0.0,4.0,0.6983823011340459,13.206579999998212,1.4378968067226616,194.45158000000083,63.0,21.0,4.0,11.0,2.75,3.0,2.0,0.3239881105620213,21.924440000002505,3.136315806451626,257.20434000000387,94.0,43.0,5.0,27.0,5.4,0.0,0.0,0.36546817211559723,13.277900000000955,2.7656380645161707,714.3675300000032,210.0,78.0,11.0,56.0,5.090909090909091,0.0,1.0,0.2939663285087986,23.214500000001863,3.4180264593301586,57.653480000000854,63.0,27.0,9.0,25.0,2.7777777777777777,0.0,0.0,1.0927354255111585,5.352359999997134,0.9298948387096913,183.70200000000477,85.0,38.0,14.0,35.0,2.5,0.0,0.0,0.46270590412732465,31.68642999999429,2.1869285714286284,595.0498099999968,265.0,107.0,11.0,88.0,8.0,0.0,4.0,0.44534086986768623,14.409870000003139,2.253976553030291,177.7816199999943,81.0,30.0,8.0,25.0,3.125,0.0,3.0,0.45561515301752004,21.23023999999714,2.2222702499999287,90.47196999999869,54.0,23.0,6.0,19.0,3.1666666666666665,0.0,0.0,0.5968699476755152,11.001140000000305,1.7070183018867677,37.39639999999781,28.0,6.0,5.0,4.0,0.8,0.0,0.0,0.7487351723695768,5.540500000002794,1.3850518518517707,97.48068999999668,60.0,23.0,6.0,20.0,3.3333333333333335,0.0,0.0,0.6155065172394865,11.633490000000165,1.6522150847457064,230.23617999999988,100.0,39.0,9.0,33.0,3.6666666666666665,0.0,0.0,0.4343366016583495,15.51593000000139,2.3256179797979786,137.37341999999626,54.0,23.0,6.0,16.0,2.6666666666666665,0.0,1.0,0.39308914344566415,22.88521999999648,2.5919513207546463,491.6003400000045,216.0,62.0,4.0,40.0,10.0,2.0,10.0,0.4393813071813539,12.348120000002382,2.2865132093023464,187.95236000000295,67.0,28.0,7.0,18.0,2.5714285714285716,0.0,0.0,0.3564733105772066,19.000370000001567,2.847763030303075,190.93589999999676,90.0,41.0,10.0,33.0,3.3,0.0,0.0,0.47136237868311576,16.005980000001728,2.1453471910111994,,,,,,,,,,,,,,,,,,,,,,,,,,,,,,,,,,,,,,,,,,,,,,,,,,,,,,,,,,,,,,,,,,,,,,,,,,,,,,,,,,,,,,,,,2994.842549999994,1342.0,559.0,30.0,463.0,15.433333333333334,3.0,14.0,0.44810369079336165,31.68642999999429,2.233290492170018,1725.0959199999998,812.0,307.0,16.0,246.0,15.375,2.0,13.0,0.4706984641178678,22.88521999999648,2.127121972872996,,,,,,,,,,,,2,MCI,19.0,,
73,23,255.86730000000534,148.0,68.0,23.0,63.0,2.739130434782609,0.0,0.0,0.5784248319343539,9.751490000002377,1.7405938775510568,177.50449999999546,38.0,7.0,2.0,1.0,0.5,4.0,2.0,0.21407907968530923,23.653519999999844,4.797418918918797,167.20433000000048,45.0,20.0,3.0,11.0,3.6666666666666665,0.0,0.0,0.269131786240224,23.697550000004412,3.80009840909092,433.9543199999971,122.0,46.0,7.0,26.0,3.7142857142857144,0.0,0.0,0.281135581275008,23.20452999999543,3.586399338842951,80.09303999999975,63.0,29.0,10.0,25.0,2.5,0.0,0.0,0.7865852014107618,7.490290000001551,1.2918232258064475,121.53668000000471,28.0,11.0,6.0,9.0,1.5,0.0,0.0,0.23038312384375578,76.33258999999816,4.501358518518693,337.92059999999765,130.0,50.0,9.0,36.0,4.0,0.0,10.0,0.38470575632264176,17.918710000005376,2.6195395348837027,58.9696299999996,27.0,12.0,7.0,9.0,1.2857142857142858,0.0,1.0,0.45786280158108816,11.59653000000253,2.268062692307677,43.41103999999905,32.0,15.0,5.0,13.0,2.6,0.0,0.0,0.7371396769116958,4.282670000000508,1.4003561290322273,79.89314000000013,34.0,9.0,5.0,7.0,1.4,0.0,0.0,0.42556845306117574,13.308160000000498,2.4210042424242464,227.85121000000072,126.0,53.0,7.0,45.0,6.428571428571429,0.0,0.0,0.5529924550323854,7.595949999995355,1.8228096800000058,173.8003000000026,63.0,23.0,2.0,14.0,7.0,0.0,0.0,0.36248498995685885,19.259409999998752,2.8032306451613325,131.56319000000076,53.0,21.0,7.0,19.0,2.7142857142857144,0.0,2.0,0.4028482434942456,17.519780000002356,2.5300613461538606,430.3417999999947,200.0,60.0,7.0,37.0,5.285714285714286,4.0,12.0,0.4647468593569169,14.889210000001185,2.162521608040174,59.80550000000221,32.0,13.0,5.0,10.0,2.0,0.0,0.0,0.5350678449306304,7.864819999995234,1.9292096774194263,175.50562000000355,56.0,19.0,5.0,13.0,2.6,0.0,0.0,0.31907810131663517,15.584640000000945,3.191011272727337,133.38709999999992,57.0,26.0,6.0,18.0,3.0,0.0,0.0,0.4273276801129947,9.938799999996263,2.3819124999999985,364.6288599999971,123.0,48.0,6.0,31.0,5.166666666666667,0.0,2.0,0.33732930520091303,20.467870000000403,2.9887611475409597,9.124049999998533,17.0,8.0,7.0,7.0,1.0,0.0,0.0,1.8632076764159264,2.901110000006156,0.5702531249999083,77.45967000000383,37.0,16.0,6.0,11.0,1.8333333333333333,0.0,0.0,0.4776679270644733,9.900869999997667,2.1516575000001064,,,,,,,,,,,,84.84246999999596,25.0,11.0,3.0,7.0,2.3333333333333335,0.0,3.0,0.2946637456453259,15.468289999997069,3.535102916666498,488.64369999999326,175.0,71.0,11.0,50.0,4.545454545454546,0.0,5.0,0.35813415787413694,20.467870000000403,2.808297126436743,3.23699000000488,6.0,5.0,5.0,4.0,0.8,0.0,0.0,1.853573844834539,2.537589999999909,0.647398000000976,2063.275690000002,703.0,280.0,28.0,217.0,7.75,4.0,13.0,0.3407203426120914,76.33258999999816,2.9391391595441627,1605.470110000002,665.0,237.0,14.0,180.0,12.857142857142858,4.0,14.0,0.4142088948638223,27.364760000004026,2.41787667168675,504.09507999999914,184.0,77.0,15.0,56.0,3.7333333333333334,0.0,5.0,0.36501050555780135,20.467870000000403,2.754617923497263,8,younger adult,12.0,13.0,5.0
74,21,191.81494999999995,150.0,58.0,18.0,52.0,2.888888888888889,0.0,0.0,0.7820036967921429,13.3160429999989,1.2873486577181206,191.14640700000018,47.0,10.0,2.0,4.0,2.0,4.0,2.0,0.24588482063385034,27.913164000005054,4.155356673913047,306.99604199999885,97.0,28.0,3.0,12.0,4.0,0.0,0.0,0.31596498563326875,26.026654000001145,3.197875437499988,485.69706099999894,133.0,38.0,5.0,27.0,5.4,0.0,0.0,0.27383324026331773,34.30397500000254,3.6795231893939313,54.50256599999557,68.0,28.0,11.0,26.0,2.3636363636363638,0.0,0.0,1.2476476795607299,4.963746000001265,0.8134711343282921,109.74426700000186,30.0,9.0,4.0,6.0,1.5,0.0,0.0,0.27336279898793703,28.03086600000097,3.7842850689655814,438.39799800000037,215.0,62.0,8.0,45.0,5.625,3.0,12.0,0.49042194759292634,23.735467999998946,2.0485887757009364,102.34926899999846,51.0,19.0,9.0,15.0,1.6666666666666667,0.0,0.0,0.4982937396455735,8.675744000000122,2.046985379999969,96.16523900000175,59.0,25.0,8.0,21.0,2.625,0.0,0.0,0.6135273058490389,9.49090299999807,1.6580213620689956,46.17390599999635,27.0,9.0,6.0,8.0,1.3333333333333333,0.0,0.0,0.5847458519104304,9.931079000001773,1.7759194615383211,96.69896200000221,58.0,17.0,5.0,14.0,2.8,0.0,0.0,0.5997996131540551,4.9369970000043395,1.6964730175438985,,,,,,,,,,,,211.4508879999994,51.0,16.0,7.0,12.0,1.7142857142857142,0.0,0.0,0.24119075820575483,29.624532000001636,4.229017759999988,397.5545689999999,164.0,36.0,6.0,17.0,2.8333333333333335,5.0,8.0,0.41252198512652494,30.24192299999413,2.43898508588957,134.00384499999927,34.0,13.0,6.0,7.0,1.1666666666666667,0.0,0.0,0.25372406291774824,18.28453299999819,4.060722575757554,,,,,,,,,,,,934.0602040000012,276.0,94.0,17.0,75.0,4.411764705882353,1.0,8.0,0.29548416560095697,32.683773999997356,3.3965825600000046,277.67478400000255,107.0,37.0,13.0,34.0,2.6153846153846154,0.0,4.0,0.3853428765069248,22.725744000003033,2.6195734339622883,632.1414819999991,244.0,91.0,19.0,78.0,4.105263157894737,1.0,8.0,0.38598954023396986,32.683773999997356,2.6014052757201607,640.2843670000002,251.0,95.0,19.0,82.0,4.315789473684211,1.0,8.0,0.3920133192944252,32.683773999997356,2.561137468000001,,,,,,,,,,,,183.2910219999976,63.0,24.0,12.0,18.0,1.5,1.0,3.0,0.3437156894678716,24.87405199999921,2.9563068064515745,126.8096829999995,43.0,16.0,9.0,11.0,1.2222222222222223,0.0,1.0,0.3390908247913542,24.87405199999921,3.0192781666666546,6.476349999997183,14.0,8.0,8.0,7.0,0.875,0.0,0.0,2.161711457843707,1.5338929999998072,0.49818076923055254,2408.1499509999994,980.0,318.0,20.0,249.0,12.45,7.0,14.0,0.4069514025042539,34.30397500000254,2.4598058743615927,1586.680346000001,529.0,161.0,16.0,115.0,7.1875,5.0,8.0,0.3334004869560536,51.01623799999652,3.0050764128787897,964.5577849999972,304.0,107.0,19.0,87.0,4.578947368421052,1.0,8.0,0.3151703347664141,32.683773999997356,3.183359026402631,7,at risk,16.0,,
76,15,,,,,,,,,,,,124.92595100000472,21.0,7.0,1.0,0.0,0.0,4.0,2.0,0.16809958084689072,40.921088999995845,6.246297550000236,438.9277749999965,35.0,12.0,2.0,5.0,2.5,0.0,0.0,0.07973977039844489,156.0205810000043,12.909640441176366,989.9669439999998,191.0,69.0,8.0,21.0,2.625,0.0,0.0,0.1929357350339973,89.00896199999988,5.210352336842104,98.00185399999464,64.0,27.0,14.0,22.0,1.5714285714285714,0.0,0.0,0.653048869871416,9.016700000000128,1.555584984126899,165.9240959999952,35.0,14.0,5.0,9.0,1.8,0.0,0.0,0.21093982636494832,47.039364999996906,4.880120470588094,70.9826350000003,33.0,15.0,5.0,9.0,1.8,0.0,2.0,0.46490243705379297,7.986166999995476,2.2182073437500094,168.9804460000014,40.0,19.0,9.0,15.0,1.6666666666666667,0.0,0.0,0.2367137792972784,35.00379100000282,4.332831948717985,169.00311099999817,76.0,35.0,6.0,24.0,4.0,0.0,0.0,0.4496958638826526,14.92913899999985,2.253374813333309,37.01467300000513,12.0,6.0,3.0,3.0,1.0,0.0,0.0,0.324195758800796,16.966420999997354,3.364970272727739,397.96200600000157,104.0,45.0,5.0,12.0,2.4,0.0,0.0,0.26133147997047634,48.01888599999802,3.86370879611652,478.9886620000034,76.0,34.0,6.0,22.0,3.6666666666666665,0.0,0.0,0.1586676387759664,156.00259400000505,6.386515493333379,395.02987199999916,164.0,80.0,9.0,49.0,5.444444444444445,0.0,0.0,0.4151584769265256,23.002517000000807,2.4234961472392587,996.0198440000022,168.0,67.0,7.0,21.0,3.0,2.0,8.0,0.1686713382389193,87.01737499999581,5.964190682634744,408.00403700000606,77.0,33.0,8.0,14.0,1.75,0.0,0.0,0.1887236228498368,105.95871299999999,5.3684741710527115,277.9940130000032,47.0,20.0,7.0,12.0,1.7142857142857142,0.0,0.0,0.1690683892534026,102.00091200000315,6.043348108695722,,,,,,,,,,,,,,,,,,,,,,,,,,,,,,,,,,,,,,,,,,,,,,,,,,,,,,,,,,,,,,,,,,,,,,,,,,,,,,,,,,,,,,,,,2492.941995000001,565.0,229.0,20.0,133.0,6.65,4.0,4.0,0.22663985007801987,156.0205810000043,4.420109920212767,4238.958955000002,879.0,382.0,14.0,199.0,14.214285714285714,2.0,8.0,0.2073622342965101,156.00259400000505,4.8279714749430545,,,,,,,,,,,,2,MCI,31.0,,
77,16,166.99572900000203,92.0,42.0,12.0,34.0,2.8333333333333335,0.0,0.0,0.5509122930922317,14.004230000005919,1.8351179010989234,170.98955800000113,32.0,10.0,1.0,0.0,0.0,4.0,2.0,0.18714593086438525,25.988004999999248,5.515792193548424,248.04153499999666,49.0,21.0,3.0,4.0,1.3333333333333333,0.0,0.0,0.19754755992781878,23.01539000000048,5.167531979166597,472.06335099999706,91.0,27.0,4.0,7.0,1.75,0.0,0.0,0.19277073682426274,32.001797000004444,5.244877877777778,55.0625130000044,44.0,21.0,8.0,19.0,2.375,0.0,0.0,0.7990917523142557,5.022506000001158,1.2805235581396373,149.00520400000096,43.0,18.0,4.0,14.0,3.5,0.0,0.0,0.28858052501307085,27.980503000006138,3.5477429523809754,554.9238350000014,120.0,42.0,6.0,14.0,2.3333333333333335,0.0,10.0,0.21624589255568685,29.054280000003928,4.663225504201693,85.06569899999886,48.0,19.0,5.0,16.0,3.2,0.0,2.0,0.5642697416734405,23.015804999995453,1.809908489361678,70.03753400000278,34.0,14.0,4.0,8.0,2.0,0.0,0.0,0.48545398528735534,8.958969999999681,2.1223495151515994,65.07750800000213,24.0,11.0,7.0,9.0,1.2857142857142858,0.0,0.0,0.3687910114812512,38.07172300000093,2.82945686956531,230.02822200000082,94.0,40.0,7.0,21.0,3.0,0.0,0.0,0.40864550959316487,21.011546999994607,2.4734217419354927,161.00093400000333,33.0,11.0,1.0,0.0,0.0,0.0,0.0,0.20496775503177714,14.007330000000366,5.031279187500104,259.04786700000113,113.0,50.0,7.0,32.0,4.571428571428571,0.0,1.0,0.43621281776467785,13.017046000000846,2.3129273839285815,376.07421500000055,102.0,34.0,6.0,10.0,1.6666666666666667,4.0,4.0,0.2712230616502114,26.001280000004044,3.723321386138574,82.99628900000243,33.0,14.0,7.0,8.0,1.1428571428571428,0.0,0.0,0.3976081388409912,15.024919000003138,2.593634031250076,202.92827800000669,53.0,22.0,4.0,5.0,1.25,0.0,0.0,0.26117602003205415,16.016520999997738,3.9024668846155133,,,,,,,,,,,,,,,,,,,,,,,,,,,,,,,,,,,,,,,,,,,,,,,,,,,,,,,,,,,,,,,,,,,,,,,,,,,,,,,,,,,,,,,,,2254.066203000002,587.0,231.0,17.0,139.0,8.176470588235293,4.0,14.0,0.2604182606609977,52.01432100000238,3.8465293566552936,1584.9917220000061,518.0,210.0,15.0,109.0,7.266666666666667,4.0,5.0,0.3268155869901748,38.07172300000093,3.065748011605428,,,,,,,,,,,,2,MCI,8.0,17.0,4.0
78,22,87.2616099999941,63.0,31.0,14.0,30.0,2.142857142857143,0.0,0.0,0.721966968063095,7.756000000001222,1.40744532258055,198.69741000000067,67.0,24.0,3.0,17.0,5.666666666666667,4.0,2.0,0.337196141610501,13.793529999995371,3.0105668181818284,199.87913000000117,43.0,14.0,2.0,5.0,2.5,0.0,0.0,0.2151300138238532,18.976419999999052,4.7590269047619325,,,,,,,,,,,,47.81781000000046,44.0,22.0,12.0,20.0,1.6666666666666667,0.0,0.0,0.9201592461051556,5.85236000000441,1.1120420930232666,,,,,,,,,,,,541.9757899999968,122.0,35.0,7.0,24.0,3.4285714285714284,0.0,12.0,0.22510230576904686,30.851589999998396,4.479138760330552,142.04667999999947,34.0,10.0,6.0,9.0,1.5,0.0,0.0,0.23935793501122396,21.32770000000164,4.304444848484833,66.41530999999668,31.0,13.0,6.0,10.0,1.6666666666666667,0.0,0.0,0.46675984799290327,11.991800000003423,2.213843666666556,43.88263000000006,30.0,9.0,5.0,8.0,1.6,0.0,0.0,0.6836417963098373,10.938179999997374,1.5131941379310367,186.11409999999887,86.0,29.0,5.0,22.0,4.4,0.0,0.0,0.4620821313377145,12.503960000001825,2.1895776470588104,131.52193999999872,37.0,14.0,2.0,6.0,3.0,0.0,0.0,0.2813218843943479,16.20455999999831,3.653387222222187,102.27066999999806,37.0,15.0,7.0,10.0,1.4285714285714286,0.0,0.0,0.3617850552851634,18.303149999999732,2.8408519444443905,525.6812199999986,201.0,52.0,7.0,31.0,4.428571428571429,4.0,10.0,0.3823610057821745,33.01021000000037,2.6284060999999928,86.41682999999466,42.0,16.0,7.0,14.0,2.0,0.0,0.0,0.48601643915893,15.00050000000192,2.1077275609754795,257.87739000000147,59.0,19.0,5.0,12.0,2.4,0.0,0.0,0.2287908994270481,31.82372000000032,4.446161896551749,224.60501999999542,43.0,18.0,2.0,4.0,2.0,0.0,0.0,0.1914471902720646,45.96276000000216,5.347738571428462,322.9944499999983,139.0,49.0,11.0,37.0,3.3636363636363638,2.0,10.0,0.430347951799174,21.04733000000124,2.340539492753611,138.72148000000016,72.0,31.0,15.0,24.0,1.6,0.0,4.0,0.5190256043981071,20.00944999999774,1.9538236619718332,338.34155000000464,138.0,51.0,13.0,39.0,3.0,2.0,8.0,0.4078718679393592,21.04733000000124,2.4696463503649975,128.44378000000142,66.0,27.0,11.0,21.0,1.9090909090909092,0.0,4.0,0.5138434885675217,20.00944999999774,1.9760581538461757,256.9778800000058,106.0,39.0,11.0,30.0,2.727272727272727,2.0,6.0,0.41248686462818357,21.04733000000124,2.4474083809524365,51.7280299999984,38.0,17.0,10.0,13.0,1.3,0.0,2.0,0.7346113896083261,4.972729999994044,1.3980548648648217,4.009890000001178,6.0,5.0,5.0,4.0,0.8,0.0,0.0,1.496300397267316,3.8472600000022794,0.8019780000002357,1576.858769999999,489.0,177.0,17.0,135.0,7.9411764705882355,4.0,15.0,0.31011020726986244,30.851589999998396,3.2312679713114734,1789.4186899999986,630.0,202.0,15.0,142.0,9.466666666666667,4.0,10.0,0.3520696433544016,38.598910000000615,2.8448627821939563,625.6360999999961,201.0,75.0,17.0,49.0,2.8823529411764706,2.0,12.0,0.3212730211699761,45.96276000000216,3.1281804999999805,9,younger adult (ESL),,13.0,4.0
79,22,309.87524600000324,463.0,175.0,24.0,142.0,5.916666666666667,0.0,4.0,1.494149681126821,3.7642139999952633,0.6707256406926477,165.75231699999858,91.0,39.0,5.0,27.0,5.4,0.0,0.0,0.5490119332690884,16.50104299999657,1.8416924111110953,275.7479099999982,67.0,29.0,4.0,14.0,3.5,0.0,0.0,0.2429755496605593,46.84494899999845,4.1779986363636095,444.89427299999807,159.0,66.0,5.0,32.0,6.4,0.0,0.0,0.3573882822267768,45.00898500000039,2.815786537974671,68.1301719999974,123.0,41.0,13.0,37.0,2.8461538461538463,0.0,4.0,1.805367524978576,8.10869200000161,0.5584440327868639,275.8008239999981,55.0,23.0,4.0,11.0,2.75,0.0,0.0,0.19941927367120693,57.69764500000019,5.107422666666632,464.9176479999951,329.0,117.0,9.0,86.0,9.555555555555555,0.0,4.0,0.7076522076873354,23.352908000000753,1.4174318536585215,40.392392000001564,51.0,21.0,8.0,13.0,1.625,0.0,2.0,1.2626140090935447,4.055563000001712,0.8078478400000313,,,,,,,,,,,,41.11552700000175,25.0,12.0,6.0,9.0,1.5,0.0,0.0,0.6080427960949871,19.326758000002883,1.7131469583334062,165.48514199999772,125.0,53.0,7.0,38.0,5.428571428571429,0.0,0.0,0.7553548221265793,12.18824499999755,1.3345575967741752,197.74436100000457,53.0,23.0,3.0,9.0,3.0,0.0,0.0,0.268022813555724,54.317575999994006,3.802776173077011,170.7363039999982,147.0,62.0,9.0,52.0,5.777777777777778,0.0,1.0,0.8609768195521063,8.226769000000786,1.169426739726015,474.1073599999945,366.0,150.0,10.0,114.0,11.4,0.0,0.0,0.771977047561557,30.00067599999602,1.2989242739725877,70.7483429999993,48.0,20.0,7.0,12.0,1.7142857142857142,0.0,0.0,0.6784611195770406,15.562781000000541,1.5052838936170063,257.6496960000004,142.0,61.0,12.0,45.0,3.75,0.0,0.0,0.5511359112956212,25.848140000001877,1.827302808510641,249.745136000005,49.0,17.0,6.0,11.0,1.8333333333333333,0.0,0.0,0.19620001728481717,53.5268139999971,5.203023666666771,389.55109699999593,359.0,127.0,14.0,106.0,7.571428571428571,0.0,4.0,0.9215735824253211,22.40143099999841,1.0881315558659104,414.5668729999961,218.0,80.0,21.0,65.0,3.0952380952380953,0.0,0.0,0.525850023718615,53.5268139999971,1.9104464193548207,350.55651699999726,171.0,60.0,14.0,47.0,3.357142857142857,0.0,0.0,0.48779580954132234,53.5268139999971,2.062097158823513,,,,,,,,,,,,164.7663360000006,196.0,68.0,13.0,57.0,4.384615384615385,0.0,4.0,1.1895633826560257,15.590076000000408,0.8449555692307723,237.74212899999839,198.0,71.0,9.0,59.0,6.555555555555555,0.0,4.0,0.8328351429880623,22.40143099999841,1.2068128375634435,265.1351980000036,235.0,84.0,10.0,70.0,7.0,0.0,4.0,0.8863402587535617,22.40143099999841,1.1330564017094171,2348.1423090000026,1543.0,591.0,27.0,432.0,16.0,0.0,14.0,0.6571151987194138,57.69764500000019,1.5227900836575892,1481.9467990000048,987.0,414.0,20.0,311.0,15.55,0.0,1.0,0.6660158115433109,54.317575999994006,1.502988639959437,675.4558709999983,445.0,160.0,22.0,133.0,6.045454545454546,0.0,4.0,0.6588143194923849,53.5268139999971,1.5212970067567528,7,at risk,14.0,,
80,24,304.70500000000175,165.0,76.0,24.0,72.0,3.0,0.0,0.0,0.541507359577293,18.409920000005513,1.8579573170731813,262.310209999996,41.0,13.0,2.0,1.0,0.5,3.0,2.0,0.15630348509880962,49.74238000000332,6.5577552499999,146.86116000000038,43.0,16.0,2.0,8.0,4.0,0.0,0.0,0.29279354732047524,20.22768999999971,3.4966942857142946,466.4930600000007,128.0,46.0,4.0,26.0,6.5,0.0,0.0,0.2743877904635919,25.393950000005134,3.673173700787407,54.31532000000152,52.0,22.0,9.0,20.0,2.2222222222222223,0.0,0.0,0.9573726160501042,4.408309999998892,1.0650062745098337,132.03979999999865,32.0,10.0,3.0,7.0,2.3333333333333335,0.0,0.0,0.2423511698745403,48.04750999999669,4.259348387096731,528.5923299999995,233.0,90.0,16.0,74.0,4.625,0.0,10.0,0.4407933804109496,19.207540000003064,2.278415215517239,89.53246000000217,49.0,19.0,10.0,16.0,1.6,0.0,1.0,0.5472875424175635,18.829499999999825,1.8652595833333787,37.978940000000875,28.0,14.0,4.0,9.0,2.25,0.0,0.0,0.7372506973601516,3.3208599999998114,1.4066274074074399,31.423430000002554,25.0,10.0,6.0,8.0,1.3333333333333333,0.0,0.0,0.7955846958781383,4.089280000000144,1.3093095833334398,204.0064099999945,76.0,29.0,6.0,21.0,3.5,0.0,0.0,0.37253731390107814,15.00731999999698,2.7200854666665935,319.5350400000025,84.0,25.0,2.0,12.0,6.0,0.0,0.0,0.2628819674987737,18.703710000001593,3.8498197590361745,123.0616200000004,48.0,18.0,8.0,12.0,1.5,0.0,1.0,0.39004849765507593,17.41407999999501,2.6183323404255403,405.8361300000033,123.0,42.0,9.0,28.0,3.111111111111111,3.0,8.0,0.3030779935734135,47.08647000000201,3.3265256557377323,79.00966000000335,41.0,15.0,7.0,10.0,1.4285714285714286,0.0,0.0,0.5189238885472771,8.295310000001336,1.9752415000000838,173.09967999999935,48.0,20.0,5.0,12.0,2.4,0.0,0.0,0.2772968731080276,12.12618000000657,3.6829719148936033,566.5012199999983,169.0,69.0,17.0,49.0,2.8823529411764706,0.0,0.0,0.2983223937275908,22.78987000000052,3.372031071428561,199.40488999999798,62.0,22.0,3.0,12.0,4.0,0.0,4.0,0.31092517339971265,16.24315999999817,3.2689326229507865,879.851189999994,279.0,110.0,22.0,79.0,3.590909090909091,0.0,4.0,0.3170990767200098,22.78987000000052,3.1649323381294745,813.5299799999993,270.0,109.0,22.0,79.0,3.590909090909091,0.0,4.0,0.3318869699184291,22.78987000000052,3.024275018587358,23.62246999999479,6.0,3.0,2.0,2.0,1.0,0.0,0.0,0.253995454328075,16.24315999999817,4.724493999998958,122.13053000000218,40.0,13.0,3.0,5.0,1.6666666666666667,0.0,3.0,0.32751843457978347,9.174240000000282,3.131552051282107,285.9714199999944,96.0,34.0,7.0,22.0,3.142857142857143,0.0,4.0,0.3356978819771636,16.24315999999817,3.0102254736841516,8.476810000000114,9.0,5.0,5.0,4.0,0.8,0.0,0.0,1.0617201518023736,3.722090000002936,1.0596012500000143,2526.189940000004,953.0,368.0,32.0,282.0,8.8125,3.0,13.0,0.3772479594309518,49.74238000000332,2.653560861344542,1640.4844999999987,583.0,211.0,15.0,138.0,9.2,3.0,9.0,0.35538281525976045,47.08647000000201,2.818701890034362,890.923139999999,288.0,115.0,22.0,84.0,3.8181818181818183,0.0,4.0,0.3232602085068756,22.78987000000052,3.1042618118466865,3,middle-aged,15.0,11.0,4.0
81,23,284.93475500000204,133.0,60.0,19.0,44.0,2.3157894736842106,0.0,0.0,0.46677352504786246,27.054430000003777,2.1585966287878944,134.9424979999967,17.0,3.0,1.0,0.0,0.0,6.0,2.0,0.12597958576400753,71.05411699999968,8.433906124999794,178.00783599999704,41.0,19.0,2.0,1.0,0.5,0.0,0.0,0.23032693909048296,32.977920000004815,4.450195899999926,415.02879000000394,54.0,16.0,3.0,4.0,1.3333333333333333,0.0,0.0,0.13011145564142548,68.04030400000192,7.8307318867925275,62.03225499999826,49.0,24.0,8.0,20.0,2.5,0.0,0.0,0.7899116354870764,7.945442000003823,1.292338645833297,110.01757599999837,36.0,16.0,6.0,9.0,1.5,0.0,0.0,0.3272204433953402,20.965761999999813,3.143359314285668,534.0233909999952,102.0,36.0,6.0,11.0,1.8333333333333333,0.0,8.0,0.19100286938554892,52.01955399999861,5.287360306930645,58.982953999999154,28.0,12.0,4.0,9.0,2.25,0.0,2.0,0.47471342313578263,41.941863999993075,2.1845538518518204,25.013512000004994,18.0,9.0,3.0,6.0,2.0,0.0,0.0,0.7196110646116549,3.935763000001316,1.4713830588238233,12.028540999999677,13.0,7.0,6.0,6.0,1.0,0.0,0.0,1.0807628290081357,3.996222999994643,1.0023784166666398,221.03731800000241,76.0,33.0,5.0,14.0,2.8,0.0,4.0,0.3438333431099592,15.984835000002931,2.947164240000032,216.0107949999947,42.0,19.0,1.0,0.0,0.0,0.0,0.0,0.19443472720889265,22.936891000004834,5.268555975609626,208.9282400000011,106.0,47.0,5.0,28.0,5.6,0.0,1.0,0.5073512321742597,13.075028999999631,1.9897927619047724,348.9885740000027,81.0,24.0,5.0,6.0,1.2,4.0,10.0,0.23209928930223192,43.939988999998604,4.362357175000033,87.01978699999745,27.0,11.0,5.0,5.0,1.0,0.0,0.0,0.3102742598071493,26.997057000000495,3.3469148846152867,197.00528099999792,53.0,24.0,4.0,6.0,1.5,0.0,0.0,0.2690283211240442,16.06727300000057,3.788563096153806,752.9946659999987,211.0,88.0,16.0,41.0,2.5625,0.0,9.0,0.2802144683452517,52.97989300000336,3.5856888857142795,425.9514069999932,129.0,53.0,16.0,37.0,2.3125,0.0,10.0,0.3028514470900716,52.97989300000336,3.327745367187447,14.031546999998682,14.0,8.0,7.0,7.0,1.0,0.0,0.0,0.9977517090596864,8.908672999998089,1.0793497692306677,,,,,,,,,,,,48.97700299999997,9.0,3.0,1.0,0.0,0.0,0.0,2.0,0.18375971269618122,10.031062000001839,6.122125374999996,249.998437000002,85.0,36.0,14.0,27.0,1.9285714285714286,0.0,5.0,0.3400021256932871,52.97989300000336,2.976171869047643,361.03513699999894,119.0,48.0,15.0,34.0,2.2666666666666666,0.0,9.0,0.3296078076744102,52.97989300000336,3.0596198050847367,2.0800400000007357,4.0,4.0,4.0,3.0,0.75,0.0,0.0,1.9230399415389057,1.0768630000020494,0.6933466666669119,2258.9900220000054,588.0,241.0,20.0,140.0,7.0,6.0,12.0,0.26029331438985814,71.05411699999968,3.848364603066449,1670.9223520000014,541.0,219.0,14.0,107.0,7.642857142857143,4.0,29.0,0.32377327369668196,43.939988999998604,3.0943006518518543,798.0795099999959,225.0,96.0,18.0,46.0,2.5555555555555554,0.0,10.0,0.28192679699294765,52.97989300000336,3.5628549553571247,4,young-old,8.0,12.0,5.0
82,18,175.35293000000092,99.0,48.0,14.0,41.0,2.9285714285714284,0.0,0.0,0.5645756817408154,14.024619999996503,1.7893156122449074,131.47581999999966,40.0,13.0,2.0,4.0,2.0,8.0,2.0,0.3042384523633327,18.53813000000082,3.371174871794863,182.5367600000027,51.0,22.0,3.0,13.0,4.333333333333333,0.0,0.0,0.2793957775956977,28.692909999997937,3.650735200000054,645.0652700000064,130.0,43.0,4.0,13.0,3.25,0.0,0.0,0.2015299940113017,26.023730000000796,5.0005059689922975,57.11037000000215,62.0,29.0,10.0,27.0,2.7,0.0,0.0,1.0856172005188842,4.585849999995844,0.936235573770527,103.21432999999524,19.0,6.0,3.0,3.0,1.0,0.0,0.0,0.1840829659990127,28.99782000000414,5.73412944444418,295.3072600000014,119.0,47.0,8.0,38.0,4.75,0.0,5.0,0.40297011323053633,25.887500000004366,2.5026038983050967,35.22432000000117,35.0,15.0,7.0,13.0,1.8571428571428572,0.0,1.0,0.9936316726624911,4.741990000002261,1.0360094117647403,38.78244999999879,15.0,7.0,3.0,5.0,1.6666666666666667,0.0,0.0,0.3867728830953297,9.68007000000216,2.7701749999999135,27.936500000003434,23.0,9.0,4.0,6.0,1.5,0.0,0.0,0.823295688436174,4.815200000004552,1.2698409090910652,621.9194700000007,176.0,67.0,7.0,38.0,5.428571428571429,0.0,0.0,0.28299483854396745,32.6333500000037,3.553825542857147,,,,,,,,,,,,63.037679999994,25.0,10.0,5.0,6.0,1.2,0.0,1.0,0.3965881993119414,10.21194999999716,2.62656999999975,558.87212,246.0,63.0,4.0,35.0,8.75,1.0,6.0,0.4401722526434133,14.85465000000113,2.281110693877551,74.47177999999985,73.0,23.0,8.0,21.0,2.625,0.0,0.0,0.9802370777225969,3.7246999999988475,1.0343302777777756,98.37853999999788,60.0,15.0,5.0,7.0,1.4,0.0,0.0,0.6098891079294457,8.822299999999814,1.6674328813558963,,,,,,,,,,,,301.05141999999614,161.0,72.0,16.0,67.0,4.1875,0.0,4.0,0.5347923620489884,30.771300000000338,1.8815713749999758,6.316820000000007,5.0,3.0,3.0,2.0,0.6666666666666666,0.0,0.0,0.7915375141289438,2.983299999999872,1.5792050000000017,,,,,,,,,,,,,,,,,,,,,,,,,,,,,,,,,,,,,,,,,,,,,171.34914000000572,122.0,56.0,15.0,53.0,3.533333333333333,0.0,2.0,0.711996570277481,20.8498799999943,1.4161085950413697,2074.5385000000024,696.0,277.0,17.0,207.0,12.176470588235293,8.0,8.0,0.33549630435877625,34.68876000000455,2.984947482014392,2097.5498799999987,819.0,257.0,15.0,176.0,11.733333333333333,1.0,7.0,0.3904555537911692,32.6333500000037,2.5642419070904627,461.87883000000147,311.0,140.0,27.0,133.0,4.925925925925926,0.0,10.0,0.6733367710314825,30.771300000000338,1.489931709677424,2,MCI,19.0,21.0,2.0
83,23,310.3871480000016,185.0,75.0,20.0,65.0,3.25,0.0,0.0,0.5960298330393469,14.72534799999994,1.6868866739130524,185.57762399999774,65.0,22.0,2.0,8.0,4.0,6.0,2.0,0.3502577444358313,18.46145599999727,2.8996503749999647,317.84103799999866,82.0,31.0,3.0,18.0,6.0,0.0,0.0,0.25799059969090693,31.58120400000189,3.923963432098749,437.6898929999952,132.0,46.0,5.0,29.0,5.8,0.0,0.0,0.3015833861167122,18.386845000000903,3.3411442213740092,63.84943299999577,64.0,24.0,9.0,21.0,2.3333333333333335,0.0,0.0,1.0023581571977975,6.0841419999997015,1.0134830634919962,105.95416299999488,35.0,10.0,4.0,8.0,2.0,0.0,0.0,0.330331522698185,26.53882000000158,3.1162989117645554,578.7921720000013,223.0,74.0,8.0,52.0,6.5,4.0,21.0,0.38528510022765045,31.939793999998074,2.607171945945952,46.26531600000453,29.0,12.0,7.0,10.0,1.4285714285714286,0.0,0.0,0.6268194515303248,12.180951999995159,1.6523327142858761,88.02816999999777,51.0,24.0,6.0,17.0,2.8333333333333335,0.0,0.0,0.5793599935111827,13.648324000001594,1.7605633999999555,35.74617099999887,26.0,8.0,5.0,7.0,1.4,0.0,0.0,0.7273506300856901,4.908899000001838,1.4298468399999547,157.01569900000322,96.0,30.0,6.0,24.0,4.0,0.0,0.0,0.6114038316639792,19.543533999996725,1.6527968315789814,371.52787399999943,119.0,47.0,6.0,29.0,4.833333333333333,0.0,0.0,0.3202989824661182,23.822598999999173,3.148541305084741,188.67145300000266,51.0,16.0,5.0,10.0,2.0,0.0,0.0,0.27031116360777313,17.577191999997012,3.773429060000053,430.17102200000227,214.0,51.0,7.0,31.0,4.428571428571429,6.0,12.0,0.49747655945081043,14.749244999999064,2.019582262910809,64.916244,31.0,13.0,7.0,8.0,1.1428571428571428,0.0,0.0,0.4775384108791013,11.823488000001817,2.1638748000000003,206.46295300000202,65.0,25.0,5.0,17.0,3.4,0.0,0.0,0.3148264570254372,28.71381200000178,3.2259836406250315,501.8781280000039,149.0,61.0,5.0,36.0,7.2,0.0,0.0,0.2968848245962989,20.625678000003973,3.391068432432459,584.2822450000021,201.0,83.0,8.0,52.0,6.5,0.0,4.0,0.34401182257386453,20.625678000003973,2.9214112250000106,952.4207440000027,391.0,157.0,18.0,112.0,6.222222222222222,0.0,12.0,0.41053284744499313,20.625678000003973,2.4421044717948788,357.60869800000364,127.0,53.0,8.0,39.0,4.875,0.0,2.0,0.35513677578390085,20.625678000003973,2.8381642698412985,34.698465000001306,22.0,7.0,2.0,4.0,2.0,0.0,2.0,0.6340338110057367,4.452605999998923,1.6523078571429193,,,,,,,,,,,,1069.6197549999997,461.0,182.0,18.0,134.0,7.444444444444445,0.0,16.0,0.43099428357136144,20.625678000003973,2.325260336956521,7.5839429999978165,16.0,9.0,9.0,8.0,0.8888888888888888,0.0,0.0,2.109720497636204,1.3195329999944079,0.5055961999998544,2429.3483620000043,1048.0,380.0,21.0,294.0,14.0,10.0,23.0,0.4313914037166804,31.939793999998074,2.3202945195797557,2109.0642000000007,962.0,294.0,15.0,206.0,13.733333333333333,6.0,12.0,0.456126465946366,28.71381200000178,2.194655775234132,1085.8437919999997,484.0,194.0,20.0,145.0,7.25,0.0,16.0,0.44573630531931996,20.625678000003973,2.2481237929606617,2,MCI,13.0,14.0,6.0
84,23,386.20936000000074,182.0,84.0,18.0,63.0,3.5,0.0,0.0,0.47124699411738663,23.007730000004813,2.13375337016575,250.21061999999802,22.0,5.0,1.0,0.0,0.0,6.0,2.0,0.08792592416740815,84.76077999999688,11.914791428571334,174.31663000000117,36.0,18.0,2.0,1.0,0.5,0.0,0.0,0.206520743316342,25.467359999995097,4.980475142857176,534.401380000003,98.0,35.0,4.0,15.0,3.75,0.0,0.0,0.18338275997715323,66.28738999999769,5.509292577319618,72.43744000000152,51.0,25.0,9.0,23.0,2.5555555555555554,0.0,0.0,0.7040558031868456,7.448920000002545,1.4487488000000304,120.29735000000073,31.0,15.0,3.0,4.0,1.3333333333333333,0.0,0.0,0.2576947871254006,21.232850000000326,4.009911666666691,401.01348000000144,113.0,42.0,6.0,21.0,3.5,0.0,8.0,0.28178603871371005,50.43529000000126,3.5804775000000126,42.17971000000398,29.0,13.0,6.0,11.0,1.8333333333333333,0.0,1.0,0.6875343619004792,6.955409999995027,1.5064182142858564,88.22437999999966,25.0,11.0,4.0,5.0,1.25,0.0,0.0,0.2833683841133267,25.858189999999013,3.676015833333319,39.992080000003625,14.0,7.0,4.0,4.0,1.0,0.0,0.0,0.3500693137240856,19.809330000003683,3.076313846154125,210.60061000000132,74.0,33.0,4.0,16.0,4.0,0.0,0.0,0.3513760002879362,13.391320000002452,2.8849398630137166,190.2757300000012,34.0,16.0,3.0,3.0,1.0,0.0,0.0,0.17868805443552777,29.164230000002135,5.765931212121249,208.91005000000587,130.0,60.0,6.0,38.0,6.333333333333333,0.0,2.0,0.6222773868466182,10.525269999998272,1.61945775193803,480.4213000000018,130.0,45.0,6.0,9.0,1.5,4.0,8.0,0.2705958291191492,27.452870000000985,3.7241961240310215,144.8310500000007,22.0,9.0,7.0,7.0,1.0,0.0,0.0,0.15190112893609414,119.11232000000018,6.896716666666699,196.22784999999567,51.0,23.0,4.0,4.0,1.0,0.0,0.0,0.25990194562087454,23.39180999999371,3.9245569999999135,749.8556699999972,172.0,74.0,12.0,40.0,3.3333333333333335,0.0,8.0,0.22937747473457212,112.02648000000045,4.385120877192966,128.15024000000267,55.0,26.0,7.0,13.0,1.8571428571428572,0.0,1.0,0.42918374557861816,21.672080000003916,2.373152592592642,22.367000000005646,26.0,12.0,7.0,11.0,1.5714285714285714,0.0,0.0,1.1624267894663316,4.160919999994803,0.8946800000002259,,,,,,,,,,,,137.04406999999628,56.0,26.0,7.0,13.0,1.8571428571428572,0.0,2.0,0.40862767721362564,21.672080000003916,2.491710363636296,166.51656999999977,48.0,21.0,4.0,9.0,2.25,0.0,3.0,0.2882596008313171,20.150800000003073,3.542905744680846,388.1640800000023,138.0,61.0,10.0,29.0,2.9,0.0,8.0,0.35551975855158774,21.672080000003916,2.8333144525547613,6.356330000002345,6.0,5.0,5.0,4.0,0.8,0.0,0.0,0.9439409218838208,3.056400000001304,1.271266000000469,2468.654840000003,658.0,277.0,20.0,171.0,8.55,6.0,11.0,0.2665419196472194,84.76077999999688,3.7574655098934593,1837.1930700000012,587.0,252.0,15.0,118.0,7.866666666666666,4.0,10.0,0.319509152078393,119.11232000000018,3.135141757679183,763.20046,180.0,80.0,16.0,44.0,2.75,0.0,8.0,0.2358489144516501,112.02648000000045,4.263689720670391,4,young-old,15.0,13.0,4.0
85,22,273.9206250000061,96.0,46.0,16.0,38.0,2.375,0.0,0.0,0.3504664900644041,24.001162000000477,2.8833750000000644,184.00709800000186,28.0,7.0,1.0,0.0,0.0,7.0,2.0,0.1521680429958181,55.058359999995446,6.815077703703772,333.9922110000043,50.0,23.0,2.0,1.0,0.5,0.0,0.0,0.14970408995555695,53.9801759999973,6.816167571428659,599.0042299999986,89.0,31.0,4.0,9.0,2.25,0.0,0.0,0.14857991904330994,104.00684799999726,6.806866249999985,59.03003699999681,55.0,25.0,8.0,22.0,2.75,0.0,0.0,0.9317290449945503,6.964206999997259,1.093139703703653,,,,,,,,,,,,523.003807000001,139.0,55.0,7.0,24.0,3.4285714285714284,0.0,4.0,0.26577244398528777,42.00355100000161,3.789882659420297,122.04940000000352,32.0,14.0,8.0,10.0,1.25,0.0,1.0,0.26218891694673696,34.945238000000245,3.937077419354952,78.06220800000301,27.0,12.0,4.0,6.0,1.5,0.0,0.0,0.3458779951497011,16.927449000002525,3.002392615384731,38.006736000003,14.0,8.0,6.0,6.0,1.0,0.0,0.0,0.36835575672688375,25.00098500000604,2.923595076923308,198.0059190000029,50.0,26.0,6.0,12.0,2.0,0.0,0.0,0.2525177037763162,21.033433000004152,4.040937122449039,228.99626400000125,25.0,7.0,3.0,2.0,0.6666666666666666,0.0,0.0,0.10917208675509162,55.95523599999433,9.541511000000051,305.9322350000002,119.0,54.0,7.0,28.0,4.0,0.0,2.0,0.3889750290615826,17.932327999995323,2.592646059322036,460.01134199999797,143.0,56.0,5.0,29.0,5.8,3.0,4.0,0.3108619004441865,55.05720599999768,3.239516492957732,115.95854500000132,26.0,10.0,6.0,7.0,1.1666666666666667,0.0,0.0,0.22421805999721456,42.98506699999416,4.6383418000000525,371.933646999998,85.0,38.0,7.0,16.0,2.2857142857142856,0.0,0.0,0.2285353871197366,47.98265700000047,4.427781511904739,812.2731799999965,196.0,87.0,19.0,39.0,2.0526315789473686,0.0,4.0,0.24129813075940884,48.1096899999975,4.165503487179469,223.8215199999977,59.0,21.0,2.0,1.0,0.5,0.0,2.0,0.2636028921615786,14.64046000000235,3.858991724137891,28.636460000001534,29.0,16.0,9.0,14.0,1.5555555555555556,0.0,0.0,1.0126950048992944,8.077700000001641,1.0227307142857691,21.28183999999601,12.0,7.0,4.0,5.0,1.25,0.0,0.0,0.5638610195360105,14.55330999999569,1.9347127272723645,,,,,,,,,,,,207.68400999999722,64.0,29.0,8.0,13.0,1.625,0.0,4.0,0.308160459729186,32.41157999999996,3.296571587301543,451.8972799999974,153.0,65.0,14.0,32.0,2.2857142857142856,0.0,6.0,0.3385725180731357,32.41157999999996,2.9730084210526146,4.342279999997118,7.0,5.0,5.0,4.0,0.8,0.0,0.0,1.612056339067183,2.0396999999939,0.7237133333328529,2643.9713670000056,657.0,269.0,18.0,146.0,8.11111111111111,7.0,7.0,0.2484898316979386,104.00684799999726,4.030444157012203,2213.0138299999962,619.0,264.0,16.0,141.0,8.8125,3.0,6.0,0.27970905179566863,55.95523599999433,3.5809285275080844,1081.0463699999964,273.0,117.0,21.0,49.0,2.3333333333333335,0.0,6.0,0.2525331082699079,48.1096899999975,3.974435183823516,4,young-old,18.0,12.0,3.0
87,24,308.00549500000125,124.0,59.0,19.0,48.0,2.526315789473684,0.0,0.0,0.40259022002188466,24.998867000002065,2.5041097154471648,161.07475800000248,21.0,3.0,1.0,0.0,0.0,4.0,2.0,0.1303742452308988,41.04985900000247,8.053737900000124,138.08465400000205,29.0,16.0,4.0,4.0,1.0,0.0,0.0,0.21001609635781518,45.012987999998586,4.931594785714359,594.9745410000032,89.0,32.0,3.0,15.0,5.0,0.0,0.0,0.14958623246368372,68.00345300000481,6.761074329545491,50.94124700000248,50.0,22.0,9.0,19.0,2.111111111111111,0.0,0.0,0.9815228904780751,5.059788999999,1.0396172857143362,129.93814700000075,26.0,11.0,5.0,7.0,1.4,0.0,0.0,0.2000952037587534,40.059948000001896,5.19752588000003,366.0408430000025,80.0,29.0,5.0,11.0,2.2,0.0,4.0,0.21855484580445975,46.002896999998484,4.6334283924050945,31.03635399999621,15.0,7.0,4.0,5.0,1.25,0.0,1.0,0.48330419223861903,10.999007999998867,2.2168824285711577,131.93590499999846,55.0,27.0,8.0,19.0,2.375,0.0,0.0,0.4168690850303459,13.90892800000438,2.443257499999971,31.966984999999113,14.0,6.0,3.0,3.0,1.0,0.0,0.0,0.43795184312816454,12.025651000003563,2.458998846153778,158.027102,42.0,19.0,4.0,8.0,2.0,0.0,0.0,0.26577719561040863,13.99685099999624,3.8543195609756102,350.0362979999991,44.0,16.0,3.0,3.0,1.0,0.0,0.0,0.1257012494172822,66.0044379999963,8.140379023255793,145.01644499999384,35.0,13.0,5.0,8.0,1.6,0.0,1.0,0.24135193770610971,58.04951099999744,4.265189558823348,558.979723000004,132.0,45.0,7.0,18.0,2.5714285714285716,3.0,10.0,0.2361445229024865,40.90670500000124,4.267020786259573,115.0312699999995,34.0,16.0,7.0,8.0,1.1428571428571428,0.0,0.0,0.2955718040842299,33.052114999998594,3.485796060606045,337.010325999996,82.0,38.0,5.0,6.0,1.2,0.0,0.0,0.24331598670362692,25.065356999999494,4.160621308641926,220.0324599999949,38.0,18.0,3.0,9.0,3.0,0.0,0.0,0.17270179136296926,42.245309999998426,5.946823243243105,371.5133799999967,121.0,52.0,7.0,36.0,5.142857142857143,0.0,6.0,0.3256948646102627,26.078980000005686,3.0959448333333057,62.09073999999964,36.0,18.0,7.0,14.0,2.0,0.0,0.0,0.5797966009102196,8.139900000001944,1.7740211428571326,13.33060999999725,5.0,2.0,2.0,1.0,0.5,0.0,0.0,0.3750766093975468,8.949199999995471,3.3326524999993126,314.79295000000275,109.0,46.0,7.0,33.0,4.714285714285714,0.0,6.0,0.3462593428474146,21.46419999999489,2.9147495370370624,173.77125000000524,61.0,27.0,6.0,20.0,3.3333333333333335,0.0,2.0,0.3510362042052305,17.67627999999968,2.8961875000000874,739.611109999998,230.0,103.0,13.0,76.0,5.846153846153846,0.0,7.0,0.31097423617663156,42.245309999998426,3.229742838427939,4.587420000003476,7.0,5.0,5.0,4.0,0.8,0.0,0.0,1.525912168494425,1.8471500000014203,0.7645700000005794,2532.042282999999,733.0,301.0,35.0,204.0,5.828571428571428,4.0,11.0,0.2894896364572283,68.00345300000481,3.4590741571038235,2219.9412479999955,570.0,242.0,16.0,123.0,7.6875,3.0,11.0,0.2567635519694624,66.0044379999963,3.901478467486811,744.1985300000015,236.0,108.0,17.0,80.0,4.705882352941177,0.0,7.0,0.31711968041646027,42.245309999998426,3.1668022553191553,4,young-old,12.0,10.0,5.0
88,23,173.5489099999977,106.0,51.0,20.0,47.0,2.35,0.0,0.0,0.6107788288615664,10.61250999999902,1.65284676190474,206.64772999999695,35.0,13.0,2.0,3.0,1.5,4.0,2.0,0.16937035795167224,43.272839999997814,6.077874411764617,209.10396000000037,53.0,24.0,2.0,15.0,7.5,0.0,0.0,0.253462440405241,23.969810000002326,4.021230000000007,455.05514000000403,87.0,35.0,7.0,16.0,2.2857142857142856,0.0,0.0,0.19118562203252826,41.121680000003835,5.2913388372093495,57.292849999998,53.0,26.0,16.0,25.0,1.5625,0.0,0.0,0.9250718021533552,4.404069999996864,1.1017855769230385,109.27728999999817,36.0,16.0,7.0,13.0,1.8571428571428572,0.0,0.0,0.3294371593585511,31.936649999996007,3.1222082857142337,272.9922299999962,68.0,28.0,8.0,18.0,2.25,0.0,4.0,0.24909133860696675,21.118249999999534,4.074510895522331,67.50101999999606,30.0,15.0,7.0,11.0,1.5714285714285714,0.0,0.0,0.4444377284965731,26.011979999995674,2.327621379310209,175.08087000000523,91.0,43.0,8.0,40.0,5.0,0.0,0.0,0.5197598115659197,15.385709999995015,1.9453430000000582,46.059220000002824,16.0,9.0,6.0,6.0,1.0,0.0,0.0,0.34737887441426535,22.652600000001257,3.070614666666855,98.6208900000056,49.0,26.0,6.0,21.0,3.5,0.0,0.0,0.4968521375136365,11.856459999995423,2.0546018750001167,144.17631999999867,43.0,20.0,2.0,12.0,6.0,0.0,0.0,0.2982459255445027,13.543489999996382,3.432769523809492,183.11261999999988,70.0,32.0,10.0,25.0,2.5,0.0,1.0,0.382278403312672,37.852810000003956,2.65380608695652,316.6201199999996,115.0,48.0,5.0,32.0,6.4,3.0,8.0,0.3632112829721628,34.47331000000122,2.7773694736842067,69.27014000000054,37.0,16.0,8.0,13.0,1.625,0.0,0.0,0.5341406845720207,8.972480000003998,1.9241705555555706,238.6993300000031,71.0,35.0,5.0,19.0,3.8,0.0,0.0,0.29744532588339934,26.110789999998815,3.409990428571473,165.09032999999908,36.0,15.0,3.0,3.0,1.0,0.0,0.0,0.21806243890844607,15.003770000002987,4.716866571428545,258.9177200000049,82.0,36.0,6.0,22.0,3.6666666666666665,0.0,1.0,0.31670292786449084,15.003770000002987,3.196515061728456,7.434509999999136,12.0,8.0,5.0,7.0,1.4,0.0,0.0,1.6140942711760955,2.4705900000044494,0.675864545454467,,,,,,,,,,,,58.96113999999943,20.0,8.0,3.0,6.0,2.0,0.0,0.0,0.33920646717482383,11.015569999995932,3.103217894736812,71.4357100000052,34.0,16.0,3.0,9.0,3.0,0.0,1.0,0.47595243331377995,12.340750000003027,2.1647184848486423,451.31939999999304,178.0,78.0,12.0,54.0,4.5,0.0,3.0,0.3943991771681048,15.003770000002987,2.5498271186440284,5.193279999999504,14.0,8.0,8.0,7.0,0.875,0.0,0.0,2.6957914843800714,1.0618299999987357,0.39948307692303875,2056.483379999998,653.0,292.0,21.0,215.0,10.238095238095237,4.0,6.0,0.31753234981164824,43.272839999997814,3.1541156134969293,1626.9602700000032,608.0,276.0,17.0,209.0,12.294117647058824,3.0,9.0,0.37370304070178606,37.852810000003956,2.680329934102147,457.8107499999969,193.0,87.0,15.0,63.0,4.2,0.0,3.0,0.42157157733845546,15.003770000002987,2.384430989583317,4,young-old,13.0,13.0,3.0
89,24,222.0651380000054,94.0,44.0,17.0,38.0,2.235294117647059,0.0,0.0,0.42329922133026443,16.970695000003616,2.3877971827957567,256.9386369999993,50.0,15.0,1.0,0.0,0.0,6.0,2.0,0.19459899291051402,23.984513000003062,5.24364565306121,316.98985399999947,60.0,27.0,2.0,4.0,2.0,0.0,0.0,0.18928050611992175,33.08744999999908,5.3727093898305,589.9486560000005,96.0,34.0,7.0,16.0,2.2857142857142856,0.0,0.0,0.16272602543228765,70.00571499999933,6.209708747368437,80.99605499999598,54.0,25.0,10.0,22.0,2.2,0.0,0.0,0.6666991373839465,8.019732000000658,1.5282274528301127,235.0759229999967,55.0,24.0,6.0,15.0,2.5,0.0,0.0,0.2339669639412658,72.0043399999995,4.351703833333347,292.0038659999991,70.0,26.0,7.0,11.0,1.5714285714285714,0.0,6.0,0.23972285353235773,31.992880999998306,4.2319400869565085,85.99361399999907,27.0,10.0,5.0,9.0,1.8,0.0,2.0,0.31397680297516384,28.974054000005708,3.3074466923076566,201.97898399999394,86.0,40.0,10.0,25.0,2.5,0.0,0.0,0.4257868729550723,12.973039999997127,2.3762233411763996,43.9985250000027,20.0,9.0,5.0,6.0,1.2,0.0,0.0,0.45456069265955557,17.072614999997313,2.3157118421054053,142.93876199999795,41.0,19.0,6.0,15.0,2.5,0.0,0.0,0.2868361207717791,20.986720000000787,3.573469049999949,1009.9772059999959,237.0,109.0,11.0,33.0,3.0,0.0,0.0,0.2346587611998057,50.0095599999986,4.279564432203372,206.98760400000174,91.0,40.0,5.0,32.0,6.4,0.0,4.0,0.4396398539885472,13.991814000000886,2.299862266666686,592.9753920000003,101.0,37.0,5.0,10.0,2.0,2.0,12.0,0.17032747288103306,39.08970099999715,5.929753920000003,133.0045919999975,40.0,17.0,6.0,7.0,1.1666666666666667,0.0,0.0,0.30074149620338486,15.94635500000004,3.4103741538460897,232.93756600000052,55.0,28.0,9.0,18.0,2.0,0.0,0.0,0.23611477077080764,43.95938000000024,4.313658629629639,167.64173999999912,50.0,21.0,10.0,17.0,1.7,0.0,2.0,0.29825507656983435,43.198960000001534,3.421259999999982,235.3585099999982,55.0,22.0,5.0,8.0,1.6,0.0,2.0,0.2336860477235364,29.792139999997744,4.358490925925893,15.605390000004263,6.0,2.0,1.0,0.0,0.0,0.0,0.0,0.38448254096811174,12.281670000003942,3.1210780000008524,373.33555999999953,88.0,39.0,11.0,28.0,2.5454545454545454,0.0,3.0,0.23571287985532402,63.61231000000407,4.291213333333328,18.426830000003974,4.0,2.0,1.0,0.0,0.0,0.0,0.0,0.21707477629082905,14.006610000004002,6.142276666667992,164.93231000000378,37.0,15.0,5.0,10.0,2.0,0.0,1.0,0.22433445575338848,63.61231000000407,4.58145305555566,512.5486699999965,139.0,58.0,11.0,34.0,3.090909090909091,0.0,5.0,0.27119375804838386,63.61231000000407,3.714120797101424,7.957150000002002,6.0,5.0,5.0,4.0,0.8,0.0,0.0,0.7540388204317489,3.062630000000354,1.5914300000004005,2518.0370580000017,631.0,260.0,18.0,167.0,9.277777777777779,6.0,10.0,0.2505920228597365,72.0043399999995,3.996884219047622,2865.984174999998,764.0,340.0,14.0,177.0,12.642857142857142,2.0,16.0,0.26657509370232324,50.0095599999986,3.75620468545216,703.3874800000049,198.0,85.0,22.0,57.0,2.590909090909091,0.0,7.0,0.28149491657144454,63.61231000000407,3.57049482233505,2,MCI,11.0,13.0,5.0
90,23,351.80122899999697,214.0,81.0,18.0,65.0,3.611111111111111,0.0,0.0,0.60829804548523,17.162005999998655,1.6516489624413002,288.085196,52.0,13.0,2.0,8.0,4.0,6.0,2.0,0.18050215950700918,42.54189800000313,5.648729333333333,324.6605630000049,76.0,28.0,3.0,16.0,5.333333333333333,0.0,0.0,0.23409064315581454,42.22419700000319,4.328807506666732,454.5108760000003,104.0,22.0,3.0,15.0,5.0,0.0,0.0,0.2288174067808224,34.38458499999979,4.412726951456313,59.392437000002246,54.0,23.0,10.0,20.0,2.0,0.0,0.0,0.909206672223232,7.110456000002159,1.120612018867967,68.79774099999486,77.0,36.0,18.0,35.0,1.9444444444444444,0.0,0.0,1.1192227954113458,5.817551999993157,0.9052334342104587,272.264479999998,140.0,41.0,8.0,24.0,3.0,3.0,18.0,0.5142058927407682,15.397758999999496,1.958737266187036,29.689448999997694,20.0,11.0,7.0,9.0,1.2857142857142858,0.0,0.0,0.6736399857067591,5.9547810000003665,1.562602578947247,52.639925999996194,36.0,16.0,5.0,13.0,2.6,0.0,0.0,0.6838915389053283,4.457746000000043,1.503997885714177,34.06520900000032,25.0,9.0,5.0,6.0,1.2,0.0,0.0,0.7338865879261085,5.658894000000146,1.4193837083333467,108.30030499999702,78.0,25.0,5.0,14.0,2.8,0.0,0.0,0.7202195783290005,5.956296000003931,1.4064974675324289,283.16234400000394,81.0,26.0,3.0,16.0,5.333333333333333,0.0,0.0,0.2860549847687335,17.051993000000948,3.539529300000049,180.23518400000466,55.0,19.0,6.0,12.0,2.0,0.0,0.0,0.3051568444039127,23.784025000000838,3.337688592592679,385.5664040000047,189.0,42.0,7.0,28.0,4.0,8.0,8.0,0.4901879366024787,14.265988999999536,2.0508851276595994,197.4929570000022,63.0,26.0,6.0,14.0,2.3333333333333335,0.0,0.0,0.3189987175086922,21.47519199999806,3.185370274193584,236.49103399999876,69.0,23.0,5.0,11.0,2.2,0.0,0.0,0.29176581806479973,36.30791799999861,3.4778093235293936,969.4785339999944,404.0,131.0,21.0,103.0,4.904761904761905,16.0,16.0,0.4167188708481526,36.29020599999785,2.405653930521078,668.7970190000051,257.0,88.0,21.0,69.0,3.2857142857142856,2.0,11.0,0.3842720477197552,36.29020599999785,2.61248835546877,10.96163200000592,18.0,8.0,7.0,7.0,1.0,0.0,0.0,1.6420912506450023,1.6625360000034561,0.6448018823532894,207.73116400000436,146.0,55.0,21.0,49.0,2.3333333333333335,2.0,10.0,0.702831473086036,17.790271999998367,1.4326287172414094,,,,,,,,,,,,705.3256410000031,247.0,77.0,17.0,56.0,3.2941176470588234,8.0,6.0,0.35019285510421266,36.29020599999785,2.867177402439037,760.3525609999997,285.0,91.0,21.0,69.0,3.2857142857142856,8.0,9.0,0.3748261196426747,36.29020599999785,2.677297749999999,4.995913000006112,7.0,5.0,5.0,4.0,0.8,0.0,0.0,1.401145296163371,2.2009220000036294,0.8326521666676854,2387.456269999995,1028.0,359.0,22.0,280.0,12.727272727272727,9.0,20.0,0.43058380290249343,42.54189800000313,2.324689649464455,1879.2768089999954,736.0,231.0,16.0,157.0,9.8125,8.0,8.0,0.39164001624201483,48.082666000002064,2.556839195918361,974.4744470000005,410.0,135.0,25.0,107.0,4.28,16.0,16.0,0.4207396112460605,36.29020599999785,2.382578110024451,7,at risk,13.0,,
91,16,520.0355780000027,190.0,90.0,24.0,74.0,3.0833333333333335,0.0,0.0,0.36535961776061215,31.945906000000832,2.751510994709009,202.00405400000454,44.0,15.0,4.0,4.0,1.0,5.0,2.0,0.21781741073374206,30.95788000000175,4.697768697674524,286.027184999999,59.0,28.0,4.0,4.0,1.0,0.0,0.0,0.20627409943568897,21.925673999998253,4.931503189655155,568.0113160000037,121.0,31.0,5.0,17.0,3.4,0.0,0.0,0.21302392503743572,32.005334999994375,4.733427633333364,87.01055400000041,63.0,27.0,9.0,24.0,2.6666666666666665,0.0,0.0,0.7240500962676286,10.017363999999361,1.4022311935483642,256.9440509999986,137.0,64.0,10.0,56.0,5.6,0.0,0.0,0.5331900056327856,15.977248000002874,1.8892944926470483,495.9738900000011,107.0,40.0,5.0,13.0,2.6,0.0,2.0,0.21573716309945218,25.968243000002985,4.678998962264162,64.02914500000043,21.0,9.0,5.0,5.0,1.0,0.0,2.0,0.3279756429669623,22.012928999996802,3.201457250000021,153.96901100000105,70.0,33.0,10.0,23.0,2.3,0.0,0.0,0.454636939896948,12.96975399999792,2.2314349420290007,54.95041599999968,14.0,6.0,4.0,4.0,1.0,0.0,0.0,0.2547751412837363,29.929103000002215,4.226955076923052,203.9073389999976,50.0,23.0,6.0,11.0,1.8333333333333333,0.0,0.0,0.24520941838194746,25.044636999999057,4.1613742653060735,389.03701100000035,71.0,32.0,5.0,9.0,1.8,0.0,0.0,0.1825019162508421,78.9589599999963,5.55767158571429,241.9792249999955,81.0,36.0,10.0,28.0,2.8,0.0,2.0,0.3347394802177811,18.995781999998144,3.0247403124999437,533.0802509999994,136.0,42.0,8.0,24.0,3.0,6.0,10.0,0.25512106243830845,46.07874699999957,3.9487425999999957,187.04793000000063,102.0,49.0,7.0,39.0,5.571428571428571,0.0,0.0,0.5453147757368908,17.942402000000584,1.8519597029703032,213.0525340000022,51.0,23.0,4.0,8.0,2.0,0.0,0.0,0.23937757999160655,19.003348000005644,4.261050680000044,,,,,,,,,,,,,,,,,,,,,,,,,,,,,,,,,,,,,,,,,,,,,,,,,,,,,,,,,,,,,,,,,,,,,,,,,,,,,,,,,,,,,,,,,2993.0237810000035,965.0,396.0,25.0,280.0,11.2,5.0,6.0,0.322416415842036,39.99122100000386,3.104796453319506,2659.0219320000033,748.0,320.0,16.0,205.0,12.8125,6.0,12.0,0.28130644241711317,94.97052799999801,3.5596009799196833,,,,,,,,,,,,4,young-old,19.0,,
93,24,168.57460999999603,82.0,37.0,10.0,26.0,2.6,0.0,0.0,0.48643149760217114,16.972279000001436,2.081168024691309,284.473880000005,54.0,17.0,1.0,0.0,0.0,6.0,2.0,0.18982410617100962,45.97512299999653,5.36421698113211,441.8497600000046,84.0,27.0,6.0,13.0,2.1666666666666665,0.0,0.0,0.19010986901972998,49.435726999996405,5.323491084337405,611.8441200000016,146.0,48.0,6.0,36.0,6.0,0.0,0.0,0.23862287015195902,72.11560499999905,4.219614620689666,75.87069000000338,60.0,30.0,9.0,25.0,2.7777777777777777,0.0,0.0,0.7908192214937986,11.834280000002764,1.2858592372881426,123.65730600000097,29.0,15.0,8.0,11.0,1.375,0.0,0.0,0.234519099097952,65.81523999999627,4.416332357142892,348.4747000000061,133.0,52.0,9.0,30.0,3.3333333333333335,0.0,12.0,0.3816632886117634,28.792059999999765,2.639959848484895,128.72565000000031,138.0,61.0,23.0,59.0,2.5652173913043477,0.0,4.0,1.0720474124620825,5.083619999997609,0.9396032846715351,115.85782299999846,48.0,22.0,7.0,18.0,2.5714285714285716,0.0,0.0,0.4143008970572547,17.999748000002,2.4650600638297546,46.20977799999673,28.0,9.0,4.0,4.0,1.0,0.0,0.0,0.6059323634924622,6.754899999999907,1.7114732592591382,147.48053599999548,93.0,32.0,8.0,24.0,3.0,0.0,0.0,0.6305916870277909,9.988043999997899,1.603049304347777,358.56528000000253,96.0,43.0,9.0,29.0,3.2222222222222223,0.0,0.0,0.267733674604522,30.705979999998817,3.7743713684210793,300.08452599999873,160.0,75.0,12.0,63.0,5.25,0.0,2.0,0.5331831072156006,14.805959999997867,1.886960729559744,429.2866830000057,363.0,114.0,21.0,94.0,4.476190476190476,4.0,6.0,0.8455887740640563,15.935562999999092,1.185874814917143,168.89363999999478,122.0,27.0,6.0,13.0,2.1666666666666665,0.0,0.0,0.7223481002600439,7.514983999994001,1.395815206611527,251.2963699999964,113.0,13.0,8.0,11.0,1.375,0.0,0.0,0.4496682542609017,14.825389999998151,2.243717589285682,192.91584599999624,98.0,48.0,10.0,39.0,3.9,0.0,1.0,0.5079935216934015,16.120591999999306,1.9888231546391364,213.02355499999976,113.0,50.0,6.0,35.0,5.833333333333333,0.0,2.0,0.5304577702686453,16.120591999999306,1.9019960267857121,110.60612599999877,87.0,44.0,17.0,38.0,2.235294117647059,0.0,1.0,0.7865748774168346,6.815724000000046,1.286117744186032,5.983989000000292,9.0,3.0,2.0,2.0,1.0,0.0,0.0,1.504013459917717,2.2036630000002333,0.7479986250000366,6.029613999999128,2.0,0.0,0.0,0.0,0.0,0.0,2.0,0.3316961914975468,6.029613999999128,6.029613999999128,276.91104300000006,147.0,63.0,17.0,46.0,2.7058823529411766,0.0,8.0,0.5308564021406685,12.993695000004664,1.8966509794520552,571.0535239999954,286.0,121.0,21.0,91.0,4.333333333333333,0.0,11.0,0.5008287104099935,20.998984999998356,2.0036965754385805,55.664236000004166,26.0,12.0,7.0,10.0,1.4285714285714286,0.0,2.0,0.4670862634313,22.255945999997493,2.2265694400001665,2512.753899999996,805.0,317.0,33.0,231.0,7.0,6.0,18.0,0.3203656354886172,72.11560499999905,3.1253157960198954,1927.8918799999956,1085.0,356.0,30.0,280.0,9.333333333333334,4.0,8.0,0.5627908967592117,30.705979999998817,1.7784980442804388,714.2092699999994,379.0,166.0,29.0,133.0,4.586206896551724,0.0,13.0,0.5306567919511886,22.255945999997493,1.8894425132275117,6,other medical,16.0,,
95,16,321.0214699999997,171.0,74.0,17.0,65.0,3.823529411764706,0.0,0.0,0.532674652570746,21.07911000000604,1.8883615882352922,342.00932000000466,57.0,16.0,2.0,6.0,3.0,4.0,2.0,0.16666212488010335,40.01846999999543,6.107309285714369,336.4714000000022,113.0,48.0,9.0,33.0,3.6666666666666665,0.0,0.0,0.33583835059978134,25.65245000000141,3.004208928571448,606.2409100000004,153.0,50.0,6.0,26.0,4.333333333333333,0.0,0.0,0.25237491808330764,25.29946999999811,3.988427039473687,99.42572000000655,78.0,33.0,10.0,30.0,3.0,0.0,0.0,0.7845052567886344,7.716930000002321,1.291243116883202,275.6793499999985,51.0,22.0,6.0,17.0,2.8333333333333335,0.0,0.0,0.18499753427306134,48.69054999999935,5.51358699999997,623.4233500000046,276.0,104.0,9.0,76.0,8.444444444444445,0.0,12.0,0.4427168151465581,35.8594099999973,2.266994000000017,83.6889599999995,27.0,12.0,5.0,9.0,1.8,0.0,1.0,0.3226231990456108,21.96940999999788,3.2188061538461343,117.98554000000149,34.0,16.0,8.0,14.0,1.75,0.0,0.0,0.28817090636699694,40.05778000000282,3.575319393939439,69.54705999999715,35.0,11.0,6.0,10.0,1.6666666666666667,0.0,0.0,0.5032563561996932,7.128310000000056,2.0455017647057985,235.50617999999668,145.0,47.0,7.0,36.0,5.142857142857143,0.0,0.0,0.615695095559709,13.87029999999504,1.6354595833333103,216.09414999999717,51.0,25.0,5.0,17.0,3.4,0.0,0.0,0.2360082399269053,23.85833999999886,4.321882999999944,141.91539999999804,75.0,35.0,6.0,27.0,4.5,0.0,2.0,0.528483871376898,8.581599999997707,1.9177756756756492,674.0767500000002,329.0,112.0,21.0,93.0,4.428571428571429,2.0,4.0,0.48807498552649964,37.49783000000025,2.0551120426829272,98.01958000000013,28.0,13.0,7.0,9.0,1.2857142857142858,0.0,0.0,0.2856572125691618,24.53222000000096,3.6303548148148197,189.2375800000009,67.0,29.0,5.0,25.0,5.0,0.0,0.0,0.3540522976461635,22.911679999997432,2.867236060606074,,,,,,,,,,,,,,,,,,,,,,,,,,,,,,,,,,,,,,,,,,,,,,,,,,,,,,,,,,,,,,,,,,,,,,,,,,,,,,,,,,,,,,,,,3299.8241100000014,1151.0,442.0,20.0,329.0,16.45,4.0,15.0,0.34880647017273886,48.69054999999935,2.8694122695652187,2135.3104299999977,901.0,339.0,26.0,281.0,10.807692307692308,2.0,6.0,0.4219526994021197,40.05778000000282,2.372567144444442,,,,,,,,,,,,9,younger adult (ESL),21.0,,
97,23,197.70593100000406,129.0,53.0,12.0,47.0,3.9166666666666665,0.0,0.0,0.6524842191001208,11.025696999997308,1.5445775859375317,144.36371900000086,65.0,17.0,2.0,8.0,4.0,6.0,2.0,0.4502516314365635,14.448262999998406,2.2556831093750134,219.8220799999981,60.0,23.0,2.0,16.0,8.0,0.0,0.0,0.2729480132296106,23.134374000001117,3.7257979661016627,527.6381589999946,125.0,32.0,8.0,24.0,3.0,0.0,0.0,0.23690477625216882,59.06116299999849,4.255146443548344,67.66355099999782,77.0,28.0,10.0,25.0,2.5,0.0,0.0,1.1379834321731426,5.790327000002435,0.8903098815789188,128.64921599999798,56.0,23.0,6.0,18.0,3.0,0.0,0.0,0.43529219797189345,18.44875200000388,2.339076654545418,371.18341900000087,130.0,46.0,8.0,26.0,3.25,3.0,10.0,0.3502311615918374,16.811228999999003,2.877390844961247,52.25074699999823,48.0,19.0,8.0,16.0,2.0,0.0,2.0,0.9186471535038844,6.404282999996212,1.111718021276558,77.2809419999976,58.0,28.0,8.0,24.0,3.0,0.0,0.0,0.7505084500652413,9.070847000002686,1.3558059999999579,44.13835699999618,32.0,13.0,8.0,12.0,1.5,0.0,0.0,0.7249930032511807,7.375092999995104,1.4238179677418121,233.95479300000443,117.0,38.0,9.0,26.0,2.888888888888889,0.0,0.0,0.5000966148190765,9.693898000004992,2.0168516637931417,246.82631100000435,66.0,25.0,3.0,14.0,4.666666666666667,0.0,0.0,0.2673945080352428,29.209059000000707,3.7973278615385286,169.706603000006,68.0,25.0,7.0,21.0,3.0,0.0,2.0,0.4006915393857574,29.721519999999146,2.532934373134418,313.91028599999845,170.0,36.0,7.0,26.0,3.7142857142857144,12.0,4.0,0.5415560036793469,15.606047999994189,1.8574573136094583,92.28782800000045,44.0,16.0,9.0,14.0,1.5555555555555556,0.0,0.0,0.4767692658234387,28.618680999999924,2.146228558139545,145.08833099999902,71.0,28.0,6.0,21.0,3.5,0.0,0.0,0.489357066213688,14.031852000000072,2.072690442857129,341.21656999999686,76.0,24.0,2.0,12.0,6.0,0.0,0.0,0.2227324423312757,26.27915899999789,4.549554266666624,136.5762440000035,45.0,15.0,5.0,11.0,2.2,0.0,4.0,0.3294862904561854,11.0009080000018,3.104005545454625,7.656048999997438,12.0,8.0,7.0,7.0,1.0,0.0,0.0,1.5673880875114587,2.1181569999971543,0.6960044545452216,64.34113900000375,54.0,28.0,12.0,25.0,2.0833333333333335,0.0,0.0,0.8392764075873269,6.6680669999987,1.2139837547170518,,,,,,,,,,,,239.23111100000096,101.0,38.0,10.0,33.0,3.3,0.0,6.0,0.42218589203475126,23.810497999998915,2.39231111000001,245.92900599999848,110.0,41.0,11.0,33.0,3.0,0.0,8.0,0.4472835546694345,23.810497999998915,2.256229412844023,50.218432000001485,45.0,21.0,8.0,20.0,2.5,0.0,0.0,0.8960853258022606,9.9566049999994,1.1413280000000336,2264.642211999999,909.0,327.0,19.0,256.0,13.473684210526315,9.0,14.0,0.4013879080692507,59.06116299999849,2.4940993524229063,1825.4903310000009,809.0,280.0,17.0,209.0,12.294117647058824,12.0,6.0,0.4431686031209111,29.721519999999146,2.2592702116336643,664.0899740000023,239.0,90.0,17.0,71.0,4.176470588235294,0.0,8.0,0.35989099272262043,26.27915899999789,2.7902940084033707,7,at risk,20.0,,
98,24,327.02936500000214,537.0,200.0,28.0,172.0,6.142857142857143,0.0,6.0,1.6420543763707474,7.699454000001424,0.6101294123134369,187.15241600000445,119.0,37.0,2.0,19.0,9.5,6.0,2.0,0.6358453849721992,16.48610400000325,1.5860374237288513,262.3327149999968,136.0,59.0,7.0,36.0,5.142857142857143,0.0,0.0,0.5184256183983825,26.059135000003153,1.9432052962962727,609.7239849999969,496.0,192.0,17.0,123.0,7.235294117647059,0.0,4.0,0.8134828417484716,15.90634599999612,1.23176562626262,64.94986800000333,95.0,37.0,11.0,33.0,3.0,0.0,4.0,1.4626665599997082,9.352689999999711,0.690956042553227,196.26845300000423,150.0,64.0,12.0,47.0,3.9166666666666665,0.0,0.0,0.764259348393584,19.674747999997635,1.317237939597344,264.8155809999953,208.0,87.0,10.0,51.0,5.1,3.0,12.0,0.7854522729159342,17.82031299999653,1.279302323671475,79.62880399999995,127.0,51.0,12.0,43.0,3.5833333333333335,0.0,2.0,1.594900257449554,7.293938999995589,0.6319746349206344,40.97368199999619,68.0,30.0,12.0,28.0,2.3333333333333335,0.0,2.0,1.6596018878656384,5.0955529999991995,0.6115474925372565,26.648122999999032,44.0,18.0,10.0,15.0,1.5,0.0,0.0,1.651148187810511,5.076788000005763,0.6197237906976519,171.879277,119.0,54.0,10.0,44.0,4.4,0.0,0.0,0.6923464077638632,10.70774800000072,1.4566040423728814,164.2527390000032,113.0,51.0,4.0,35.0,8.75,0.0,0.0,0.6879641745273898,21.96999599999981,1.4665423125000285,252.36727300000348,297.0,133.0,10.0,107.0,10.7,0.0,1.0,1.1768562399927185,6.387767000000167,0.8525921385135252,416.88833599999634,345.0,129.0,9.0,81.0,9.0,7.0,6.0,0.8275597329257085,14.111503000000084,1.211884697674408,188.42383600000176,174.0,64.0,11.0,45.0,4.090909090909091,0.0,0.0,0.9234500458848443,12.880336999995052,1.0891551213872934,199.9659079999983,143.0,64.0,8.0,37.0,4.625,0.0,2.0,0.7151218996790253,18.747402000000875,1.408210619718298,263.161672000002,79.0,37.0,4.0,14.0,3.5,0.0,0.0,0.30019569111112576,51.56835999999748,3.3738675897436154,210.33584100000007,216.0,86.0,9.0,65.0,7.222222222222222,1.0,13.0,1.0269291195122563,6.517563000001246,0.9783062372093027,21.37800099999731,28.0,13.0,6.0,10.0,1.6666666666666667,0.0,0.0,1.3097576335600096,4.573011000000406,0.7917778148147152,32.61779100000422,22.0,11.0,3.0,2.0,0.6666666666666666,0.0,0.0,0.6744785384147306,5.768373999999312,1.5532281428573438,35.041581999998016,30.0,11.0,3.0,4.0,1.3333333333333333,0.0,2.0,0.8561257308531818,7.472299999993993,1.208330413793035,472.10703400000057,267.0,113.0,8.0,71.0,8.875,0.0,11.0,0.5655497181175226,51.56835999999748,1.7748384736842127,638.326519000002,477.0,194.0,19.0,134.0,7.052631578947368,1.0,21.0,0.7472664628555069,51.56835999999748,1.3410220987395,4.770308999999543,11.0,7.0,7.0,6.0,0.8571428571428571,0.0,0.0,2.3059302866965337,1.6501869999992778,0.4770308999999543,2498.3983200000002,2320.0,910.0,32.0,658.0,20.5625,9.0,30.0,0.9285949247676406,26.059135000003153,1.0773602069857697,1714.440579999995,1552.0,647.0,22.0,486.0,22.09090909090909,7.0,11.0,0.9052515544166626,21.96999599999981,1.1053775499677594,650.6121930000008,491.0,202.0,22.0,142.0,6.454545454545454,1.0,21.0,0.754673836861215,51.56835999999748,1.3277799857142873,4,young-old,18.0,11.0,3.0
99,21,264.02955400000064,116.0,55.0,18.0,51.0,2.8333333333333335,0.0,0.0,0.4393447560798429,14.009448999997403,2.295909165217397,309.96420399999624,66.0,25.0,9.0,14.0,1.5555555555555556,3.0,5.0,0.2129278127870559,46.917914999998175,4.7686800615384035,243.06004799999937,10.0,3.0,2.0,1.0,0.5,0.0,0.0,0.041142096705255427,100.9590790000002,27.00667199999993,706.9423860000024,109.0,34.0,4.0,4.0,1.0,0.0,2.0,0.1541851247832799,38.03654400000232,6.545762833333356,57.00166000000172,47.0,23.0,9.0,20.0,2.2222222222222223,0.0,0.0,0.82453739066544,8.99946700000146,1.2391665217391679,,,,,,,,,,,,386.98118400000385,74.0,28.0,6.0,9.0,1.5,0.0,8.0,0.1912237676134643,59.97381299999688,5.301112109589094,80.05460000000312,32.0,15.0,8.0,12.0,1.5,0.0,2.0,0.39972718619540604,31.074006999995618,2.582406451613004,146.080793000001,60.0,29.0,9.0,20.0,2.2222222222222223,0.0,2.0,0.4107316147989393,17.95060600000579,2.4759456440678136,27.944784999999683,16.0,7.0,5.0,5.0,1.0,0.0,0.0,0.5725576346355924,5.999954999999318,1.8629856666666456,238.94408500000281,72.0,35.0,5.0,21.0,4.2,0.0,0.0,0.301325726476967,22.966003000001365,3.3654096478873634,291.00091699999757,65.0,28.0,6.0,15.0,2.5,0.0,0.0,0.2233669937198189,38.00367700000061,4.546889328124962,213.99741599999834,105.0,52.0,11.0,38.0,3.4545454545454546,0.0,1.0,0.4906601302139126,10.015283000000636,2.0576674615384456,416.0588409999982,100.0,30.0,3.0,7.0,2.3333333333333335,2.0,8.0,0.2403506190606353,18.065300000002026,4.202614555555537,124.99692999999388,53.0,19.0,7.0,12.0,1.7142857142857142,0.0,0.0,0.42401041369578113,17.083859999998822,2.4037327499999472,111.95192999999563,28.0,10.0,5.0,7.0,1.4,0.0,0.0,0.2501073451793202,35.9719780000014,4.146367777777616,721.5469599999997,211.0,97.0,11.0,72.0,6.545454545454546,0.0,2.0,0.2924272593428986,52.02988999999798,3.435937904761903,612.3041500000036,164.0,75.0,11.0,56.0,5.090909090909091,0.0,2.0,0.26784074548571823,52.02988999999798,3.7564671779141325,635.1458500000008,183.0,84.0,11.0,63.0,5.7272727272727275,0.0,2.0,0.28812279888154785,52.02988999999798,3.489812362637367,25.83845999999903,9.0,6.0,5.0,5.0,1.0,0.0,0.0,0.3483179725107587,9.804630000006,3.229807499999879,40.78038000000379,10.0,5.0,2.0,2.0,1.0,0.0,0.0,0.24521595924312306,12.314089999999851,4.531153333333754,,,,,,,,,,,,,,,,,,,,,,,2.1051099999967846,3.0,3.0,3.0,2.0,0.6666666666666666,0.0,0.0,1.425103676294627,1.056509999994887,1.0525549999983923,2674.0789640000003,621.0,256.0,28.0,177.0,6.321428571428571,3.0,18.0,0.23222949223275066,100.9590790000002,4.313030587096774,2284.9977720000024,630.0,261.0,19.0,175.0,9.210526315789474,2.0,11.0,0.27571142857114317,81.02267500000016,3.632746855325918,807.4643499999947,234.0,110.0,15.0,82.0,5.466666666666667,0.0,3.0,0.2897960758267551,52.02988999999798,3.465512231759634,2,MCI,14.0,13.0,5.0
100,24,534.0003280000019,82.0,28.0,6.0,17.0,2.8333333333333335,0.0,0.0,0.15355795811421244,49.69623700000375,6.592596641975332,430.39892300000065,41.0,8.0,2.0,1.0,0.5,4.0,2.0,0.09526046142081061,60.50675300000148,10.759973075000016,31.091609999995853,9.0,4.0,3.0,2.0,0.6666666666666666,0.0,0.0,0.2894671585035706,8.498941999998351,3.8864512499994817,854.1907700000011,83.0,2.0,1.0,0.0,0.0,0.0,1.0,0.09716798976884274,59.306925999997475,10.41696060975611,48.29215000000113,47.0,21.0,11.0,19.0,1.7272727272727273,0.0,0.0,0.97324306331358,6.494837999998708,1.0498293478261116,171.01909899999737,64.0,27.0,8.0,15.0,1.875,0.0,0.0,0.37422720838916934,15.20101999999315,2.714588873015831,531.9859940000024,135.0,48.0,9.0,22.0,2.4444444444444446,0.0,12.0,0.2537660794129843,30.330430000001797,3.9700447313433016,111.36467999999877,45.0,22.0,8.0,17.0,2.125,0.0,1.0,0.40407784586639584,35.54977700000018,2.5310154545454266,168.02909999999974,78.0,38.0,7.0,29.0,4.142857142857143,0.0,0.0,0.4642053072949871,11.910280000003695,2.1821961038961004,61.92217100000562,26.0,3.0,2.0,1.0,0.5,0.0,0.0,0.41988191919171636,21.714437999995425,2.476886840000225,178.10761800000182,70.0,24.0,7.0,14.0,2.0,0.0,0.0,0.3930208083519442,18.904779999997118,2.581269826086983,130.23948000000382,28.0,10.0,2.0,4.0,2.0,0.0,0.0,0.21498857335731975,34.03305800000089,4.823684444444586,531.0043720000031,206.0,94.0,8.0,61.0,7.625,0.0,1.0,0.38794407515725465,28.220563999995647,2.5902652292683075,403.8100359999953,133.0,36.0,6.0,6.0,1.0,0.0,6.0,0.32936278978465394,23.025215999994543,3.0580912121211883,176.43012000000454,53.0,24.0,6.0,12.0,2.0,0.0,0.0,0.30040222157077623,56.00928999999451,3.3928869230770102,189.55653000000166,48.0,23.0,5.0,9.0,1.8,0.0,0.0,0.2532226138556112,21.926644999999553,4.033117659574503,959.2109999999957,187.0,70.0,14.0,43.0,3.0714285714285716,0.0,9.0,0.19495189275352434,79.46686399999453,5.157048387096751,964.6002539999972,183.0,67.0,9.0,33.0,3.6666666666666665,0.0,8.0,0.18971589447663625,79.46686399999453,5.30000139560438,238.65715900000214,101.0,43.0,13.0,31.0,2.3846153846153846,0.0,9.0,0.4232012164361644,16.140341999998782,2.3865715900000213,252.01816800000233,63.0,24.0,4.0,8.0,2.0,0.0,4.0,0.24998197748981105,18.25950799999555,4.06480916129036,789.2742699999944,145.0,52.0,9.0,26.0,2.888888888888889,0.0,6.0,0.18371307099622167,79.46686399999453,5.481071319444406,198.61394299999665,69.0,27.0,6.0,15.0,2.5,0.0,9.0,0.3474076339142069,16.140341999998782,2.9207932794117153,919.0296119999985,173.0,63.0,9.0,31.0,3.4444444444444446,0.0,6.0,0.18824203022524622,79.46686399999453,5.343195418604642,27.01447200000257,3.0,2.0,2.0,1.0,0.5,0.0,0.0,0.11105158746022187,17.06240400000388,13.507236000001285,3083.182621,622.0,207.0,20.0,128.0,6.4,4.0,16.0,0.20173959069549388,60.50675300000148,4.964867344605475,2301.3300400000007,794.0,316.0,16.0,185.0,11.5625,2.0,9.0,0.3450178749676425,67.47896200000105,2.9020555359394713,1239.9865040000004,252.0,95.0,15.0,53.0,3.533333333333333,0.0,13.0,0.20322801835914167,79.46686399999453,4.9401852749004,5,old-old,14.0,13.0,4.0
101,24,298.99427099999957,131.0,57.0,22.0,52.0,2.3636363636363638,0.0,0.0,0.43813548521135437,20.00373600000239,2.2998330153846136,114.06470900000568,24.0,3.0,1.0,0.0,0.0,3.0,2.0,0.21040688404332672,26.004926000001433,4.95933517391329,236.96850699999777,35.0,6.0,2.0,1.0,0.5,0.0,0.0,0.14769895140538794,31.99972899999557,6.96966197058817,495.01135699999577,100.0,25.0,4.0,8.0,2.0,0.0,2.0,0.20201556708930388,32.00010299999849,5.000114717171674,52.00695299999643,47.0,21.0,8.0,19.0,2.375,0.0,0.0,0.9037253153439546,5.98014300000068,1.130585934782531,115.92080100000021,27.0,7.0,3.0,4.0,1.3333333333333333,0.0,0.0,0.23291764521192318,20.00572899999679,4.458492346153855,337.9725899999976,97.0,25.0,5.0,9.0,1.8,0.0,6.0,0.287005523140207,17.999930000005406,3.520547812499975,68.97481899999548,46.0,18.0,5.0,11.0,2.2,0.0,0.0,0.6669100501735715,6.965830000001006,1.532773755555455,65.96511299999838,21.0,9.0,3.0,5.0,1.6666666666666667,0.0,0.0,0.3183500951480295,14.007743000001938,3.298255649999919,33.00412000000506,14.0,5.0,3.0,3.0,1.0,0.0,0.0,0.42418946483038644,9.984605999998166,2.538778461538851,113.02538500000082,34.0,18.0,4.0,11.0,2.75,0.0,0.0,0.30081737832611455,14.967709999997169,3.4250116666666917,46.995303999996395,10.0,4.0,1.0,0.0,0.0,0.0,0.0,0.21278721805908027,20.047641999997722,5.221700444444044,120.07796500000404,40.0,19.0,5.0,11.0,2.2,0.0,0.0,0.33311690450449133,26.966701999997895,3.078922179487283,257.04956200000015,57.0,18.0,4.0,4.0,1.0,3.0,8.0,0.2217471197247166,40.94684899999993,4.590170750000003,65.0199930000017,26.0,12.0,7.0,8.0,1.1428571428571428,0.0,0.0,0.39987700398551745,14.960869999995339,2.6007997200000683,185.96955900000466,12.0,4.0,3.0,3.0,1.0,0.0,0.0,0.06452668955352903,102.90306899999996,16.90632354545497,253.6704000000027,59.0,26.0,7.0,8.0,1.1428571428571428,0.0,0.0,0.23258527601170406,22.30097999999998,4.373627586206943,310.1825299999982,145.0,65.0,12.0,53.0,4.416666666666667,0.0,6.0,0.46746668808201686,25.861440000000584,2.15404534722221,24.22443000000203,15.0,8.0,6.0,6.0,1.0,0.0,0.0,0.6192096160776019,6.914650000006077,1.7303164285715735,26.17992999999842,12.0,5.0,3.0,3.0,1.0,0.0,0.0,0.45836638982612726,6.072489999998652,2.379993636363493,100.44135000000097,60.0,27.0,8.0,23.0,2.875,0.0,3.0,0.5973635360337094,8.290459999996528,1.7023957627118809,130.47302999999374,60.0,25.0,7.0,20.0,2.857142857142857,0.0,4.0,0.4598651537409906,17.92558000000281,2.211407288135487,149.17687999999907,82.0,36.0,9.0,31.0,3.4444444444444446,0.0,4.0,0.5496830339929385,12.665519999995013,1.8416898765431984,9.155360000004293,15.0,8.0,7.0,7.0,1.0,0.0,0.0,1.638384509182923,1.3250299999999697,0.6539542857145924,2163.028644999995,655.0,200.0,22.0,145.0,6.590909090909091,3.0,10.0,0.3028161469401167,32.00010299999849,3.3073832492354662,1387.0125320000006,271.0,100.0,13.0,59.0,4.538461538461538,3.0,8.0,0.19538395922726953,102.90306899999996,5.137083451851854,637.2804000000033,237.0,103.0,18.0,72.0,4.0,0.0,8.0,0.37189281201806734,25.861440000000584,2.7003406779661154,2,MCI,13.0,13.0,3.0
102,6,,,,,,,,,,,,,,,,,,,,,,,,,,,,,,,,,,,,,,,,,,,,,,,,,,,,,,,,,,,,,,,,,,,,,,,,,,,,,,,,,,,,,,,,,320.04439999999886,79.0,30.0,8.0,17.0,2.125,0.0,0.0,0.24684075084582102,23.399667000005138,4.103133333333319,103.87748000000283,44.0,8.0,4.0,3.0,0.75,0.0,0.0,0.42357592810298056,9.482410000004165,2.4157553488372754,114.21188999999868,24.0,10.0,4.0,5.0,1.25,0.0,5.0,0.21013573980782804,16.94595699999627,4.96573434782603,258.38764600000286,109.0,37.0,19.0,23.0,1.2105263157894737,0.0,22.0,0.42184679371241607,21.499221999998554,2.39247820370373,267.7837220000001,50.0,21.0,6.0,13.0,2.1666666666666665,0.0,1.0,0.18671784687494924,51.23049299999548,5.46497391836735,,,,,,,,,,,,354.42485999999917,67.0,30.0,4.0,7.0,1.75,0.0,0.0,0.18903865829276242,35.951230000006035,5.370073636363624,,,,,,,,,,,,,,,,,,,,,,,,,,,,,,,,,,,,,,,,,,,,,,,,,,,,,,,,,,,,,,,,,,,,,,,,,,,,,,,,,,,,,,,,,,,,,,,,,,,,,,,,,,,,,,,4221.513850999996,1704.0,735.0,26.0,554.0,21.307692307692307,0.0,50.0,0.4036466680303216,51.23049299999548,2.4788689671168505,,,,,,,,,,,,1,dementia,,,
103,24,202.2320299999992,112.0,50.0,15.0,44.0,2.933333333333333,0.0,0.0,0.5538192936104159,13.440569999998843,1.8219101801801731,170.51406000000134,53.0,20.0,2.0,9.0,4.5,3.0,2.0,0.31082480822988784,11.076840000001539,3.2791165384615644,141.90602999999828,42.0,16.0,2.0,7.0,3.5,0.0,0.0,0.2959705094984372,11.458520000000135,3.461122682926787,418.3903999999966,95.0,33.0,4.0,15.0,3.75,0.0,0.0,0.22706065913558432,28.166089999998803,4.450961702127623,48.06107999999949,49.0,21.0,9.0,19.0,2.111111111111111,0.0,0.0,1.0195359738066752,6.899330000000191,1.0012724999999894,140.36028000000078,43.0,17.0,5.0,15.0,3.0,0.0,0.0,0.3063544757818933,30.030969999999797,3.3419114285714473,428.0830300000016,135.0,47.0,8.0,32.0,4.0,0.0,6.0,0.31535938250109913,22.240649999999732,3.1946494776119523,52.14704999999958,41.0,20.0,7.0,16.0,2.2857142857142856,0.0,1.0,0.7862381476996365,6.564089999999851,1.3036762499999894,103.30662000000302,58.0,26.0,8.0,24.0,3.0,0.0,0.0,0.5614354627031481,25.58513999999559,1.8123968421053163,54.37239000000409,28.0,10.0,6.0,8.0,1.3333333333333333,0.0,0.0,0.5149672471634573,12.980609999998705,2.013792222222374,120.3506400000042,63.0,23.0,8.0,20.0,2.5,0.0,0.0,0.5234704194343943,19.972390000002633,1.9411393548387774,125.53910999999789,50.0,21.0,6.0,16.0,2.6666666666666665,0.0,0.0,0.3982822564219297,19.35454000000027,2.5620226530611814,266.9065100000007,98.0,41.0,10.0,32.0,3.2,0.0,2.0,0.3671697629256017,17.582449999994424,2.7516135051546464,320.73245999999926,155.0,39.0,7.0,26.0,3.7142857142857144,4.0,2.0,0.4832688278573374,10.357750000002852,2.0826783116883067,97.5483200000017,55.0,23.0,9.0,16.0,1.7777777777777777,0.0,0.0,0.5638231391375992,13.72204999999667,1.8064503703704018,283.92201999999816,68.0,30.0,6.0,19.0,3.1666666666666665,0.0,0.0,0.23950238167508262,42.7011199999979,4.237642089552211,217.8671800000011,72.0,30.0,10.0,23.0,2.3,0.0,2.0,0.33047657751846626,56.68662999999651,3.068551830985931,398.35055999999895,150.0,68.0,15.0,56.0,3.7333333333333334,0.0,2.0,0.37655275293199136,56.68662999999651,2.673493691275161,467.07654000000184,208.0,97.0,23.0,84.0,3.652173913043478,0.0,3.0,0.44532315838427505,56.68662999999651,2.2564084057971106,279.6161299999949,130.0,61.0,16.0,50.0,3.125,0.0,2.0,0.4649231072613815,19.889439999999013,2.1675668992247665,11.29320999999618,9.0,2.0,1.0,0.0,0.0,0.0,2.0,0.7969390456746173,3.7667700000019977,1.4116512499995224,377.7833499999979,177.0,75.0,19.0,61.0,3.210526315789474,0.0,11.0,0.4685225010578179,56.68662999999651,2.14649630681817,296.4713400000037,130.0,57.0,19.0,49.0,2.5789473684210527,0.0,4.0,0.4384909516042879,56.68662999999651,2.2982274418604938,431.0962700000018,179.0,84.0,21.0,71.0,3.380952380952381,0.0,2.0,0.4152204796390357,56.68662999999651,2.421889157303381,2123.8315100000036,853.0,349.0,28.0,277.0,9.892857142857142,3.0,9.0,0.40163261350237645,30.030969999999797,2.492759988262915,1668.2893100000001,673.0,246.0,16.0,194.0,12.125,4.0,4.0,0.4034072483507072,42.7011199999979,2.4825733779761907,563.7526700000017,269.0,119.0,23.0,99.0,4.304347826086956,0.0,11.0,0.4771596026321245,56.68662999999651,2.1035547388059763,4,young-old,15.0,14.0,2.0
104,13,66.30786399999488,34.0,13.0,6.0,9.0,1.5,0.0,0.0,0.5127596931791171,7.5859960000016144,2.009329212121057,121.91519400000107,46.0,13.0,2.0,6.0,3.0,3.0,2.0,0.37731146127692333,14.974136999997427,2.709226533333357,505.4373489999998,113.0,34.0,2.0,14.0,7.0,0.0,0.0,0.22356875728231956,51.16980899999908,4.512833473214284,625.2251899999974,163.0,38.0,4.0,16.0,4.0,0.0,0.0,0.2607060665613948,20.171213000001444,3.8594147530864036,130.11221800000203,79.0,30.0,9.0,25.0,2.7777777777777777,0.0,0.0,0.6071681907689773,14.074188999999024,1.668105358974385,222.87668700000359,50.0,19.0,6.0,13.0,2.1666666666666665,0.0,0.0,0.22433930023376197,27.19289900000149,4.548503816326604,420.3126370000027,126.0,35.0,4.0,15.0,3.75,5.0,4.0,0.2997768539612079,26.665657999998075,3.3625010960000217,264.317031999999,77.0,27.0,3.0,13.0,4.333333333333333,0.0,0.0,0.291316830464411,23.65609399999812,3.4778556842105135,139.2912260000012,41.0,14.0,5.0,10.0,2.0,0.0,0.0,0.29434732665788765,29.864586000003328,3.4822806500000296,54.206467999996676,44.0,5.0,3.0,3.0,1.0,0.0,0.0,0.8117112518750106,4.910433999997622,1.2606155348836436,308.9929379999958,117.0,30.0,5.0,15.0,3.0,0.0,0.0,0.3786494304928147,29.808320999996795,2.6637322241378945,,,,,,,,,,,,382.8745889999991,173.0,62.0,6.0,34.0,5.666666666666667,0.0,0.0,0.45184508183696775,13.725469999997586,2.226015052325576,,,,,,,,,,,,305.41628499999933,71.0,23.0,7.0,11.0,1.5714285714285714,0.0,0.0,0.23246959473690199,27.618910999997752,4.363089785714276,,,,,,,,,,,,,,,,,,,,,,,,,,,,,,,,,,,,,,,,,,,,,,,,,,,,,,,,,,,,,,,,,,,,,,,,,,,,,,,,,,,,,,,,,,,,,,,,,,,,3065.9514139999956,945.0,296.0,15.0,186.0,12.4,8.0,6.0,0.3082240624182316,51.16980899999908,3.24782988771186,1422.803240000001,560.0,172.0,15.0,108.0,7.2,0.0,0.0,0.39358920773894185,29.864586000003328,2.5452651878354224,,,,,,,,,,,,1,dementia,29.0,27.0,0.0
105,16,303.8843280000001,175.0,78.0,19.0,70.0,3.6842105263157894,0.0,0.0,0.5758770159414076,15.38490499999898,1.7464616551724144,140.60435699999653,30.0,6.0,2.0,3.0,1.5,8.0,2.0,0.21336465412661956,46.80145600000105,4.848426103448156,255.75518299999385,64.0,20.0,3.0,5.0,1.6666666666666667,0.0,0.0,0.2502393079556927,28.52065500000026,4.059606079364982,463.2547559999948,136.0,35.0,6.0,14.0,2.3333333333333335,0.0,2.0,0.29357496763616936,30.044335000005958,3.4315167111110725,70.2649040000033,76.0,28.0,11.0,25.0,2.272727272727273,0.0,0.0,1.0816210607787415,5.019302000000607,0.9368653866667106,179.46827699999994,90.0,32.0,14.0,29.0,2.0714285714285716,0.0,0.0,0.5014813843674447,17.10020199999417,2.0164974943820217,199.00331200000073,114.0,32.0,8.0,17.0,2.125,1.0,14.0,0.5728547874620277,9.286696000002848,1.7610912566371746,160.5982939999958,128.0,52.0,8.0,44.0,5.5,0.0,2.0,0.7970196744431379,10.762561000003188,1.2645534960629592,199.8498030000046,127.0,52.0,8.0,39.0,4.875,0.0,0.0,0.6354772338704635,10.178418999996211,1.5861095476190843,39.0761199999979,27.0,7.0,6.0,6.0,1.0,0.0,0.0,0.6909590819150276,6.2436910000033095,1.5029276923076116,195.1039679999958,97.0,30.0,7.0,15.0,2.142857142857143,0.0,0.0,0.4971708212515805,11.675750000002154,2.0323329999999564,65.89892300000065,18.0,9.0,5.0,5.0,1.0,0.0,0.0,0.27314558691649365,11.68104100000346,3.876407235294156,216.96449700000085,103.0,47.0,11.0,33.0,3.0,0.0,1.0,0.4747320479811017,22.1986739999993,2.127102911764714,278.0594420000052,129.0,23.0,7.0,10.0,1.4285714285714286,4.0,8.0,0.4639295794889698,19.957483999998658,2.172339390625041,23.25440499999968,26.0,9.0,6.0,6.0,1.0,0.0,0.0,1.1180677381339303,6.357208000001265,0.9301761999999871,278.1666000000041,77.0,30.0,5.0,11.0,2.2,0.0,0.0,0.2768125288945505,17.518640999995114,3.660086842105317,,,,,,,,,,,,,,,,,,,,,,,,,,,,,,,,,,,,,,,,,,,,,,,,,,,,,,,,,,,,,,,,,,,,,,,,,,,,,,,,,,,,,,,,,2250.1055169999963,1060.0,377.0,27.0,289.0,10.703703703703704,9.0,20.0,0.4710890187111175,46.80145600000105,2.124745530689326,1864.7916260000056,759.0,264.0,17.0,172.0,10.117647058823529,4.0,9.0,0.40701598474466644,26.00985799999762,2.4601472638522504,,,,,,,,,,,,4,young-old,16.0,14.0,4.0
106,24,233.45969999999943,117.0,53.0,18.0,45.0,2.5,0.0,0.0,0.501157159030018,14.995660000000498,2.01258362068965,249.04900999999518,59.0,21.0,4.0,13.0,3.25,4.0,2.0,0.23690116254628413,26.58125000000291,4.293948448275779,285.6360599999971,68.0,26.0,3.0,10.0,3.3333333333333335,0.0,0.0,0.23806517986559783,25.617340000004333,4.263224776119359,401.0382299999983,83.0,27.0,4.0,12.0,3.0,0.0,0.0,0.2069628124979515,34.27857000000222,4.890710121951199,93.66307999999844,60.0,27.0,11.0,23.0,2.090909090909091,0.0,0.0,0.640593924521818,9.115639999996347,1.5875098305084483,125.32485000000452,78.0,34.0,17.0,31.0,1.8235294117647058,0.0,4.0,0.6223825522232597,26.385809999999765,1.6275954545455131,418.96547999999893,133.0,44.0,8.0,29.0,3.625,0.0,10.0,0.31744858788843494,44.03502000000299,3.173980909090901,111.73245999999926,38.0,13.0,7.0,11.0,1.5714285714285714,0.0,1.0,0.3400981236786539,20.024669999998878,3.0197962162161964,41.432229999998526,22.0,10.0,5.0,8.0,1.6,0.0,0.0,0.5309875910613738,10.370419999999285,1.9729633333332632,48.485280000000785,25.0,9.0,5.0,7.0,1.4,0.0,0.0,0.515620410978334,7.501209999994899,2.0202200000000325,217.02744999999413,79.0,28.0,6.0,21.0,3.5,0.0,0.0,0.3640092532073806,17.189809999996214,2.78240320512813,118.26040999999532,21.0,8.0,2.0,4.0,2.0,0.0,0.0,0.17757421947041138,27.992679999995744,5.9130204999997655,13.308839999997872,19.0,8.0,5.0,7.0,1.4,0.0,1.0,1.4276225426110043,4.97439999999915,0.7393799999998818,452.55365999999776,177.0,48.0,9.0,33.0,3.6666666666666665,2.0,6.0,0.3911138405112023,21.124019999995653,2.5713276136363508,68.7668199999971,41.0,16.0,7.0,11.0,1.5714285714285714,0.0,0.0,0.5962177689764007,8.477040000005218,1.7191704999999273,102.99423999999999,27.0,11.0,5.0,7.0,1.4,0.0,0.0,0.2621505824015013,14.848259999998845,3.9613169230769225,107.17661999999837,31.0,13.0,2.0,2.0,1.0,0.0,0.0,0.28924218733526463,14.174419999995735,3.5725539999999456,519.2329600000012,164.0,65.0,11.0,52.0,4.7272727272727275,0.0,10.0,0.3158505191966235,38.3272300000026,3.1854782822085963,0.5802400000029593,3.0,3.0,3.0,2.0,0.6666666666666666,0.0,0.0,3.0,0.5560899999982212,0.29012000000147964,96.93994999999995,46.0,19.0,5.0,16.0,3.2,0.0,3.0,0.4745205665981881,13.965489999995043,2.1542211111111103,27.48258000000351,4.0,1.0,1.0,0.0,0.0,0.0,1.0,0.14554674270026646,18.5873700000011,9.16086000000117,296.22523999999976,99.0,43.0,11.0,37.0,3.3636363636363638,0.0,4.0,0.3342051474074258,38.3272300000026,3.0227065306122425,330.57735000000685,121.0,49.0,11.0,40.0,3.6363636363636362,0.0,8.0,0.36602628703992424,20.647219999998924,2.754811250000057,7.123429999999644,7.0,5.0,5.0,4.0,0.8,0.0,0.0,0.9826726731364455,2.928879999999481,1.1872383333332739,2433.294399999999,783.0,299.0,30.0,220.0,7.333333333333333,4.0,17.0,0.32178597049333624,44.03502000000299,3.11162966751918,1519.3066499999986,521.0,180.0,17.0,127.0,7.470588235294118,2.0,7.0,0.34291958111287174,29.991170000001148,2.921743557692305,680.5670800000007,218.0,89.0,17.0,66.0,3.8823529411764706,0.0,11.0,0.3203211063338529,38.3272300000026,3.136253824884796,8,younger adult,12.0,11.0,6.0
107,16,151.0627800000002,111.0,54.0,20.0,52.0,2.6,0.0,0.0,0.7347938386940837,10.411509999998088,1.373298000000002,121.69845999999961,47.0,15.0,2.0,5.0,2.5,4.0,2.0,0.3862004498660061,12.633589999997639,2.6456186956521655,115.66640000000189,29.0,13.0,3.0,5.0,1.6666666666666667,0.0,0.0,0.2507210391263109,35.54963999999745,4.130942857142925,671.3373199999987,173.0,66.0,6.0,40.0,6.666666666666667,0.0,0.0,0.25769459680865103,53.61460000000079,3.9031239534883646,39.87756999999692,43.0,22.0,11.0,21.0,1.9090909090909092,0.0,0.0,1.0783004079737888,3.7241999999969266,0.949465952380879,291.13706999999704,54.0,23.0,4.0,12.0,3.0,0.0,0.0,0.18547964366063224,49.29517000000487,5.493152264150887,624.2187399999966,183.0,54.0,8.0,33.0,4.125,0.0,18.0,0.2931664627691264,37.28308999999717,3.429773296703278,72.3460500000001,47.0,20.0,8.0,17.0,2.125,0.0,1.0,0.6496553716477946,11.466990000000806,1.5727402173913065,121.27734000000055,76.0,35.0,13.0,31.0,2.3846153846153846,0.0,0.0,0.6266628209358786,11.041879999997036,1.6170312000000073,25.564109999999346,26.0,10.0,8.0,9.0,1.125,0.0,0.0,1.0170508576281618,4.15798000000359,1.0225643999999738,222.85547999999835,136.0,40.0,5.0,26.0,5.2,0.0,0.0,0.6102609637420673,7.999640000001818,1.6507813333333212,195.13900000000285,70.0,29.0,18.0,18.0,1.0,0.0,0.0,0.3587186569573431,22.53378000000521,2.8281014492754037,129.47361000000092,68.0,31.0,8.0,24.0,3.0,0.0,0.0,0.5252035530638214,9.669150000001537,1.9324419402985211,339.2120500000019,150.0,40.0,6.0,25.0,4.166666666666667,4.0,8.0,0.44220127203617665,42.227099999996426,2.276590939597328,30.886639999996987,23.0,9.0,6.0,8.0,1.3333333333333333,0.0,0.0,0.7446585319737674,7.326460000003863,1.403938181818045,429.55371999999625,77.0,31.0,6.0,14.0,2.3333333333333335,0.0,0.0,0.17925580996016208,38.83988999999565,5.652022631578898,,,,,,,,,,,,,,,,,,,,,,,,,,,,,,,,,,,,,,,,,,,,,,,,,,,,,,,,,,,,,,,,,,,,,,,,,,,,,,,,,,,,,,,,,2641.7439800000066,826.0,320.0,23.0,229.0,9.956521739130435,4.0,21.0,0.3126722370727227,53.61460000000079,3.202113915151523,2636.5621699999974,877.0,319.0,27.0,221.0,8.185185185185185,4.0,8.0,0.3326301234155995,60.060569999994186,3.0097741666666638,,,,,,,,,,,,2,MCI,18.0,,
108,24,189.61931000000186,129.0,55.0,19.0,53.0,2.789473684210526,0.0,0.0,0.6803104599420741,17.486863999998604,1.4814008593750145,117.92250200000126,31.0,8.0,2.0,1.0,0.5,4.0,2.0,0.26288451715517086,30.70018500000151,3.930750066666709,221.03610299999855,72.0,26.0,3.0,13.0,4.333333333333333,0.0,0.0,0.3257386418905534,23.30718500000512,3.113184549295754,407.8794330000019,103.0,38.0,5.0,18.0,3.6,0.0,0.0,0.252525603564815,20.053610999995726,3.9988179705882536,61.128098000001046,67.0,30.0,10.0,26.0,2.6,0.0,0.0,1.0960589678415784,5.3333979999952135,0.9261833030303189,120.61627399999998,26.0,10.0,5.0,7.0,1.4,0.0,0.0,0.21555963501243625,40.34916700000031,4.824650959999999,469.11232700000255,191.0,76.0,9.0,54.0,6.0,2.0,12.0,0.40715195275608046,16.424717000001692,2.4690122473684344,117.596000000005,48.0,21.0,7.0,17.0,2.4285714285714284,0.0,0.0,0.4081771488825977,16.89136299999518,2.502042553191596,32.91751900000236,18.0,9.0,5.0,7.0,1.4,0.0,0.0,0.5468212838275786,7.16497199999867,1.9363246470589621,42.14268499999889,22.0,7.0,4.0,5.0,1.25,0.0,0.0,0.5220360306895628,8.824313999997685,2.006794523809471,190.3749919999973,100.0,29.0,5.0,21.0,4.2,0.0,0.0,0.5252790765711571,12.721676000001025,1.9229797171716898,152.8635110000032,46.0,19.0,4.0,13.0,3.25,0.0,0.0,0.30092204280195445,19.653661000003922,3.3969669111111824,418.27697199999966,133.0,53.0,8.0,36.0,4.5,0.0,0.0,0.3179711265577396,33.7596080000003,3.1687649393939368,361.9428889999981,198.0,42.0,5.0,30.0,6.0,4.0,8.0,0.5470476310421477,14.138259999999718,1.8372735482233407,68.75847700000304,35.0,16.0,7.0,10.0,1.4285714285714286,0.0,0.0,0.509028144995103,12.760732999995525,2.022308147058913,272.68638199999987,126.0,57.0,13.0,43.0,3.3076923076923075,0.0,2.0,0.4620692792792273,26.056577000003017,2.181491055999999,144.98988400000235,18.0,7.0,2.0,1.0,0.5,0.0,0.0,0.12414659218569833,47.43560199999774,8.528816705882491,198.67974600000161,78.0,31.0,9.0,20.0,2.2222222222222223,0.0,5.0,0.3925916031722698,13.290346000001591,2.5802564415584626,23.4850959999967,23.0,10.0,7.0,9.0,1.2857142857142858,0.0,0.0,0.9793445170504405,10.652336999999534,1.0675043636362138,59.52081899999757,48.0,24.0,13.0,22.0,1.6923076923076923,0.0,3.0,0.80644051621672,5.6893809999965015,1.2664004042552675,187.76159500000358,75.0,31.0,9.0,20.0,2.2222222222222223,0.0,3.0,0.3994427081853377,13.290346000001591,2.5373188513513996,57.87467299999844,22.0,9.0,3.0,4.0,1.3333333333333333,0.0,2.0,0.380131737418207,9.027557000001252,2.7559368095237353,357.38410999999905,160.0,65.0,14.0,46.0,3.2857142857142856,0.0,11.0,0.4476975767053561,13.290346000001591,2.247698805031441,8.847802000003867,12.0,7.0,6.0,6.0,1.0,0.0,0.0,1.3562690485156377,2.6552909999954863,0.8043456363639879,2137.915414000003,816.0,328.0,22.0,247.0,11.227272727272727,6.0,14.0,0.3816802080458731,40.34916700000031,2.6232090969325186,1886.4941380000018,833.0,289.0,24.0,221.0,9.208333333333334,4.0,10.0,0.4415598136356357,33.7596080000003,2.26742083894231,562.4538290000055,209.0,88.0,18.0,60.0,3.3333333333333335,0.0,13.0,0.3715860559996258,47.43560199999774,2.704104947115411,4,young-old,9.0,9.0,5.0
110,22,338.0518050000028,137.0,54.0,18.0,48.0,2.6666666666666665,0.0,0.0,0.40526332938822457,18.92169400000421,2.4856750367647265,157.4375880000007,29.0,5.0,2.0,2.0,1.0,4.0,2.0,0.18419997643764635,30.209962000000814,5.622771000000024,241.1482809999943,37.0,12.0,2.0,2.0,1.0,0.0,0.0,0.15343256790622062,37.12989999999991,6.698563361110953,,,,,,,,,,,,50.07244000000355,48.0,19.0,8.0,18.0,2.25,0.0,0.0,0.9586111641453181,4.933671999999206,1.0653710638298628,126.6164310000022,43.0,16.0,9.0,12.0,1.3333333333333333,0.0,0.0,0.3396083719971483,32.02256699999998,3.0146769285714807,477.52387499999895,155.0,48.0,8.0,30.0,3.75,3.0,14.0,0.32459110028791827,20.009063999998034,3.100804383116876,55.717222000006586,22.0,7.0,4.0,5.0,1.25,0.0,2.0,0.3948509852123891,21.120324000003166,2.653201047619361,51.183595999995305,26.0,13.0,5.0,11.0,2.2,0.0,0.0,0.5079752505080414,7.999022999996669,2.047343839999812,39.78979800000525,23.0,9.0,5.0,6.0,1.2,0.0,0.0,0.5780376165769167,7.380578000003879,1.8086271818184203,219.5883509999985,82.0,34.0,7.0,23.0,3.2857142857142856,0.0,0.0,0.3734260020013564,24.032342999998946,2.710967296296278,248.30204999999842,51.0,21.0,3.0,5.0,1.6666666666666667,0.0,0.0,0.20539500177304346,17.474290000005567,4.966040999999969,157.9205989999973,43.0,18.0,6.0,8.0,1.3333333333333333,0.0,2.0,0.27228873416317734,33.34821899999952,3.760014261904698,457.3602170000013,175.0,37.0,6.0,16.0,2.6666666666666665,8.0,10.0,0.3826305688498471,22.012943999994604,2.628506994252881,40.87724999999773,27.0,10.0,5.0,6.0,1.2,0.0,0.0,0.6605141001413133,5.532473999999638,1.5722019230768358,246.06167200000345,64.0,26.0,5.0,17.0,3.4,0.0,0.0,0.260097395420442,21.892825999995694,3.9057408253968804,316.5690570000006,64.0,25.0,4.0,17.0,4.25,0.0,0.0,0.20216757950540906,32.548251000000164,5.024905666666676,,,,,,,,,,,,16.35372600000119,15.0,5.0,4.0,4.0,1.0,0.0,1.0,0.9172221669849984,4.948883000004571,1.1681232857143706,31.950526000000536,20.0,10.0,5.0,7.0,1.4,0.0,1.0,0.6259677853190794,3.8976309999998193,1.6816066315789755,32.75998100000288,15.0,5.0,3.0,3.0,1.0,0.0,3.0,0.4578757234321559,7.500585999994655,2.3399986428573487,110.03542999999627,63.0,21.0,8.0,17.0,2.125,0.0,6.0,0.5725428618764169,11.446259999996983,1.7747649999999398,143.8507249999966,79.0,32.0,10.0,27.0,2.7,0.0,8.0,0.5491804090664254,11.446259999996983,1.8442400641025205,15.961330000005546,12.0,5.0,5.0,4.0,0.8,0.0,2.0,0.7518170478272068,5.507879000004323,1.451030000000504,2396.7624150000047,706.0,241.0,21.0,177.0,8.428571428571429,7.0,18.0,0.29456403170441015,50.43494799999462,3.3996630000000065,1827.8914640000003,607.0,217.0,14.0,131.0,9.357142857142858,8.0,12.0,0.33207660955519397,35.53185099999973,3.0163225478547857,570.5832970000047,188.0,72.0,16.0,57.0,3.5625,0.0,11.0,0.32948738771089275,32.548251000000164,3.0512475775401318,3,middle-aged,11.0,14.0,5.0
111,22,207.3284879999992,255.0,94.0,17.0,81.0,4.764705882352941,0.0,6.0,1.2299322802180517,8.168643999997585,0.8162538897637763,249.9836839999989,215.0,98.0,7.0,76.0,10.857142857142858,0.0,0.0,0.860056130703318,9.412408999996842,1.1681480560747612,224.1390539999993,102.0,43.0,4.0,25.0,6.25,0.0,0.0,0.45507464308295115,15.611119999994116,2.2191985544554385,831.1028609999994,400.0,163.0,7.0,108.0,15.428571428571429,0.0,0.0,0.4812882000173987,33.76057700000092,2.082964563909773,60.15382899999531,85.0,27.0,8.0,24.0,3.0,0.0,4.0,1.4130438812133908,4.110305000001972,0.7161170119047061,171.58445200000278,170.0,59.0,9.0,47.0,5.222222222222222,0.0,0.0,0.9907657600584768,10.967033999993873,1.0152926153846318,291.92104099999415,216.0,94.0,8.0,71.0,8.875,0.0,4.0,0.7399261089919322,9.346278000004531,1.357772283720903,248.748520000001,307.0,115.0,15.0,105.0,7.0,0.0,6.0,1.234178197321531,11.851498999996693,0.8129036601307222,149.26661400000012,117.0,53.0,10.0,37.0,3.7,0.0,0.0,0.7838323444517868,11.674200000001292,1.2867811551724149,30.977333000002545,28.0,13.0,7.0,10.0,1.4285714285714286,0.0,0.0,0.9038867225915704,8.592572000001383,1.147308629629724,228.38518699999986,207.0,93.0,8.0,79.0,9.875,0.0,0.0,0.9063635112201919,9.187377000002016,1.1086659563106789,197.25358699999924,168.0,64.0,11.0,50.0,4.545454545454546,0.0,7.0,0.8516955384948242,12.948371999998926,1.1811592035928098,184.30149400000664,142.0,55.0,11.0,42.0,3.8181818181818183,0.0,1.0,0.7704766625494359,7.378411999998207,1.3071027943262883,417.7658470000024,328.0,136.0,7.0,106.0,15.142857142857142,0.0,0.0,0.785128804461601,21.936672999996517,1.2775713975535241,114.39930299999833,65.0,26.0,8.0,20.0,2.5,0.0,0.0,0.5681852799400443,16.634968000005756,1.7874891093749739,275.8519010000018,145.0,60.0,8.0,49.0,6.125,0.0,0.0,0.5256443746602966,16.91338900000119,1.9156382013889015,774.898291999998,234.0,76.0,9.0,40.0,4.444444444444445,0.0,1.0,0.3019751139159829,49.004180999996606,3.3257437424892617,391.47093000000314,471.0,187.0,16.0,159.0,9.9375,0.0,5.0,1.203154471776477,7.527083000000857,0.8329168723404322,30.396925999993982,43.0,20.0,15.0,18.0,1.2,0.0,0.0,1.4146167280207385,2.397756999998819,0.7237363333331901,,,,,,,,,,,,,,,,,,,,,,,222.99678999999742,255.0,107.0,15.0,91.0,6.066666666666666,0.0,5.0,1.1435142182988507,7.527083000000857,0.8779401181102261,137.9022910000058,196.0,75.0,14.0,65.0,4.642857142857143,0.0,3.0,1.421296184267104,7.345498000002408,0.7071912358974656,5.494494999999006,17.0,8.0,8.0,7.0,0.875,0.0,0.0,3.0940059095518473,0.9985059999962687,0.34340593749993786,2817.6165640000036,2183.0,879.0,25.0,703.0,28.12,0.0,20.0,0.7747683016531263,33.76057700000092,1.2912999835013765,2010.4353179999962,1595.0,664.0,23.0,539.0,23.434782608695652,0.0,9.0,0.7933605153667536,29.231068999994022,1.2612517678795458,1271.3572019999992,793.0,298.0,20.0,233.0,11.65,0.0,6.0,0.6237428778886962,49.004180999996606,1.6052489924242415,2,MCI,19.0,16.0,4.0
112,5,,,,,,,,,,,,,,,,,,,,,,,255.94843799999944,114.0,32.0,2.0,14.0,7.0,0.0,0.0,0.44540221026861765,14.020644000003813,2.265030424778756,406.4145720000015,151.0,38.0,10.0,21.0,2.1,0.0,2.0,0.3715417959964276,20.031912999998895,2.70943048000001,,,,,,,,,,,,240.55732900000294,73.0,13.0,2.0,8.0,4.0,0.0,0.0,0.30346196602473546,14.01351099999738,3.34107401388893,,,,,,,,,,,,,,,,,,,,,,,,,,,,,,,,,,,,,,,,,,,,,,,,,,,,,,,,228.75677800000267,106.0,30.0,2.0,19.0,9.5,0.0,0.0,0.4633742480845694,8.539011000000755,2.1786359809524063,,,,,,,,,,,,,,,,,,,,,,,126.30495399999927,53.0,16.0,2.0,8.0,4.0,0.0,0.0,0.41961932862902834,7.707751999994798,2.428941423076909,,,,,,,,,,,,,,,,,,,,,,,,,,,,,,,,,,,,,,,,,,,,,,,,,,,,,,,,,,,,,,,,,,,,,,,,,,,,,,,,,,,,,,,,,,,,,,,,,,,,1165.4216789999991,440.0,109.0,10.0,57.0,5.7,0.0,2.0,0.3775457484003096,20.031912999998895,2.6547190865603625,750.5368000000017,281.0,67.0,2.0,43.0,21.5,0.0,0.0,0.3743986970392383,14.01351099999738,2.6804885714285773,,,,,,,,,,,,2,MCI,20.0,,
113,22,321.6465339999995,175.0,75.0,21.0,68.0,3.238095238095238,0.0,0.0,0.5440755037018377,11.306172000004153,1.848543298850572,205.48839600000065,50.0,14.0,9.0,12.0,1.3333333333333333,4.0,4.0,0.24332274217566935,58.230727000001934,4.193640734693891,,,,,,,,,,,,488.3371699999989,94.0,28.0,5.0,15.0,3.0,0.0,0.0,0.19248995524956705,38.02336400000058,5.250937311827945,50.89004399999976,54.0,25.0,10.0,24.0,2.4,0.0,0.0,1.0611112853429692,4.130294999995385,0.9601895094339578,119.01713600000221,39.0,15.0,5.0,10.0,2.0,0.0,0.0,0.32768390595451125,23.172371000000567,3.1320298947369003,457.4905920000019,144.0,47.0,7.0,33.0,4.714285714285714,1.0,10.0,0.314760571076398,20.013019999998505,3.1992349090909227,57.413252999998804,28.0,14.0,7.0,13.0,1.8571428571428572,0.0,0.0,0.48769227550998695,19.745678999999654,2.1264167777777336,111.16281400000298,91.0,38.0,10.0,36.0,3.6,0.0,0.0,0.8186190752601635,11.337986999998975,1.235142377777811,27.336838999995962,22.0,5.0,3.0,4.0,1.3333333333333333,0.0,0.0,0.804774831501303,3.6494180000008782,1.3017542380950458,103.6933299999946,57.0,15.0,6.0,11.0,1.8333333333333333,0.0,0.0,0.5496978445962046,5.769399999997404,1.8516666071427608,170.48869899999409,64.0,21.0,3.0,11.0,3.6666666666666665,0.0,0.0,0.37539145043274813,9.805242000002181,2.7061698253967315,177.33394699999917,66.0,20.0,6.0,10.0,1.6666666666666667,0.0,1.0,0.37217916319203287,14.210725000004459,2.7282145692307567,314.7119470000034,159.0,33.0,6.0,18.0,3.0,7.0,8.0,0.5052239087701309,18.209975000005215,1.9918477658228064,80.92045700000017,43.0,15.0,6.0,8.0,1.3333333333333333,0.0,0.0,0.5313860251678992,7.3053839999993215,1.9266775476190516,234.27550599999813,98.0,30.0,6.0,12.0,2.0,0.0,0.0,0.4183109095493781,10.840368999997736,2.4152114020618365,0.83980000000156,2.0,2.0,2.0,1.0,0.5,0.0,0.0,2.0,0.83980000000156,0.83980000000156,211.65857900000265,70.0,22.0,5.0,11.0,2.2,0.0,6.0,0.3307212980958316,32.02379099999962,3.067515637681198,,,,,,,,,,,,451.42196500000136,169.0,60.0,13.0,40.0,3.076923076923077,0.0,13.0,0.3743725673605614,32.02379099999962,2.687035505952389,311.4450070000021,109.0,37.0,9.0,26.0,2.888888888888889,0.0,11.0,0.3499815298050332,32.02379099999962,2.883750064814834,195.76943500000198,76.0,28.0,7.0,19.0,2.7142857142857144,0.0,5.0,0.3882117757554913,17.944151999996393,2.6102591333333596,270.3688720000064,103.0,35.0,9.0,23.0,2.5555555555555554,0.0,8.0,0.38096101536421534,32.02379099999962,2.650675215686337,8.611912000000302,18.0,8.0,8.0,7.0,0.875,0.0,0.0,2.0901281852391627,2.0215730000054464,0.5065830588235471,2376.081143999996,848.0,310.0,35.0,256.0,7.314285714285714,5.0,16.0,0.3568901685623584,58.230727000001934,2.8052906068476933,1770.9626019999996,868.0,246.0,16.0,164.0,10.25,9.0,13.0,0.4901289270703641,18.209975000005215,2.0426327589388693,474.73229800000263,194.0,70.0,17.0,50.0,2.9411764705882355,0.0,13.0,0.408651361656457,32.02379099999962,2.459752839378252,4,young-old,14.0,12.0,2.0
114,23,413.0093349999988,166.0,78.0,20.0,63.0,3.15,0.0,0.0,0.40192796126508973,26.0309350000025,2.5030868787878715,203.99633299999914,40.0,6.0,1.0,0.0,0.0,6.0,2.0,0.1960819560418283,14.980211000001873,5.2306752051281835,279.0098500000022,61.0,25.0,3.0,4.0,1.3333333333333333,0.0,0.0,0.21863027416415415,56.971301999998104,4.650164166666703,462.0600689999992,82.0,28.0,7.0,18.0,2.5714285714285716,0.0,0.0,0.1774661034385989,43.9999370000005,5.704445296296287,52.003893999994034,48.0,22.0,7.0,19.0,2.7142857142857144,0.0,0.0,0.9230078039926299,4.999912999999651,1.106465829787107,170.98392800000147,28.0,11.0,3.0,5.0,1.6666666666666667,0.0,0.0,0.1637580814028308,48.049952999994275,6.332738074074128,309.0602910000016,86.0,31.0,7.0,14.0,2.0,0.0,6.0,0.27826285842719134,28.96711199999845,3.6360034235294307,87.94112699999823,32.0,12.0,7.0,10.0,1.4285714285714286,0.0,1.0,0.3638798033598164,12.00166100000206,2.8368105483870396,44.96893500000442,22.0,10.0,3.0,4.0,1.3333333333333333,0.0,0.0,0.48922661833102865,5.061436000003596,2.1413778571430675,58.95284900000115,20.0,11.0,5.0,6.0,1.2,0.0,0.0,0.3392541724319313,21.95604699999967,3.1027815263158502,204.91230099999666,53.0,22.0,5.0,11.0,2.2,0.0,0.0,0.25864723465284234,17.037643999996362,3.9406211730768588,145.00811399999657,14.0,4.0,2.0,1.0,0.5,0.0,0.0,0.09654632153894734,73.0018940000009,11.154470307692044,227.01434499999596,40.0,14.0,6.0,10.0,1.6666666666666667,0.0,2.0,0.17620031897103555,52.96472200000426,5.820880641025537,454.9501749999981,129.0,44.0,6.0,16.0,2.6666666666666665,4.0,6.0,0.28354753352935963,23.015380999997433,3.5542982421874854,68.00679499999387,33.0,14.0,7.0,8.0,1.1428571428571428,0.0,0.0,0.4852456287640518,14.081225000001723,2.1252123437498085,,,,,,,,,,,,382.7384099999981,132.0,60.0,12.0,43.0,3.5833333333333335,0.0,3.0,0.3448830756233759,38.115450000004785,2.9216672519083824,262.7239699999991,110.0,48.0,16.0,35.0,2.1875,0.0,4.0,0.41869038443656426,16.91247999999905,2.4103116513761385,273.3080800000025,117.0,51.0,16.0,38.0,2.375,0.0,4.0,0.428088331673176,16.91247999999905,2.356104137931056,93.9588600000061,51.0,22.0,15.0,16.0,1.0666666666666667,0.0,2.0,0.5427907490575843,11.900439999997616,1.879177200000122,176.23543999999674,62.0,27.0,10.0,18.0,1.8,0.0,4.0,0.3518021119929178,13.26202000000194,2.8891055737704385,72.1519100000005,27.0,13.0,3.0,8.0,2.6666666666666665,0.0,1.0,0.37421046788643314,16.91247999999905,2.7750734615384807,260.0107399999979,114.0,49.0,12.0,36.0,3.0,0.0,3.0,0.43844342737534964,16.91247999999905,2.3009799999999814,15.278730000005453,24.0,13.0,12.0,12.0,1.0,0.0,0.0,1.5708111865313044,1.89382000000478,0.6642926086958892,2406.968131999998,663.0,259.0,22.0,176.0,8.0,6.0,9.0,0.275450260926014,56.971301999998104,3.6359035226586074,1430.9674529999975,361.0,137.0,15.0,76.0,5.066666666666666,4.0,8.0,0.25227687690811557,73.0018940000009,3.9749095916666595,438.5176800000045,170.0,77.0,18.0,58.0,3.2222222222222223,0.0,5.0,0.3876696602061706,38.115450000004785,2.5947791715976596,2,MCI,8.0,12.0,5.0
115,23,283.1043700000009,174.0,78.0,9.0,64.0,7.111111111111111,0.0,0.0,0.6146143205066013,11.465989999996964,1.6364414450867106,246.08660999999847,90.0,36.0,2.0,16.0,8.0,4.0,2.0,0.3657248966126217,14.717680000001565,2.765018089887623,236.83943,52.0,23.0,2.0,16.0,8.0,0.0,0.0,0.21955803558554418,30.17091000000073,4.6439103921568625,518.2465799999991,191.0,74.0,4.0,39.0,9.75,0.0,2.0,0.36855043018325434,18.426379999997152,2.7276135789473637,76.66573999999673,56.0,26.0,9.0,25.0,2.7777777777777777,0.0,0.0,0.7304436114488999,5.687229999995907,1.3939225454544861,109.80898000000161,38.0,15.0,6.0,13.0,2.1666666666666665,0.0,0.0,0.3460554865367062,14.38122000000294,2.9678102702703137,349.416449999997,136.0,58.0,6.0,42.0,7.0,0.0,6.0,0.3892203701342658,15.051859999999579,2.588269999999978,171.3292200000069,77.0,38.0,9.0,30.0,3.3333333333333335,0.0,0.0,0.44942713216109254,23.87202000000252,2.254331842105354,120.6304799999998,70.0,35.0,8.0,31.0,3.875,0.0,0.0,0.5802845184732757,16.10306000000128,1.7482678260869537,44.96908000000258,21.0,10.0,4.0,8.0,2.0,0.0,0.0,0.46698753899343276,8.962500000001455,2.248454000000129,166.82908000000316,76.0,36.0,6.0,28.0,4.666666666666667,0.0,0.0,0.45555606972116947,15.054309999999532,2.2243877333333755,164.39108999999735,50.0,23.0,4.0,13.0,3.25,0.0,0.0,0.30415273723168823,10.511450000005425,3.3549202040815786,244.8605899999966,126.0,60.0,7.0,47.0,6.714285714285714,0.0,1.0,0.5145785199651841,12.70328999999765,1.9588847199999728,529.0232299999989,190.0,69.0,6.0,47.0,7.833333333333333,4.0,10.0,0.3591524704879224,31.38119999999617,2.799064708994703,82.98290999999881,46.0,21.0,7.0,16.0,2.2857142857142856,0.0,0.0,0.5543310062276758,11.601360000000568,1.8440646666666403,292.54476999999315,109.0,44.0,7.0,28.0,4.0,0.0,6.0,0.3725925436985339,11.880699999994249,2.7087478703703067,205.6330700000035,56.0,24.0,3.0,12.0,4.0,0.0,0.0,0.27232973762439594,15.796799999996438,3.7387830909091546,325.46188000000257,93.0,42.0,6.0,27.0,4.5,0.0,0.0,0.2857477502434364,33.588159999999334,3.5376291304348104,564.9463699999978,193.0,85.0,12.0,61.0,5.083333333333333,0.0,5.0,0.34162534755290264,33.588159999999334,2.9424290104166553,49.08440999999584,18.0,8.0,6.0,5.0,0.8333333333333334,0.0,0.0,0.3667152156866411,8.982550000000629,2.887318235293873,,,,,,,,,,,,190.2719500000021,60.0,25.0,3.0,14.0,4.666666666666667,0.0,1.0,0.31533812524651866,16.456519999999728,3.2249483050847814,595.2600100000054,191.0,82.0,11.0,56.0,5.090909090909091,0.0,5.0,0.32086818666014244,33.588159999999334,3.13294742105266,3.4890900000027614,6.0,5.0,5.0,4.0,0.8,0.0,0.0,1.7196460968319107,1.1604000000006636,0.6978180000005523,2713.0314100000032,1147.0,495.0,29.0,368.0,12.689655172413794,4.0,12.0,0.42277431649786856,30.17091000000073,2.367392155322865,2055.1578999999983,864.0,370.0,18.0,276.0,15.333333333333334,4.0,17.0,0.42040565350234194,31.38119999999617,2.3814112398609484,650.5517800000016,225.0,102.0,18.0,76.0,4.222222222222222,0.0,5.0,0.3458602480497393,33.588159999999334,2.90424901785715,4,young-old,18.0,11.0,3.0
117,23,188.9047419999988,100.0,36.0,7.0,29.0,4.142857142857143,0.0,0.0,0.5293673358395663,11.088724000001093,1.908128707070695,199.94387599999754,57.0,19.0,2.0,10.0,5.0,6.0,2.0,0.28507999914936477,29.879933000003803,3.5704263571428134,369.23666299999604,91.0,33.0,4.0,13.0,3.25,0.0,0.0,0.24645439935633093,19.986187000002246,4.102629588888845,475.4423159999933,115.0,34.0,5.0,19.0,3.8,0.0,0.0,0.24188002651409266,35.170224000001326,4.170546631578889,65.26854599999933,52.0,22.0,9.0,20.0,2.2222222222222223,0.0,0.0,0.7967084175584443,11.293734999999288,1.279775411764693,125.79893799999991,31.0,15.0,5.0,7.0,1.4,0.0,0.0,0.24642497379429407,16.21140600000217,4.19329793333333,237.19882199999847,114.0,38.0,8.0,29.0,3.625,2.0,20.0,0.4806094694686162,13.466920999999274,2.099104619469013,105.21864899999491,53.0,24.0,8.0,15.0,1.875,0.0,1.0,0.5037129872291228,7.4329020000004675,2.02343555769221,115.17208299999766,65.0,26.0,8.0,22.0,2.75,0.0,2.0,0.5643728784518148,8.323987000003399,1.7995637968749634,32.59685300000274,16.0,7.0,4.0,4.0,1.0,0.0,0.0,0.49084492911014005,7.416847000000416,2.173123533333516,152.6028559999977,105.0,31.0,9.0,25.0,2.7777777777777777,0.0,0.0,0.6880605170325357,10.118493000001763,1.4673351538461317,263.08487700000114,50.0,14.0,2.0,4.0,2.0,0.0,0.0,0.19005273343780907,28.7535579999967,5.369079122449003,260.20824600000196,85.0,35.0,10.0,29.0,2.9,0.0,0.0,0.32666143870013775,25.086103000001458,3.097717214285738,475.07394300000306,190.0,48.0,5.0,31.0,6.2,5.0,8.0,0.39993774190220904,26.27569599999697,2.5136187460317623,138.577581000005,55.0,26.0,8.0,21.0,2.625,0.0,0.0,0.39688959500597726,33.45351700000174,2.5662515000000927,156.14511499999935,57.0,22.0,6.0,15.0,2.5,0.0,0.0,0.3650450415948026,11.302946999996493,2.7883056249999885,318.11876199999824,102.0,37.0,11.0,28.0,2.5454545454545454,0.0,6.0,0.3206349709106455,44.0193569999974,3.1496907128712697,199.608355999997,37.0,10.0,5.0,6.0,1.2,0.0,3.0,0.18536298149763106,44.0193569999974,5.544676555555473,65.47129300000233,46.0,23.0,14.0,20.0,1.4285714285714286,0.0,0.0,0.7025980073434377,11.253459999999905,1.4549176222222742,17.983249000004434,11.0,5.0,3.0,3.0,1.0,0.0,0.0,0.6116803476389215,3.7443199999979697,1.7983249000004435,,,,,,,,,,,,441.23891300000105,157.0,61.0,14.0,48.0,3.4285714285714284,1.0,5.0,0.35581630580256557,50.391896000001,2.8284545705128274,284.8466569999946,87.0,30.0,10.0,23.0,2.3,0.0,6.0,0.3054274918171206,44.0193569999974,3.3121704302324955,4.917730000001029,5.0,5.0,5.0,4.0,0.8,0.0,0.0,1.0167292632980975,2.019038999998884,1.2294325000002573,2288.7004149999993,811.0,291.0,18.0,210.0,11.666666666666666,8.0,23.0,0.3543495665421113,35.170224000001326,2.8255560679012337,2461.960039999998,868.0,273.0,17.0,203.0,11.941176470588236,5.0,10.0,0.35256461758006463,33.45351700000174,2.839630957324104,701.9168549999958,218.0,81.0,18.0,62.0,3.4444444444444446,1.0,11.0,0.3105780954640294,50.391896000001,3.2346398847926077,2,MCI,23.0,14.0,2.0
118,23,177.93602599999576,84.0,41.0,13.0,35.0,2.6923076923076925,0.0,0.0,0.4720797799541842,8.061263000003237,2.1435674216866696,171.9712189999991,62.0,22.0,9.0,14.0,1.5555555555555556,4.0,2.0,0.36052544350459204,18.001541999998153,2.819200311475395,345.04533800000354,66.0,26.0,6.0,13.0,2.1666666666666665,0.0,0.0,0.19127921096560163,44.969984999996086,5.30838981538467,541.0008940000043,105.0,36.0,7.0,23.0,3.2857142857142856,0.0,0.0,0.19408470700234953,56.0094489999974,5.201931673076965,61.009164999995846,50.0,23.0,10.0,22.0,2.2,0.0,0.0,0.8195489972695644,18.97452200000407,1.2450849999999152,213.99374199999875,44.0,16.0,3.0,11.0,3.6666666666666665,0.0,0.0,0.2056134893888638,37.97894400000223,4.976598651162761,526.9851439999984,116.0,48.0,7.0,21.0,3.0,0.0,6.0,0.22012005712252175,31.031607999997505,4.582479513043464,117.97317699999985,51.0,25.0,11.0,19.0,1.7272727272727273,0.0,0.0,0.4323016578590578,18.00958000000537,2.359463539999997,79.90769100000034,48.0,24.0,8.0,21.0,2.625,0.0,0.0,0.6006931172620141,9.94255400000111,1.7001636382978795,27.011677000002237,12.0,6.0,4.0,4.0,1.0,0.0,0.0,0.44425231354569383,11.968172000000777,2.4556070000002035,100.95877199999813,31.0,14.0,4.0,5.0,1.25,0.0,0.0,0.3070560327338428,11.04239100000268,3.365292399999938,157.98625000000175,75.0,36.0,16.0,30.0,1.875,0.0,0.0,0.4747248573847355,86.06669200000033,2.134949324324348,152.9979719999974,66.0,27.0,4.0,16.0,4.0,0.0,3.0,0.4313782668962509,12.00042100000428,2.3538149538461135,403.05937500000437,91.0,28.0,6.0,8.0,1.3333333333333333,2.0,14.0,0.2257731878832964,31.996940999997605,4.478437500000049,59.99818999999843,24.0,10.0,6.0,6.0,1.0,0.0,0.0,0.40001206703069925,16.00310100000206,2.608616956521671,332.0328460000019,34.0,14.0,4.0,5.0,1.25,0.0,0.0,0.10239950778845479,159.0020199999999,10.061601393939451,732.7182899999971,260.0,118.0,25.0,100.0,4.0,0.0,3.0,0.3548430598067929,120.63804000000528,2.8290281467181355,215.16827000000194,126.0,56.0,15.0,54.0,3.6,0.0,3.0,0.5855882003419876,20.93289999999979,1.7213461600000155,41.51643000000331,46.0,21.0,11.0,20.0,1.8181818181818181,0.0,1.0,1.1079950756844057,4.789000000004307,0.9225873333334069,157.36444000000483,110.0,49.0,13.0,48.0,3.6923076923076925,0.0,3.0,0.69901433894466,12.470220000002882,1.4437104587156406,,,,,,,,,,,,361.24145999999746,177.0,81.0,19.0,76.0,4.0,0.0,4.0,0.48997698104752774,84.80219999999827,2.052508295454531,278.4189699999988,128.0,57.0,17.0,52.0,3.0588235294117645,0.0,2.0,0.45973878863211276,84.80219999999827,2.1922753543306994,195.53138999999646,88.0,43.0,15.0,40.0,2.6666666666666665,0.0,2.0,0.45005561511121867,84.80219999999827,2.2474872413792695,2516.9817119999934,656.0,273.0,27.0,191.0,7.074074074074074,4.0,8.0,0.26062962510710597,56.0094489999974,3.842720170992356,1684.9661960000012,456.0,189.0,23.0,122.0,5.304347826086956,2.0,17.0,0.2706285746755715,159.0020199999999,3.7032224087912113,812.4093999999968,315.0,145.0,25.0,125.0,5.0,0.0,5.0,0.3877355431879558,120.63804000000528,2.5872910828025377,3,middle-aged,13.0,15.0,4.0
119,24,490.0074800000002,181.0,81.0,19.0,62.0,3.263157894736842,0.0,2.0,0.3693821163709581,50.08898799999588,2.722263777777779,148.99709500000608,33.0,11.0,1.0,0.0,0.0,4.0,2.0,0.2214808282000307,25.06542300000001,4.65615921875019,297.01209599999856,17.0,4.0,3.0,3.0,1.0,0.0,0.0,0.05723672614330186,82.00741500000004,18.56325599999991,406.91655999999784,57.0,15.0,7.0,10.0,1.4285714285714286,0.0,0.0,0.1400778577308338,48.00333500000124,7.266367142857105,77.97610799999529,51.0,24.0,8.0,21.0,2.625,0.0,0.0,0.6540464933182235,9.003236000004108,1.5595221599999058,180.0216999999975,34.0,13.0,6.0,10.0,1.6666666666666667,0.0,0.0,0.1888661200288658,54.97386999999435,5.455203030302955,296.03125899999577,64.0,22.0,6.0,12.0,2.0,0.0,2.0,0.21619338517220885,26.034019999999146,4.698908873015806,127.02772499999992,45.0,17.0,7.0,13.0,1.8571428571428572,0.0,1.0,0.35425337263971335,28.059752000001026,2.8854241590908547,34.07677500000136,21.0,8.0,4.0,6.0,1.5,0.0,0.0,0.6162554995300805,6.081551000002946,1.703838750000068,62.04848299999867,28.0,10.0,5.0,6.0,1.2,0.0,0.0,0.45126002516452496,11.966997999996238,2.2971034444444403,373.98719100000017,142.0,48.0,7.0,30.0,4.285714285714286,0.0,0.0,0.3796921483334972,19.971847000000707,2.652391425531916,234.98193299999548,63.0,16.0,1.0,0.0,0.0,0.0,0.0,0.2681057185788033,11.993508999999904,3.790031177419282,258.9833060000019,88.0,26.0,5.0,8.0,1.6,0.0,2.0,0.33979024115168005,13.963587000005646,2.976819609195424,433.96955299999536,103.0,25.0,5.0,6.0,1.2,0.0,6.0,0.237343839649509,18.0003929999948,4.254603460784268,82.00345499999821,35.0,15.0,7.0,10.0,1.4285714285714286,0.0,0.0,0.4268112849635514,11.986145999995642,2.411866323529359,342.9740479999964,66.0,25.0,8.0,9.0,1.125,0.0,0.0,0.19243438500629848,37.04677999999694,5.27652381538456,117.95440700000472,6.0,3.0,3.0,2.0,0.6666666666666666,0.0,0.0,0.05086711173071948,95.9161510000049,23.590881400000946,232.01741899999615,93.0,39.0,9.0,29.0,3.2222222222222223,0.0,4.0,0.40083197374073687,14.949781999996048,2.521867206521679,30.087224000002607,22.0,11.0,9.0,9.0,1.0,0.0,0.0,0.7312073722719681,14.949781999996048,1.4327249523810766,387.02682300000015,125.0,55.0,12.0,43.0,3.5833333333333335,0.0,4.0,0.32297503059626426,95.9161510000049,3.121184056451614,8.91529399999854,2.0,1.0,1.0,0.0,0.0,0.0,1.0,0.22433360021557647,8.91529399999854,8.91529399999854,143.0665610000069,36.0,11.0,2.0,3.0,1.5,0.0,4.0,0.25163112713667773,12.05156800000259,4.0876160285716265,287.0685439999943,122.0,53.0,11.0,41.0,3.727272727272727,0.0,4.0,0.4249856090119105,15.002191999999923,2.3724673057850767,5.968662999999651,14.0,8.0,8.0,7.0,0.875,0.0,0.0,2.3455839272548675,1.0090019999988726,0.45912792307689626,2500.9951500000025,613.0,242.0,21.0,172.0,8.19047619047619,4.0,7.0,0.24510243452491276,82.00741500000004,4.086480535947713,2221.9863960000002,660.0,208.0,17.0,103.0,6.0588235294117645,0.0,8.0,0.2970315215197204,37.04677999999694,3.371754773899849,414.9532290000061,143.0,65.0,15.0,53.0,3.533333333333333,0.0,4.0,0.34461715202124116,95.9161510000049,2.922205838028212,9,younger adult (ESL),12.0,9.0,4.0
120,24,190.54082299999573,133.0,60.0,18.0,56.0,3.111111111111111,0.0,0.0,0.6980131496545651,12.578244999996969,1.443491083333301,135.99366299999383,36.0,14.0,2.0,10.0,5.0,4.0,2.0,0.2647182170539934,18.261059000004025,3.8855332285712523,293.4398959999962,62.0,24.0,3.0,10.0,3.3333333333333335,0.0,0.0,0.2112868796818303,46.385087000002386,4.810490098360594,541.3378650000013,122.0,38.0,4.0,15.0,3.75,0.0,0.0,0.22536757150730571,34.01009200000408,4.473866652892573,87.45241499999975,79.0,34.0,10.0,31.0,3.1,0.0,0.0,0.9033484095322036,9.032220000000962,1.1211848076923043,125.17404400000669,76.0,38.0,11.0,33.0,3.0,0.0,0.0,0.6071546270406981,23.062984999996843,1.6689872533334225,340.11377399999765,125.0,41.0,7.0,26.0,3.7142857142857144,5.0,8.0,0.36752407445868646,18.931352999999945,2.7428530161290134,56.772759999999835,23.0,12.0,5.0,9.0,1.8,0.0,0.0,0.40512386574124754,20.240217999999004,2.5805799999999923,97.12805600000138,61.0,25.0,8.0,15.0,1.875,0.0,0.0,0.6280368671231218,8.42581500000233,1.6188009333333564,26.020152999997663,19.0,8.0,5.0,6.0,1.2,0.0,0.0,0.7302032390048477,5.290396000003966,1.4455640555554257,77.07846499999869,56.0,20.0,5.0,12.0,2.4,0.0,0.0,0.7265323719147878,7.369998999995005,1.4014266363636125,123.55977999999595,33.0,12.0,3.0,7.0,2.3333333333333335,0.0,0.0,0.2670771993928856,27.516158000005817,3.8612431249998735,150.69167500000185,39.0,11.0,5.0,7.0,1.4,0.0,0.0,0.2588065996346482,22.79407899999933,3.9655703947368908,378.9156920000023,186.0,33.0,6.0,15.0,2.5,7.0,8.0,0.49087436579427507,12.384252000003471,2.0481929297297423,42.94380500000261,29.0,10.0,6.0,7.0,1.1666666666666667,0.0,0.0,0.6753011289986585,9.541323000004923,1.5337073214286647,143.33042700000078,64.0,20.0,5.0,13.0,2.6,0.0,0.0,0.44652068189261485,9.820911000002525,2.2750861428571554,363.2393929999962,176.0,63.0,13.0,53.0,4.076923076923077,2.0,3.0,0.484528945350379,39.313882000002195,2.0756536742856926,204.56098599999677,129.0,48.0,12.0,40.0,3.3333333333333335,0.0,4.0,0.6306187828015359,16.678013000004285,1.5981327031249748,47.66583600000013,28.0,12.0,8.0,10.0,1.25,0.0,0.0,0.5874228241795638,16.678013000004285,1.765401333333338,363.6133499999996,215.0,82.0,18.0,68.0,3.7777777777777777,2.0,6.0,0.5912874211026636,16.678013000004285,1.699127803738316,1.6043340000032913,2.0,1.0,1.0,0.0,0.0,0.0,1.0,1.2466232093790302,1.6043340000032913,1.6043340000032913,186.39576900000247,121.0,43.0,10.0,36.0,3.6,2.0,3.0,0.6491563657756545,16.678013000004285,1.5532980750000207,183.1536139999953,110.0,42.0,12.0,34.0,2.8333333333333335,0.0,2.0,0.6005887495073007,16.678013000004285,1.6803083853210576,10.53509699999995,11.0,7.0,7.0,6.0,0.8571428571428571,0.0,1.0,1.0441289719496698,3.241227999998955,1.053509699999995,2119.4436799999967,844.0,336.0,19.0,263.0,13.842105263157896,9.0,10.0,0.3982177058840277,46.385087000002386,2.5141680664294146,1350.9964550000004,687.0,202.0,17.0,145.0,8.529411764705882,7.0,8.0,0.5085135475059406,27.516158000005817,1.9693825874635575,477.50123899999744,235.0,85.0,18.0,70.0,3.888888888888889,2.0,6.0,0.49214531985748683,39.313882000002195,2.0406035854700746,4,young-old,11.0,12.0,3.0
121,15,179.57067999999708,71.0,33.0,5.0,26.0,5.2,0.0,0.0,0.3953874875341629,13.63300999999774,2.5652954285713867,181.36304999999993,15.0,3.0,1.0,0.0,0.0,4.0,2.0,0.08270703431597563,122.4374800000005,12.954503571428566,173.11944000000221,29.0,14.0,2.0,3.0,1.5,0.0,0.0,0.16751440508356327,49.669199999996636,6.182837142857222,509.1458500000008,84.0,26.0,3.0,9.0,3.0,0.0,0.0,0.1649821951804181,72.06076999999641,6.1342873493976,71.34719999999652,51.0,25.0,9.0,22.0,2.4444444444444446,0.0,0.0,0.7148143164693567,8.540949999995064,1.4269439999999305,105.33318999999756,26.0,11.0,5.0,8.0,1.6,0.0,0.0,0.24683577892210995,32.05956999999762,4.213327599999903,169.20913000000292,53.0,18.0,7.0,9.0,1.2857142857142858,0.0,6.0,0.3132218692927449,30.054589999999735,3.2540217307692867,52.355029999998806,30.0,12.0,7.0,9.0,1.2857142857142858,0.0,2.0,0.5730108453762836,28.084219999997003,1.8053458620689242,44.744149999998626,19.0,9.0,5.0,5.0,1.0,0.0,0.0,0.4246365167290156,12.051440000002913,2.4857861111110346,29.723120000002382,14.0,6.0,4.0,4.0,1.0,0.0,0.0,0.47101381012487514,14.254469999999856,2.2863938461540294,149.52273000000423,59.0,28.0,6.0,12.0,2.0,0.0,0.0,0.39458883609199974,26.4589399999968,2.577978103448349,182.4015400000062,22.0,8.0,2.0,6.0,3.0,0.0,0.0,0.12061301675413076,49.74008999999933,8.685787619047915,171.98963999999978,61.0,27.0,5.0,14.0,2.8,0.0,1.0,0.3546725256242183,28.96893000000273,2.8664939999999963,484.93993000000046,111.0,33.0,6.0,7.0,1.1666666666666667,1.0,2.0,0.22889432924197414,57.60345000000234,4.408544818181823,85.41783000000578,32.0,13.0,6.0,6.0,1.0,0.0,0.0,0.37462904407660363,20.757040000004054,2.7554138709679283,,,,,,,,,,,,,,,,,,,,,,,,,,,,,,,,,,,,,,,,,,,,,,,,,,,,,,,,,,,,,,,,,,,,,,,,,,,,,,,,,,,,,,,,,,,,,,,,,,,,1877.1775999999954,454.0,184.0,15.0,129.0,8.6,4.0,10.0,0.24185244912362108,122.4374800000005,4.143879911699769,1486.394339999999,421.0,169.0,14.0,85.0,6.071428571428571,1.0,3.0,0.2832357394471781,57.60345000000234,3.5390341428571404,,,,,,,,,,,,8,younger adult,,,
122,14,72.00156299999799,46.0,17.0,5.0,14.0,2.8,0.0,0.0,0.6388750199770148,6.065649000003759,1.6000347333332885,206.9357669999954,75.0,20.0,9.0,15.0,1.6666666666666667,6.0,6.0,0.36243130458932055,19.088526000006823,2.7964292837837217,122.99374299999909,30.0,13.0,3.0,4.0,1.3333333333333333,0.0,0.0,0.24391484695282606,32.97131999999692,4.241163551724107,754.9732780000049,145.0,49.0,6.0,20.0,3.3333333333333335,0.0,0.0,0.1920597777766633,38.0019700000048,5.242513923611114,41.03216699999757,42.0,20.0,8.0,19.0,2.375,0.0,0.0,1.0235871773480179,2.955996000004234,1.0007845609755506,,,,,,,,,,,,404.9635560000024,87.0,31.0,5.0,9.0,1.8,0.0,14.0,0.21483414670528891,31.06417800000054,4.708878558139563,73.01578900000459,27.0,12.0,5.0,8.0,1.6,0.0,1.0,0.3697830341872811,43.016640000001644,2.8082995769232535,28.058240000005753,21.0,10.0,6.0,8.0,1.3333333333333333,0.0,0.0,0.7484432380646717,7.030518999999913,1.4029120000002877,65.90836899999704,28.0,12.0,4.0,9.0,2.25,0.0,0.0,0.4248322394383824,9.05711799999699,2.441050703703594,,,,,,,,,,,,256.9465809999965,48.0,19.0,2.0,6.0,3.0,0.0,0.0,0.1868092574463976,29.995896000000357,5.466948531914819,184.96933400000125,74.0,34.0,6.0,20.0,3.3333333333333335,0.0,2.0,0.40006631585752206,24.935853999995743,2.533826493150702,391.9623240000001,111.0,39.0,6.0,9.0,1.5,4.0,12.0,0.2831904833792137,24.975884999999835,3.563293854545455,107.01975099999981,36.0,15.0,6.0,7.0,1.1666666666666667,0.0,0.0,0.336386504954586,20.01357999999891,3.057707171428566,67.92971699999907,87.0,41.0,23.0,40.0,1.7391304347826086,0.0,2.0,1.2807354990158606,2.9711929999975837,0.7898804302325474,,,,,,,,,,,,,,,,,,,,,,,,,,,,,,,,,,,,,,,,,,,,,,,,,,,,,,,,,,,,,,,,,,,,,,,,,,,,,,,,,,,,,,,,,2242.0051840000015,641.0,238.0,25.0,150.0,6.0,6.0,21.0,0.28590478049492307,43.016640000001644,3.503133100000002,1532.9789750000054,567.0,239.0,30.0,157.0,5.233333333333333,4.0,16.0,0.3698680864165133,33.0011949999971,2.7084434187279247,,,,,,,,,,,,2,MCI,17.0,,
123,24,473.5214930000002,167.0,78.0,20.0,65.0,3.25,0.0,0.0,0.3526767052155749,22.504305000002205,2.8525391144578323,191.54734599999938,28.0,7.0,1.0,0.0,0.0,4.0,2.0,0.1461779585293763,65.3020669999969,7.094346148148126,471.2800599999973,81.0,33.0,5.0,25.0,5.0,0.0,0.0,0.17187232576740136,82.02986399999645,5.886393487500027,696.9550859999945,145.0,54.0,8.0,27.0,3.375,0.0,0.0,0.20804783968532678,80.91333999999915,4.837406284722217,71.0162330000021,52.0,26.0,9.0,23.0,2.5555555555555554,0.0,0.0,0.7322269543640602,7.968908000002557,1.3924751568627862,266.4357500000042,35.0,15.0,6.0,13.0,2.1666666666666665,0.0,0.0,0.13136375279968793,142.95189400000527,7.836345588235417,360.0235299999986,105.0,42.0,11.0,20.0,1.8181818181818181,0.0,12.0,0.2916476042552008,29.40237299999717,3.461764711538448,129.94246899999416,57.0,23.0,7.0,21.0,3.0,0.0,2.0,0.4386556638384527,32.036755000000994,2.320401232142753,141.49511399999756,37.0,14.0,6.0,9.0,1.5,0.0,0.0,0.2614931283068943,19.75372200000129,3.9304198333332656,89.3637699999963,19.0,8.0,4.0,4.0,1.0,0.0,0.0,0.21261412762689832,41.354129999999714,4.964653888888683,252.06408200000442,78.0,35.0,5.0,15.0,3.0,0.0,0.0,0.3094451195946221,25.99667000000045,3.273559506493564,326.2643229999958,38.0,15.0,6.0,7.0,1.1666666666666667,0.0,0.0,0.11646998253008647,68.00562300000456,8.817139351351313,328.82688999999664,117.0,51.0,9.0,35.0,3.888888888888889,0.0,2.0,0.3558103170942048,29.576430000000983,2.8347145689654885,508.9741839999988,103.0,37.0,6.0,16.0,2.6666666666666665,2.0,6.0,0.20236782775607387,33.005248999994365,4.989942980392145,147.04822199999762,33.0,13.0,8.0,10.0,1.25,0.0,0.0,0.22441617825206028,45.4035240000012,4.595256937499926,504.9892649999965,107.0,51.0,6.0,23.0,3.8333333333333335,0.0,0.0,0.21188569226318255,51.319369999997434,4.764049669811288,291.98172299999715,26.0,11.0,5.0,9.0,1.8,0.0,0.0,0.08904666954102554,107.32854799999768,11.679268919999886,213.88274000000092,70.0,28.0,4.0,14.0,3.5,0.0,7.0,0.3272821359965732,22.174515000006068,3.099749855072477,5.321739999999409,5.0,3.0,3.0,2.0,0.6666666666666666,0.0,1.0,0.9395423301402466,3.3323099999979604,1.3304349999998522,549.5464330000032,69.0,23.0,5.0,9.0,1.8,0.0,8.0,0.12555808910145289,107.32854799999768,8.081565191176518,24.055248000004212,6.0,3.0,1.0,0.0,0.0,0.0,0.0,0.2494258217582687,10.221848000001046,4.8110496000008425,285.397358000002,58.0,19.0,5.0,7.0,1.4,0.0,8.0,0.20322542719543885,56.00879400000122,5.006971192982491,755.970871000005,159.0,61.0,12.0,39.0,3.25,0.0,12.0,0.2103255642504762,107.32854799999768,4.784625765822816,8.02074900000298,8.0,6.0,6.0,5.0,0.8333333333333334,0.0,0.0,0.9974130844883724,3.0951589999967837,1.1458212857147114,2835.494949,769.0,324.0,22.0,238.0,10.818181818181818,4.0,16.0,0.27120485623548896,142.95189400000527,3.69205071484375,2497.9802409999975,629.0,268.0,24.0,168.0,7.0,2.0,8.0,0.25180343289993246,68.00562300000456,3.9776755429936266,770.9659930000053,169.0,67.0,17.0,44.0,2.588235294117647,0.0,12.0,0.21920551818684283,107.32854799999768,4.589083291666698,4,young-old,15.0,11.0,4.0
124,23,397.92086800000106,121.0,55.0,22.0,46.0,2.090909090909091,0.0,0.0,0.3040805590522578,19.02753500000108,3.3160072333333424,181.96500500000548,41.0,15.0,1.0,0.0,0.0,4.0,2.0,0.22531804947879272,31.968886000002385,4.5491251250001365,568.0615450000041,72.0,30.0,2.0,2.0,1.0,0.0,0.0,0.1267468298703435,36.98940399999992,8.000866830985974,469.98831800000335,78.0,19.0,8.0,12.0,1.5,0.0,0.0,0.1659615718363439,58.00354200000584,6.103744389610433,63.00810400000046,54.0,25.0,15.0,22.0,1.4666666666666666,0.0,0.0,0.8570326128207192,6.043792000004032,1.1888321509434048,136.98637599999347,21.0,9.0,3.0,7.0,2.3333333333333335,0.0,0.0,0.1532999164822128,59.003232000002754,6.849318799999674,498.0251019999996,141.0,56.0,7.0,28.0,4.0,0.0,2.0,0.2831182593683804,46.98134199999913,3.5573221571428544,106.08262100000138,54.0,25.0,9.0,20.0,2.2222222222222223,0.0,2.0,0.5090371965828342,20.99440300000424,2.0015588867924787,92.97343900000124,27.0,14.0,4.0,8.0,2.0,0.0,0.0,0.29040552108650775,24.032579999999143,3.5759015000000476,49.06142799999361,19.0,10.0,6.0,8.0,1.3333333333333333,0.0,0.0,0.38726960821447093,22.92620899999747,2.725634888888534,367.94777500000055,86.0,36.0,5.0,16.0,3.2,0.0,0.0,0.2337288219775208,20.97920599999634,4.328797352941183,180.9350390000036,34.0,14.0,3.0,5.0,1.6666666666666667,0.0,0.0,0.1879127458557064,55.06181600000127,5.482879969697079,344.97122499999386,183.0,83.0,10.0,57.0,5.7,0.0,1.0,0.5304790276348506,16.959837999995216,1.8954462912087575,479.0221440000023,94.0,30.0,5.0,9.0,1.8,2.0,10.0,0.19623309940343708,45.920365000005404,5.150775741935509,194.9362190000029,52.0,22.0,5.0,6.0,1.2,0.0,0.0,0.2667539170850504,16.03721300000325,3.8222788039216256,313.9540740000011,99.0,46.0,4.0,10.0,2.5,0.0,0.0,0.31533274513265164,17.00332100000378,3.2036130000000114,309.40035999999964,130.0,58.0,13.0,39.0,3.0,0.0,3.0,0.42016757834412394,18.99037999999564,2.3984524031007726,,,,,,,,,,,,22.436829999998736,15.0,8.0,7.0,7.0,1.0,0.0,0.0,0.6685436400775352,10.64205999999831,1.602630714285624,18.202339999996184,2.0,2.0,2.0,1.0,0.5,0.0,0.0,0.10987598297803575,18.202339999996184,18.202339999996184,33.398749999993015,18.0,9.0,4.0,6.0,1.5,0.0,0.0,0.5389423256859542,13.629659999998694,1.9646323529407657,143.25511000000552,57.0,24.0,6.0,16.0,2.6666666666666665,0.0,1.0,0.39789156561324623,18.99037999999564,2.5581269642858127,178.8602000000028,72.0,30.0,10.0,20.0,2.0,0.0,3.0,0.40254902991274116,18.99037999999564,2.5191577464789128,12.966809999998077,9.0,6.0,6.0,5.0,0.8333333333333334,0.0,1.0,0.694079731252431,6.050900000002002,1.6208512499997596,2772.9913579999993,674.0,271.0,25.0,173.0,6.92,4.0,6.0,0.2430588173509916,59.9558640000032,4.1203437711738475,2245.929363000003,682.0,290.0,19.0,153.0,8.052631578947368,2.0,12.0,0.30366048515836563,55.06181600000127,3.297987317180621,322.3671699999977,138.0,63.0,18.0,44.0,2.4444444444444446,0.0,4.0,0.4280832939657006,18.99037999999564,2.353045036496334,4,young-old,11.0,15.0,3.0
125,16,183.0364499999996,105.0,44.0,18.0,39.0,2.1666666666666665,0.0,0.0,0.5736562307671517,10.267780000001949,1.7599658653846115,188.22032000000036,25.0,2.0,2.0,1.0,0.5,4.0,2.0,0.13282306607490602,43.51209999999992,7.842513333333348,291.37744999999995,52.0,16.0,2.0,6.0,3.0,0.0,0.0,0.17846267787709724,20.289160000000265,5.713283333333332,393.19402999999875,82.0,26.0,6.0,15.0,2.5,0.0,0.0,0.20854843599736309,48.031730000002426,4.854247283950602,59.02713000000222,57.0,22.0,8.0,19.0,2.375,0.0,0.0,0.9656576560642176,5.559959999998682,1.0540558928571824,138.0462800000023,24.0,9.0,5.0,7.0,1.4,0.0,0.0,0.17385473914979527,54.124940000001516,6.002012173913143,348.6632600000012,167.0,58.0,8.0,45.0,5.625,0.0,13.0,0.4789721750436207,16.67051000000356,2.1003810843373563,52.72157000000152,24.0,9.0,7.0,7.0,1.0,0.0,1.0,0.4552216483689562,13.869959999996354,2.2922421739131096,79.27759000000515,27.0,13.0,6.0,11.0,1.8333333333333333,0.0,0.0,0.3405754387841286,21.092750000003434,3.049138076923275,31.801690000000235,25.0,10.0,7.0,7.0,1.0,0.0,0.0,0.7861217438444251,7.531349999997474,1.3250704166666765,294.38838000000396,124.0,48.0,6.0,34.0,5.666666666666667,0.0,0.0,0.421212277468283,13.992400000002817,2.3934014634146665,200.11615999999776,53.0,23.0,2.0,13.0,6.5,0.0,0.0,0.26484617734020377,12.483110000001034,3.848387692307649,172.64906000000337,49.0,21.0,7.0,13.0,1.8571428571428572,0.0,1.0,0.2838127239152014,33.48515999999654,3.596855416666737,412.25017999999545,135.0,23.0,5.0,12.0,2.4,4.0,6.0,0.32747105168032065,34.09973999999784,3.076493880596981,63.624519999997574,36.0,15.0,8.0,13.0,1.625,0.0,0.0,0.5658195928236688,13.365729999997711,1.8178434285713592,193.53261999999813,61.0,26.0,5.0,9.0,1.8,0.0,0.0,0.3151923432855949,12.874150000003283,3.2255436666666357,,,,,,,,,,,,,,,,,,,,,,,,,,,,,,,,,,,,,,,,,,,,,,,,,,,,,,,,,,,,,,,,,,,,,,,,,,,,,,,,,,,,,,,,,2070.4708200000023,686.0,238.0,20.0,182.0,9.1,4.0,17.0,0.33132560641448655,54.124940000001516,3.022585138686135,1851.7726600000024,652.0,218.0,16.0,139.0,8.6875,4.0,7.0,0.35209505685217274,34.09973999999784,2.844504854070664,,,,,,,,,,,,9,younger adult (ESL),,,
126,16,150.68642499999987,106.0,48.0,19.0,46.0,2.4210526315789473,0.0,0.0,0.7034475733298476,12.859549000000698,1.4351088095238083,159.42011899999488,27.0,9.0,2.0,3.0,1.5,4.0,2.0,0.16936381787546442,29.8639650000041,6.131543038461341,181.1472070000018,43.0,16.0,2.0,10.0,5.0,0.0,0.0,0.23737600326346503,15.207267999998294,4.313028738095281,390.4798200000005,75.0,25.0,5.0,13.0,2.6,0.0,0.0,0.1920713854047564,67.85829400000512,5.2767543243243304,53.86059199999727,68.0,27.0,11.0,25.0,2.272727272727273,0.0,0.0,1.2625186147230512,4.02893999999651,0.8038894328357801,97.6105699999971,34.0,11.0,7.0,9.0,1.2857142857142858,0.0,0.0,0.34832293264961994,20.010095000005094,2.9578960606059725,257.83303100000194,75.0,22.0,6.0,14.0,2.3333333333333335,0.0,10.0,0.29088592609377284,32.00869100000273,3.484230148648675,43.47263099999691,42.0,17.0,9.0,14.0,1.5555555555555556,0.0,0.0,0.9661251006409753,13.24800900000264,1.0603080731706562,76.07241400000203,50.0,19.0,7.0,17.0,2.4285714285714284,0.0,0.0,0.6572684810554148,6.2211479999969015,1.5524982448980005,30.27893399999448,26.0,7.0,5.0,5.0,1.0,0.0,0.0,0.8586828056762085,4.955222000004142,1.2111573599997791,162.15873799999827,121.0,41.0,7.0,39.0,5.571428571428571,0.0,0.0,0.7461824228059871,5.624590999999782,1.3513228166666522,110.94247200000245,49.0,19.0,5.0,13.0,2.6,0.0,0.0,0.44167034605104993,8.461248999999953,2.311301500000051,130.07971000000543,74.0,29.0,8.0,23.0,2.875,0.0,0.0,0.56888195707076,8.92324400000507,1.7819138356165127,404.9980559999967,178.0,32.0,8.0,20.0,2.5,4.0,12.0,0.43950828247926566,12.59534100000019,2.288124610169473,214.06567399999767,75.0,22.0,7.0,17.0,2.4285714285714284,0.0,0.0,0.35035976856336537,13.727054999995744,2.892779378378347,169.59665300000052,68.0,26.0,5.0,16.0,3.2,0.0,0.0,0.4009513088681048,19.2410830000008,2.531293328358217,,,,,,,,,,,,,,,,,,,,,,,,,,,,,,,,,,,,,,,,,,,,,,,,,,,,,,,,,,,,,,,,,,,,,,,,,,,,,,,,,,,,,,,,,1890.171773999995,652.0,249.0,22.0,200.0,9.090909090909092,4.0,14.0,0.34494219465579734,67.85829400000512,2.903489668202757,2103.4003770000054,881.0,257.0,15.0,197.0,13.133333333333333,4.0,14.0,0.41884560335419097,41.82739600000059,2.3902277011363697,,,,,,,,,,,,8,younger adult,12.0,,
127,23,387.920140000002,178.0,87.0,21.0,67.0,3.1904761904761907,0.0,0.0,0.4588573307897834,17.96620100000291,2.1916392090395593,331.8891100000037,44.0,11.0,1.0,0.0,0.0,6.0,6.0,0.1325744011305448,50.07123199999478,7.718351395348924,495.8998100000026,83.0,24.0,5.0,10.0,2.0,0.0,6.0,0.16737251825121602,90.94116000000213,6.047558658536618,494.88116000000446,96.0,23.0,4.0,8.0,2.0,0.0,3.0,0.1939859662469251,76.16996700000163,5.2092753684211,73.1281500000041,60.0,26.0,12.0,19.0,1.5833333333333333,0.0,1.0,0.8204774768676172,6.189003999999841,1.239460169491595,207.07108000000153,47.0,19.0,4.0,6.0,1.5,0.0,0.0,0.2269752009792949,71.14332199999626,4.492278847826168,785.8550300000061,208.0,70.0,9.0,22.0,2.4444444444444446,0.0,19.0,0.2646798608644121,34.30081000000064,3.7964011111111406,91.99641100000008,23.0,9.0,6.0,6.0,1.0,0.0,1.0,0.25000975309786794,45.558217999998305,4.181655045454549,396.0126010000022,147.0,61.0,8.0,43.0,5.375,0.0,1.0,0.3712003093558106,50.65745600000082,2.7124150753424807,27.976437000004807,19.0,4.0,3.0,2.0,0.6666666666666666,0.0,0.0,0.6791429516202058,10.982460999999603,1.554246500000267,195.15593999999692,80.0,25.0,5.0,11.0,2.2,0.0,6.0,0.4099285935134809,12.557826000003843,2.470328354430341,141.65777399999934,23.0,7.0,3.0,2.0,0.6666666666666666,0.0,0.0,0.16236313299685273,44.856543999994756,6.4389897272726975,276.32495599999675,91.0,33.0,7.0,8.0,1.1428571428571428,0.0,10.0,0.3293224083603982,30.168532999996387,3.0664099111110974,696.3700249999965,241.0,40.0,6.0,14.0,2.3333333333333335,1.0,36.0,0.34608037587488233,32.449007999995956,2.8999457791666523,191.0703280000016,77.0,22.0,6.0,10.0,1.6666666666666667,0.0,18.0,0.4029929754451426,32.82694700000138,2.509043289473706,197.50247699999454,57.0,26.0,8.0,15.0,1.875,0.0,2.0,0.2886039753314161,35.1882190000033,3.526829946428474,492.2898200000054,35.0,11.0,2.0,2.0,1.0,0.0,0.0,0.07109633101899124,110.43543399999908,14.479112352941335,,,,,,,,,,,,931.9962559999985,199.0,70.0,16.0,40.0,2.5,0.0,19.0,0.21352017105098792,110.43543399999908,4.707051797979791,49.352044999999634,17.0,8.0,5.0,4.0,0.8,0.0,1.0,0.34446394267958147,14.962414999994508,3.084502812499977,4.256654999997409,3.0,1.0,1.0,0.0,0.0,0.0,1.0,0.7047787523306038,3.4629300000015064,2.1283274999987043,318.55199999999604,116.0,37.0,11.0,22.0,2.0,0.0,19.0,0.36414776865316006,23.67102000000159,2.7700173913043136,265.57246499999746,85.0,34.0,12.0,22.0,1.8333333333333333,0.0,8.0,0.3200633017432768,30.22327999999834,3.161576964285684,12.142214999999851,9.0,5.0,5.0,4.0,0.8,0.0,1.0,0.7412156678167954,5.94083700000192,1.4975117499998305,3350.4426600000006,898.0,342.0,23.0,195.0,8.478260869565217,6.0,40.0,0.2680242854835187,90.94116000000213,3.735164615384616,2423.984792999996,868.0,264.0,14.0,142.0,10.142857142857142,1.0,104.0,0.3580880550515902,50.65745600000082,2.79583021107266,1050.147603999998,221.0,77.0,17.0,44.0,2.588235294117647,0.0,27.0,0.21044660689432038,110.43543399999908,4.772661286363622,2,MCI,19.0,13.0,4.0
128,21,86.99505800000043,58.0,28.0,12.0,27.0,2.25,0.0,0.0,0.6667045385497612,8.089259000000311,1.5262290877193057,176.9957859999995,26.0,0.0,0.0,0.0,0.0,8.0,4.0,0.1468961526575558,31.055609999995795,7.07983143999998,117.06534000000102,20.0,9.0,4.0,6.0,1.5,0.0,0.0,0.17084476071226398,25.99253399999725,6.16133368421058,418.97799600000144,119.0,42.0,6.0,11.0,1.8333333333333333,0.0,0.0,0.28402446222975297,29.935925000005227,3.5506609830508595,50.012651999997615,37.0,18.0,8.0,17.0,2.125,0.0,0.0,0.7398127977696877,6.0002930000046035,1.389240333333267,,,,,,,,,,,,681.9584529999993,156.0,45.0,8.0,18.0,2.25,0.0,18.0,0.2287529384139772,32.000598999999056,4.399731954838705,124.9314680000025,52.0,20.0,5.0,18.0,3.6,0.0,2.0,0.41622819960779583,15.03174100000615,2.4496366274510293,250.02380699999776,82.0,40.0,5.0,25.0,5.0,0.0,0.0,0.32796876819014575,20.937900000004447,3.086713666666639,37.97862299999542,19.0,8.0,4.0,4.0,1.0,0.0,0.0,0.5002814346376457,9.028456000000006,2.109923499999746,30.07688600000256,18.0,8.0,5.0,6.0,1.2,0.0,0.0,0.5984662108969149,6.003776000005018,1.7692285882354446,646.0128870000044,89.0,38.0,2.0,4.0,2.0,0.0,0.0,0.1377681495075181,48.99026099999901,7.341055534090959,231.9863949999999,66.0,30.0,9.0,19.0,2.111111111111111,0.0,1.0,0.28449944230565777,24.004328999995778,3.56902146153846,403.9666120000038,99.0,34.0,6.0,18.0,3.0,2.0,16.0,0.24506975838884196,28.993641000000935,4.122108285714325,132.99980900000082,35.0,15.0,6.0,7.0,1.1666666666666667,0.0,0.0,0.2631582726558636,26.017725000005157,3.911759088235318,234.92048000000068,41.0,18.0,5.0,7.0,1.4,0.0,2.0,0.17452714212060133,98.02106300000014,5.873012000000017,575.0052619999988,92.0,32.0,5.0,14.0,2.8,0.0,10.0,0.159998535804704,58.916730999997526,6.31873914285713,,,,,,,,,,,,52.9708049999972,32.0,15.0,4.0,6.0,1.5,0.0,1.0,0.6041063563221607,6.992451999998593,1.7087356451612,128.0545179999972,62.0,29.0,9.0,14.0,1.5555555555555556,0.0,3.0,0.48416878192459684,9.95368499999313,2.099254393442577,,,,,,,,,,,,341.00896600000124,117.0,50.0,9.0,20.0,2.2222222222222223,0.0,7.0,0.3430994831965784,39.967476999998325,2.939732465517252,661.9363959999973,131.0,50.0,9.0,23.0,2.5555555555555554,0.0,11.0,0.19790421072419853,58.916730999997526,5.0918184307692105,7.088201000005938,12.0,7.0,7.0,6.0,0.8571428571428571,0.0,0.0,1.692954248897562,1.062062999997579,0.6443819090914489,1900.9434580000016,551.0,198.0,15.0,131.0,8.733333333333333,8.0,24.0,0.28985606998522284,33.043123000003106,3.4562608327272755,2419.0144470000014,527.0,223.0,16.0,122.0,7.625,2.0,19.0,0.21785731815433002,98.02106300000014,4.598886781368824,766.0836950000012,183.0,76.0,14.0,39.0,2.7857142857142856,0.0,13.0,0.23887729394893298,58.916730999997526,4.209251071428578,2,MCI,26.0,16.0,2.0
129,16,132.62258100000327,79.0,30.0,8.0,27.0,3.375,0.0,0.0,0.5956753322422375,14.649245999993582,1.7002895000000418,274.7069630000042,58.0,16.0,3.0,7.0,2.3333333333333335,3.0,2.0,0.21113407307407464,30.340718999999808,4.819420403508845,338.18794499999785,81.0,26.0,2.0,11.0,5.5,0.0,0.0,0.23951178981261592,22.02338900000177,4.227349312499973,683.690512000001,208.0,58.0,6.0,27.0,4.5,0.0,0.0,0.3042312220942444,24.019820000001346,3.30285271497585,65.25238700000045,64.0,23.0,9.0,22.0,2.4444444444444446,0.0,0.0,0.9808070316262845,7.363319999996747,1.0357521746031817,176.1205390000032,60.0,14.0,5.0,11.0,2.2,0.0,0.0,0.34067576865636845,14.014482999999018,2.9850938813559864,643.1156530000007,271.0,76.0,7.0,59.0,8.428571428571429,10.0,14.0,0.4213861048721818,22.632471999997506,2.381909825925929,163.71984300000622,65.0,21.0,7.0,18.0,2.5714285714285716,0.0,0.0,0.3970196819697508,12.010300000001735,2.558122546875097,74.48311400000239,45.0,16.0,5.0,14.0,2.8,0.0,0.0,0.6041637840222223,6.078495000001567,1.6927980454545997,33.244345999999496,21.0,6.0,4.0,4.0,1.0,0.0,0.0,0.6316863625471928,6.013944999998785,1.6622172999999747,177.01816300000064,119.0,46.0,21.0,38.0,1.8095238095238095,0.0,0.0,0.6722474009630276,12.487920999999915,1.500153923728819,572.4683759999971,185.0,58.0,10.0,42.0,4.2,0.0,0.0,0.3231619557619039,18.009354000001622,3.1112411739130277,201.31693400000222,54.0,19.0,7.0,14.0,2.0,0.0,1.0,0.26823376914730584,44.02017400000477,3.798432716981174,390.43141599999944,193.0,58.0,9.0,43.0,4.777777777777778,2.0,12.0,0.49432497511931844,16.973430999998527,2.0334969583333304,144.03177199999482,43.0,15.0,6.0,8.0,1.3333333333333333,0.0,0.0,0.2985452404209923,18.0067859999981,3.4293279047617813,456.3168080000032,133.0,45.0,4.0,10.0,2.5,0.0,0.0,0.2914641706557499,23.198622999996587,3.4569455151515394,,,,,,,,,,,,,,,,,,,,,,,,,,,,,,,,,,,,,,,,,,,,,,,,,,,,,,,,,,,,,,,,,,,,,,,,,,,,,,,,,,,,,,,,,2973.9621600000028,1081.0,325.0,20.0,234.0,11.7,13.0,16.0,0.3634881487530423,30.340718999999808,2.753668666666669,2727.952987000004,1134.0,360.0,25.0,248.0,9.92,4.0,15.0,0.4156963134643633,44.02017400000477,2.4077254960282475,,,,,,,,,,,,5,old-old,20.0,,
130,16,432.03269100000034,178.0,84.0,26.0,75.0,2.8846153846153846,0.0,0.0,0.4120058590658823,23.000819000000774,2.440862661016951,319.938218999996,73.0,25.0,1.0,0.0,0.0,4.0,2.0,0.22816905160055576,30.006828999998106,4.443586374999945,715.9976059999972,122.0,45.0,2.0,2.0,1.0,0.0,0.0,0.17039163116978423,45.04824199999712,5.9173355867768365,716.0346100000024,130.0,45.0,6.0,14.0,2.3333333333333335,0.0,0.0,0.1815554697837854,68.00394100000267,5.550655891472887,59.976411999996344,43.0,21.0,8.0,19.0,2.375,0.0,0.0,0.7169485230293973,9.035891999999876,1.4280098095237226,220.03617099999974,55.0,26.0,4.0,7.0,1.75,0.0,0.0,0.24995890334775941,15.025623999994423,4.074743907407402,568.9548580000046,147.0,59.0,9.0,36.0,4.0,0.0,8.0,0.25836847674828856,58.9658500000005,3.8969510821918125,112.99084399999992,32.0,16.0,6.0,12.0,2.0,0.0,0.0,0.2832087881386214,42.95960699999705,3.6448659354838684,346.9169630000033,108.0,48.0,5.0,31.0,6.2,0.0,0.0,0.3113136903599579,30.014690999996674,3.2422146074766665,43.021653000003425,19.0,9.0,6.0,7.0,1.1666666666666667,0.0,0.0,0.4416380746690158,16.042358999999124,2.3900918333335235,178.9738989999969,47.0,22.0,7.0,14.0,2.0,0.0,0.0,0.26260812477466794,17.96554499999911,3.890736934782541,532.0727189999961,114.0,52.0,7.0,13.0,1.8571428571428572,0.0,0.0,0.21425642760684527,30.968957000004593,4.708608132743329,435.95703800000047,42.0,19.0,5.0,6.0,1.2,0.0,1.0,0.09633976823193288,88.05943599999591,10.63309848780489,535.9937540000028,116.0,42.0,6.0,9.0,1.5,5.0,6.0,0.21642043239182857,27.972729999994044,4.660815252173937,256.0390999999945,90.0,37.0,7.0,18.0,2.5714285714285716,0.0,0.0,0.3515088125212201,19.05720800000563,2.876804056179741,338.02176000000327,70.0,30.0,4.0,5.0,1.25,0.0,0.0,0.2070872597077754,35.01135400000203,4.898866086956569,,,,,,,,,,,,,,,,,,,,,,,,,,,,,,,,,,,,,,,,,,,,,,,,,,,,,,,,,,,,,,,,,,,,,,,,,,,,,,,,,,,,,,,,,3643.9770169999974,929.0,394.0,27.0,214.0,7.925925925925926,4.0,10.0,0.25494123471855057,68.00394100000267,3.9266993717672385,3252.980456000005,729.0,316.0,15.0,133.0,8.866666666666667,5.0,7.0,0.22410217640729624,88.05943599999591,4.4683797472527536,,,,,,,,,,,,2,MCI,17.0,,
131,16,195.77176000000327,106.0,48.0,18.0,43.0,2.388888888888889,0.0,0.0,0.5414468358459782,14.65795000000071,1.8644929523809834,173.64530899999954,16.0,2.0,1.0,0.0,0.0,4.0,1.0,0.09214184991314704,69.93636100000003,11.576353933333303,149.16969999999856,34.0,13.0,2.0,7.0,3.5,0.0,0.0,0.22792832592678225,32.36276999999973,4.520293939393896,503.6636789999975,88.0,23.0,6.0,15.0,2.5,0.0,0.0,0.17471976572684417,54.6567800000048,5.789237689655144,53.14701899999636,59.0,26.0,8.0,23.0,2.875,0.0,0.0,1.1101281146173794,9.10396999999648,0.9163279137930407,197.78589899999497,52.0,21.0,6.0,16.0,2.6666666666666665,0.0,0.0,0.2629105525869735,53.97965000000113,3.8781548823528427,335.1524600000048,113.0,38.0,7.0,17.0,2.4285714285714284,0.0,10.0,0.3371599898147798,23.985719999996945,2.9924326785714714,20.886930000000575,16.0,8.0,5.0,7.0,1.4,0.0,1.0,0.7660292824268363,6.82369099999778,1.3924620000000383,47.55718099999649,26.0,12.0,5.0,7.0,1.4,0.0,0.0,0.5467102854561947,5.540179999996326,1.9022872399998596,26.02230899999995,18.0,5.0,3.0,3.0,1.0,0.0,0.0,0.6917141749412027,5.5796899999986636,1.5307240588235265,127.37234999999782,91.0,36.0,8.0,29.0,3.625,0.0,0.0,0.7144407714861315,7.661009999996168,1.4152483333333092,94.78714999999647,27.0,10.0,2.0,4.0,2.0,0.0,0.0,0.28484873740798206,17.05938999999489,3.6456596153844796,154.6040290000019,42.0,19.0,5.0,10.0,2.0,0.0,1.0,0.2716617430455159,25.731990000000224,3.7708299756098023,370.9473999999973,170.0,38.0,5.0,9.0,1.8,3.0,10.0,0.45828599957838023,14.779231000000436,2.194955029585783,90.52985899999476,35.0,15.0,6.0,10.0,1.6666666666666667,0.0,0.0,0.3866127749078017,18.841599999999744,2.662642911764552,184.43709099999978,56.0,23.0,4.0,13.0,3.25,0.0,0.0,0.3036265628370818,22.24641999999585,3.3534016545454506,,,,,,,,,,,,,,,,,,,,,,,,,,,,,,,,,,,,,,,,,,,,,,,,,,,,,,,,,,,,,,,,,,,,,,,,,,,,,,,,,,,,,,,,,1918.8444200000013,600.0,232.0,21.0,171.0,8.142857142857142,4.0,13.0,0.31268819595076897,69.93636100000003,3.2034130550918216,1519.1820210000005,688.0,252.0,13.0,155.0,11.923076923076923,3.0,12.0,0.45287529110377733,25.731990000000224,2.211327541484717,,,,,,,,,,,,7,at risk,9.0,,
132,23,153.27015299999766,229.0,87.0,17.0,75.0,4.411764705882353,0.0,6.0,1.4940938957632768,8.992410999999265,0.6722375131578845,141.68802400000277,69.0,25.0,6.0,14.0,2.3333333333333335,0.0,0.0,0.4869854067553278,28.30277099999512,2.0836474117647468,292.86036500000046,121.0,54.0,4.0,33.0,8.25,0.0,0.0,0.41316618587154946,19.39888699999574,2.4405030416666706,583.1624179999999,322.0,145.0,5.0,104.0,20.8,0.0,0.0,0.552161782140083,37.27356100000179,1.8167053520249217,58.38878300000215,86.0,34.0,12.0,31.0,2.5833333333333335,0.0,4.0,1.4728856396955017,6.133477999996103,0.6869268588235548,216.94320999999763,51.0,24.0,9.0,16.0,1.7777777777777777,0.0,0.0,0.23508456429680633,50.96645300000091,4.338864199999953,311.4800050000049,236.0,91.0,9.0,61.0,6.777777777777778,0.0,6.0,0.7576730326558082,15.747639999994135,1.3254468297872548,30.799490999997943,39.0,18.0,8.0,16.0,2.0,0.0,1.0,1.2662546923260065,6.020271999994293,0.8105129210525774,69.97054800000478,79.0,35.0,12.0,32.0,2.6666666666666665,0.0,0.0,1.1290464668076432,11.365125999996962,0.897058307692369,37.447157000002335,46.0,20.0,11.0,19.0,1.7272727272727273,0.0,0.0,1.228397659133299,6.160313000000315,0.8321590444444963,114.4418810000061,105.0,45.0,12.0,31.0,2.5833333333333335,0.0,0.0,0.9174962791811714,7.7021959999983665,1.1004027019231357,204.65468499999406,78.0,34.0,6.0,19.0,3.1666666666666665,0.0,0.0,0.3811298040892749,26.007446000003256,2.6578530519479746,100.01389599999675,116.0,46.0,9.0,36.0,4.0,0.0,1.0,1.159838828796388,9.759494999998424,0.8696860521738847,385.59239199999865,228.0,94.0,8.0,47.0,5.875,0.0,0.0,0.5912979735347081,28.114760999997088,1.6986448986784082,251.9733139999953,98.0,42.0,11.0,27.0,2.4545454545454546,0.0,0.0,0.38893007534917695,14.61830000000191,2.5976630309277864,179.2757430000056,64.0,28.0,7.0,17.0,2.4285714285714284,0.0,0.0,0.35699196628066965,29.785878000002413,2.8456467142858033,281.3883200000055,323.0,140.0,23.0,117.0,5.086956521739131,0.0,1.0,1.147879912002011,15.782640000004903,0.8738767701863525,472.7998330000046,435.0,188.0,23.0,153.0,6.6521739130434785,0.0,1.0,0.9200510863970541,22.29374700000335,1.08940053686637,10.714796000000206,20.0,6.0,5.0,5.0,1.0,0.0,0.0,1.8665777677894768,2.256797000001825,0.5639366315789582,27.39182399999845,11.0,6.0,1.0,0.0,0.0,0.0,0.0,0.40157968304705166,7.685148999997182,2.7391823999998453,426.3364159999983,372.0,162.0,23.0,126.0,5.478260869565218,0.0,1.0,0.8725503758046357,22.29374700000335,1.149154760107812,,,,,,,,,,,,513.6256129999965,490.0,210.0,23.0,172.0,7.478260869565218,0.0,1.0,0.9540022685745684,22.29374700000335,1.0503591267893588,105.18020599999727,8.0,4.0,2.0,2.0,1.0,0.0,0.0,0.07605993850211899,73.44855899999675,15.025743714285325,2304.6582879999987,1526.0,648.0,21.0,503.0,23.952380952380953,0.0,17.0,0.6621372061731005,50.96645300000091,1.511251336393442,1730.812604000006,1101.0,470.0,23.0,338.0,14.695652173913043,0.0,1.0,0.6361173921749395,29.785878000002413,1.5734660036363692,623.500801999995,499.0,214.0,23.0,174.0,7.565217391304348,0.0,1.0,0.8003197404066915,73.44855899999675,1.2520096425702711,4,young-old,15.0,14.0,6.0
133,24,297.9594219999999,105.0,51.0,18.0,42.0,2.3333333333333335,0.0,0.0,0.35239697840466355,34.941092000000936,2.864994442307691,154.09056799999962,18.0,5.0,3.0,4.0,1.3333333333333333,5.0,0.0,0.11681441786884739,74.99909299999854,9.064151058823507,218.00267700000404,39.0,16.0,5.0,7.0,1.4,0.0,0.0,0.17889688574787216,25.01552499999525,5.7369125526316855,557.9481509999969,81.0,27.0,4.0,12.0,3.0,0.0,0.0,0.14517477986946578,72.00395500000013,6.974351887499961,57.043647000005876,44.0,21.0,8.0,18.0,2.25,0.0,0.0,0.7713391817321124,8.02307799999835,1.3265964418606018,179.04338700000517,36.0,13.0,6.0,8.0,1.3333333333333333,0.0,0.0,0.20106858233194036,36.95136900000216,5.115525342857291,313.0324250000049,66.0,27.0,6.0,11.0,1.8333333333333333,0.0,0.0,0.21084077791621417,58.913189999999304,4.815883461538537,82.07142700000259,25.0,13.0,7.0,10.0,1.4285714285714286,0.0,0.0,0.30461271253391525,34.92902999999933,3.4196427916667744,106.9569760000013,32.0,17.0,4.0,11.0,2.75,0.0,0.0,0.29918572118194153,34.002837,3.4502250322581065,31.028967999998713,15.0,5.0,4.0,3.0,0.75,0.0,0.0,0.48341923585730023,15.942153999996663,2.216354857142765,75.94254499999806,22.0,9.0,5.0,5.0,1.0,0.0,0.0,0.2896926880709695,17.95846800000436,3.6163116666665744,246.96016699999745,39.0,18.0,4.0,8.0,2.0,0.0,0.0,0.15792020419228336,94.04821300000185,6.4989517631578275,212.98359399999754,82.0,42.0,5.0,24.0,4.8,0.0,0.0,0.38500618033519024,18.99386300000333,2.6294270864197227,379.03180299999804,53.0,17.0,5.0,8.0,1.6,3.0,0.0,0.13982995511329235,50.03553299999476,7.289073134615347,109.97685199999978,22.0,10.0,6.0,7.0,1.1666666666666667,0.0,0.0,0.20004209613128446,48.96500100000412,5.236992952380942,261.0935180000015,36.0,14.0,5.0,6.0,1.2,0.0,0.0,0.13788163059643554,78.98008900000423,7.459814800000043,675.9478830000007,127.0,53.0,9.0,38.0,4.222222222222222,0.0,0.0,0.1878843076426942,76.9660440000007,5.364665738095244,475.0033820000026,86.0,34.0,7.0,25.0,3.5714285714285716,0.0,0.0,0.18105134249338783,76.9660440000007,5.588275082352972,14.017267000002903,16.0,9.0,5.0,7.0,1.4,0.0,0.0,1.1414493281747924,2.010573999999906,0.9344844666668602,330.0319789999994,26.0,7.0,4.0,4.0,1.0,0.0,0.0,0.0787802445047304,76.9660440000007,13.201279159999977,34.94296999999642,3.0,2.0,1.0,0.0,0.0,0.0,0.0,0.08585417896647901,30.961395999998786,17.47148499999821,294.9301790000027,86.0,38.0,9.0,27.0,3.0,0.0,0.0,0.29159443869594376,64.96594500000356,3.4697668117647376,551.0395970000027,113.0,46.0,9.0,33.0,3.6666666666666665,0.0,0.0,0.20506693278523042,76.9660440000007,4.919996401785738,4.032540000000154,6.0,5.0,5.0,4.0,0.8,0.0,0.0,1.4878959663139786,1.0138660000011441,0.8065080000000308,2256.000282000001,518.0,209.0,22.0,145.0,6.590909090909091,5.0,0.0,0.22960990037677656,74.99909299999854,4.363636909090911,1552.0535230000023,331.0,145.0,13.0,85.0,6.538461538461538,3.0,0.0,0.21326584109045543,94.04821300000185,4.703192493939401,790.9491639999978,153.0,68.0,14.0,46.0,3.2857142857142856,0.0,0.0,0.19343847489040447,76.9660440000007,5.203612921052617,7,at risk,13.0,,
134,22,150.29795400000148,98.0,40.0,16.0,35.0,2.1875,0.0,0.0,0.6520381508320402,14.128140000000712,1.5494634432989844,171.53148599999986,30.0,4.0,2.0,3.0,1.5,4.0,2.0,0.17489500440752914,24.78356000000349,5.914878827586202,205.44163500000286,55.0,22.0,2.0,7.0,3.5,0.0,0.0,0.2677159379110239,26.971895000002405,3.8044747222222752,537.4008840000024,116.0,27.0,4.0,14.0,3.5,0.0,0.0,0.21585375732280984,42.039065000004484,4.673051165217412,58.70196700000088,47.0,22.0,11.0,21.0,1.9090909090909092,0.0,0.0,0.8006546015740715,7.5275800000017625,1.2761297173913235,164.39417200000025,46.0,17.0,4.0,12.0,3.0,0.0,0.0,0.27981527228349634,18.89414499999839,3.653203822222228,507.22024500000407,117.0,39.0,6.0,25.0,4.166666666666667,1.0,7.0,0.23066902623336547,25.898026000002574,4.372588318965552,95.61829800000123,41.0,17.0,8.0,13.0,1.625,0.0,1.0,0.42878822210367595,29.52285700000357,2.3904574500000306,40.74721499999578,23.0,10.0,6.0,6.0,1.0,0.0,0.0,0.5644557548289468,6.975085999998555,1.8521461363634444,35.90190299999813,26.0,6.0,4.0,4.0,1.0,0.0,0.0,0.724195594868644,3.834788000000117,1.4360761199999252,192.58591600000364,81.0,23.0,6.0,16.0,2.6666666666666665,0.0,0.0,0.42059150369022036,15.107805999999982,2.4073239500000456,212.04278299999714,46.0,11.0,3.0,3.0,1.0,0.0,0.0,0.21693735268509762,26.041197999998985,4.712061844444381,279.83820600000035,80.0,35.0,8.0,30.0,3.75,0.0,0.0,0.28587947708612704,28.02271999999357,3.5422557721519032,550.1151089999985,184.0,48.0,6.0,30.0,5.0,3.0,4.0,0.3344754524820741,24.782687999999325,3.0060934918032705,14.538095000003523,20.0,8.0,6.0,6.0,1.0,0.0,0.0,1.3756960592151277,2.989912999997614,0.7651628947370275,199.6096949999992,71.0,28.0,6.0,19.0,3.1666666666666665,0.0,2.0,0.35569414601830984,15.868814000001294,2.8515670714285597,1045.0294830000057,226.0,72.0,6.0,43.0,7.166666666666667,0.0,7.0,0.21626184110252397,49.80870700000378,4.644575480000025,,,,,,,,,,,,731.7098320000005,190.0,63.0,12.0,41.0,3.4166666666666665,0.0,6.0,0.2596657741780896,27.157717000001867,3.871480592592595,316.2055330000003,54.0,20.0,5.0,12.0,2.4,0.0,0.0,0.17077500032233767,49.80870700000378,5.966142132075477,,,,,,,,,,,,210.48010200000135,54.0,17.0,6.0,10.0,1.6666666666666667,0.0,4.0,0.2565563180884417,20.196994999998424,3.9713226792453087,1137.7091500000024,277.0,94.0,11.0,64.0,5.818181818181818,0.0,8.0,0.24347171682674734,49.80870700000378,4.122134601449284,9.494681999996828,11.0,6.0,6.0,5.0,0.8333333333333334,0.0,0.0,1.1585432771738615,2.353979999999865,0.9494681999996828,2505.246122999997,780.0,277.0,20.0,206.0,10.3,5.0,10.0,0.31134665486118424,42.039065000004484,3.2159770513478785,2361.059002000002,857.0,300.0,29.0,229.0,7.896551724137931,3.0,11.0,0.36297271659626207,30.00723299999663,2.7582464976635537,1167.5223039999983,306.0,108.0,17.0,78.0,4.588235294117647,0.0,8.0,0.26209349401859516,49.80870700000378,3.827941980327863,5,old-old,16.0,15.0,3.0
135,11,291.3161800000016,150.0,63.0,17.0,54.0,3.176470588235294,0.0,4.0,0.5149044587911291,11.951919999999518,1.9551421476510176,750.1997799999954,138.0,40.0,3.0,25.0,8.333333333333334,2.0,2.0,0.18395100035886555,42.94789999999921,5.475910802919675,192.40808000000106,55.0,18.0,2.0,8.0,4.0,0.0,0.0,0.28585078131853764,10.924729999998817,3.563112592592612,,,,,,,,,,,,176.92541999999958,92.0,40.0,10.0,34.0,3.4,0.0,2.0,0.519993113482507,13.808570000001055,1.94423538461538,,,,,,,,,,,,941.4668900000033,310.0,113.0,18.0,81.0,4.5,0.0,11.0,0.3292733959024293,37.599349999996775,3.046818414239493,72.3688500000062,29.0,11.0,4.0,7.0,1.75,0.0,1.0,0.40072489752148216,7.612309999996796,2.5846017857145074,168.4334699999963,57.0,20.0,6.0,15.0,2.5,0.0,0.0,0.338412549477258,16.841169999999693,3.0077405357142197,37.5199000000066,27.0,7.0,4.0,6.0,1.5,0.0,0.0,0.719618122649454,4.673490000001038,1.4430730769233309,288.6565899999987,123.0,40.0,7.0,29.0,4.142857142857143,0.0,0.0,0.42611187224237823,27.834029999998165,2.366037622950809,,,,,,,,,,,,230.26220000000467,64.0,22.0,5.0,15.0,3.0,0.0,0.0,0.27794401338994723,16.639530000000377,3.6549555555556297,,,,,,,,,,,,12.513830000003509,18.0,8.0,5.0,7.0,1.4,0.0,0.0,1.4384085447856454,3.787739999999758,0.73610764705903,,,,,,,,,,,,,,,,,,,,,,,,,,,,,,,,,,,,,,,,,,,,,,,,,,,,,,,,,,,,,,,,,,,,,,,,,,,,,,,,,,,,,,,,,,,,,,,,,,,,3152.585030000002,1018.0,381.0,27.0,293.0,10.851851851851851,2.0,25.0,0.32290960919775713,42.94789999999921,3.0998869518190775,1208.7357499999998,424.0,151.0,14.0,117.0,8.357142857142858,0.0,0.0,0.3507797299782025,42.97976000000199,2.857531323877068,,,,,,,,,,,,1,dementia,,,
136,16,393.9236349999992,149.0,73.0,21.0,63.0,3.0,0.0,0.0,0.3782459003760978,17.079767000002903,2.661646182432427,163.02838699999847,19.0,5.0,1.0,0.0,0.0,6.0,2.0,0.11654412062606113,52.01498900000297,9.057132611111026,439.03954299999896,83.0,35.0,4.0,13.0,3.25,0.0,0.0,0.18904903060178385,40.02061700000195,5.3541407682926705,889.0679240000027,179.0,64.0,8.0,27.0,3.375,0.0,0.0,0.20133444832275768,88.08254899999883,4.994763617977543,93.00332999999955,56.0,29.0,15.0,25.0,1.6666666666666667,0.0,0.0,0.6021289775323128,12.025869999997667,1.6909696363636282,189.99716199999966,43.0,17.0,4.0,14.0,3.5,0.0,0.0,0.22631916996739182,41.075924000004306,4.523741952380944,272.94440400000167,70.0,26.0,8.0,19.0,2.375,0.0,8.0,0.25646248457249765,28.00435600000492,3.955716000000024,105.06990000000224,44.0,20.0,6.0,16.0,2.6666666666666665,0.0,0.0,0.4187688386493093,25.020242999999027,2.4425656279069465,59.96807400000398,21.0,10.0,4.0,6.0,1.5,0.0,0.0,0.35018633414837713,26.934485999998287,2.998403700000199,50.97943300000043,18.0,8.0,5.0,5.0,1.0,0.0,0.0,0.35308356607261304,15.028680000003078,2.9987901764706133,249.0220530000006,66.0,31.0,6.0,21.0,3.5,0.0,0.0,0.26503676764724066,21.92528900000616,3.831108507692317,607.9816590000046,93.0,40.0,2.0,1.0,0.5,0.0,0.0,0.15296514068033637,42.04018299999734,6.608496293478311,417.04210299999977,121.0,58.0,11.0,46.0,4.181818181818182,0.0,0.0,0.2901385714525808,23.057826999996905,3.4753508583333312,649.9540569999954,132.0,50.0,12.0,23.0,1.9166666666666667,4.0,2.0,0.20309127788089326,59.989004999995814,4.961481351145003,118.03781499999604,26.0,10.0,6.0,5.0,0.8333333333333334,0.0,0.0,0.22026839449714375,25.993578000001435,4.7215125999998415,141.99761299999955,34.0,16.0,7.0,8.0,1.1428571428571428,0.0,0.0,0.2394406446818237,32.04238000000623,4.302957969696956,,,,,,,,,,,,,,,,,,,,,,,,,,,,,,,,,,,,,,,,,,,,,,,,,,,,,,,,,,,,,,,,,,,,,,,,,,,,,,,,,,,,,,,,,3052.9775720000034,757.0,319.0,22.0,221.0,10.045454545454545,6.0,12.0,0.24795465480740164,88.08254899999883,4.038330121693126,3258.904982,806.0,355.0,32.0,223.0,6.96875,4.0,6.0,0.24732233816321803,59.989004999995814,4.048329170186335,,,,,,,,,,,,1,dementia,27.0,,
137,15,215.9852400000018,71.0,32.0,5.0,20.0,4.0,0.0,0.0,0.32872616665842264,11.985607999995409,3.0855034285714544,213.04107300000032,45.0,15.0,1.0,0.0,0.0,4.0,2.0,0.2112268745473317,22.01683800000319,4.841842568181826,207.96539300000586,51.0,25.0,5.0,12.0,2.4,0.0,0.0,0.24523310952990415,19.99002499999915,4.159307860000117,585.9381779999967,129.0,42.0,7.0,23.0,3.2857142857142856,0.0,2.0,0.2201597452487568,71.96057499999733,4.577642015624974,100.99669899999571,65.0,30.0,13.0,28.0,2.1538461538461537,0.0,0.0,0.6435853908453261,12.969331000000238,1.578073421874933,133.94902300000103,52.0,22.0,5.0,17.0,3.4,0.0,0.0,0.3882073854319908,33.00278200000321,2.626451431372569,133.04360099999758,29.0,9.0,3.0,4.0,1.3333333333333333,0.0,2.0,0.21797365511777247,27.0705220000018,4.751557178571342,178.98601000000053,90.0,39.0,10.0,35.0,3.5,0.0,2.0,0.5028325956872257,17.99975699999777,2.01107876404495,414.0389869999999,121.0,53.0,8.0,37.0,4.625,0.0,0.0,0.29224301043901457,16.98498600000312,3.450324891666666,37.95682300000044,20.0,8.0,5.0,5.0,1.0,0.0,0.0,0.5269144891288654,9.057206999998016,1.9977275263158127,95.9894889999996,34.0,15.0,5.0,10.0,2.0,0.0,0.0,0.35420544847363594,13.917866000003414,2.9087723939393815,1165.0421599999972,261.0,106.0,9.0,20.0,2.2222222222222223,0.0,2.0,0.22402622751437648,32.9308680000031,4.480931384615374,291.0606239999979,95.0,42.0,10.0,33.0,3.3,0.0,1.0,0.32639248378716,20.956143000003067,3.0963896170212544,562.012821999997,138.0,44.0,5.0,13.0,2.6,1.0,2.0,0.24554599930462218,26.00098699999944,4.102283372262751,240.92434700000013,57.0,19.0,6.0,6.0,1.0,0.0,0.0,0.23658879108635697,18.029131999996025,4.302220482142859,,,,,,,,,,,,,,,,,,,,,,,,,,,,,,,,,,,,,,,,,,,,,,,,,,,,,,,,,,,,,,,,,,,,,,,,,,,,,,,,,,,,,,,,,,,,,,,,,,,,2222.9617979999966,685.0,275.0,19.0,190.0,10.0,4.0,10.0,0.3081474457259211,71.96057499999733,3.2499441491228023,3037.969659999995,815.0,325.0,25.0,157.0,6.28,1.0,5.0,0.2682712769422461,32.9308680000031,3.7321494594594538,,,,,,,,,,,,1,dementia,31.0,,
138,22,96.35558299999684,38.0,16.0,7.0,13.0,1.8571428571428572,0.0,0.0,0.39437258139988884,27.739722999998776,2.590798918918842,132.53836700000102,37.0,13.0,1.0,0.0,0.0,4.0,1.0,0.27916444752936875,32.6653690000021,3.6816213055555838,245.27651299999707,41.0,16.0,2.0,8.0,4.0,0.0,0.0,0.1671582798472045,64.02993900000001,6.12538569999997,325.9880059999996,38.0,9.0,4.0,4.0,1.0,0.0,0.0,0.11656870590508796,65.58301999999821,8.810486648648638,62.79780999999639,61.0,24.0,9.0,21.0,2.3333333333333335,0.0,0.0,0.9713714538771895,6.491050000004179,1.0466301666666065,157.96037400000205,25.0,9.0,5.0,7.0,1.4,0.0,0.0,0.1582675411999194,62.77513999999792,6.581682250000085,332.0189290000053,84.0,24.0,5.0,5.0,1.0,0.0,13.0,0.25299762351802135,29.99659100000281,4.000228060241028,66.46816400000534,32.0,13.0,5.0,11.0,2.2,0.0,2.0,0.4814334874662316,13.943335000003572,2.1441343225808174,264.08372999999847,64.0,27.0,5.0,21.0,4.2,0.0,0.0,0.24234737974959825,60.13238999999885,4.191805238095214,51.27125000000524,23.0,9.0,4.0,6.0,1.5,0.0,0.0,0.4485944852134022,12.080589999997756,2.3305113636366017,69.12437800000043,36.0,11.0,5.0,5.0,1.0,0.0,0.0,0.520800346297507,13.831287000000884,1.9717324857142688,514.9501660000024,106.0,45.0,4.0,13.0,3.25,0.0,0.0,0.20584516133547476,33.01398599999811,4.90320404761906,292.24793599999975,120.0,59.0,6.0,38.0,6.333333333333333,0.0,1.0,0.41061025662812584,15.79547700000694,2.455865008403359,540.2255399999995,180.0,36.0,6.0,13.0,2.1666666666666665,3.0,5.0,0.33319416923531636,31.85859700000583,3.0180197765363097,175.0289879999982,24.0,8.0,5.0,5.0,1.0,0.0,0.0,0.13712014377869935,52.73070000000007,7.609955999999922,393.97118000000046,94.0,40.0,5.0,27.0,5.4,0.0,0.0,0.2385961328440316,21.07040699999925,4.229847258064515,790.0498729999963,137.0,48.0,9.0,37.0,4.111111111111111,0.0,4.0,0.17340677428347698,81.96343299999717,5.809190242647031,704.047246999995,119.0,40.0,9.0,32.0,3.5555555555555554,0.0,3.0,0.16902274741797385,81.96343299999717,5.966502093220297,464.98627500000293,118.0,53.0,23.0,45.0,1.9565217391304348,0.0,3.0,0.25377093119576327,115.75774000000092,3.9742416666666918,684.2184019999986,114.0,37.0,9.0,29.0,3.2222222222222223,0.0,3.0,0.16661346679185082,81.96343299999717,6.055030106194678,,,,,,,,,,,,161.953168,24.0,10.0,4.0,8.0,2.0,0.0,2.0,0.1481909881503522,57.12799200000154,7.041442086956522,822.9891139999963,150.0,54.0,14.0,42.0,3.0,0.0,5.0,0.18226243512620832,81.96343299999717,5.523416872483197,,,,,,,,,,,,2166.4334030000027,514.0,177.0,15.0,119.0,7.933333333333334,4.0,17.0,0.23725631228185018,65.58301999999821,4.222100155945425,2661.3045249999996,749.0,272.0,12.0,154.0,12.833333333333334,3.0,8.0,0.2814409222860357,60.13238999999885,3.5578937499999994,1213.0058619999982,242.0,95.0,25.0,79.0,3.16,0.0,7.0,0.19950439448082433,115.75774000000092,5.033219344398333,2,MCI,26.0,24.0,2.0
139,23,281.0466509999969,112.0,49.0,19.0,42.0,2.210526315789474,0.0,0.0,0.39851035264604956,27.997408000002906,2.5319518108107832,150.992342000005,22.0,4.0,1.0,0.0,0.0,4.0,2.0,0.1457027535873261,38.00170600000274,7.190111523809763,324.0493709999937,54.0,17.0,1.0,0.0,0.0,0.0,0.0,0.16664127393106729,66.09366900000168,6.114139075471579,428.0169139999998,62.0,14.0,7.0,9.0,1.2857142857142858,0.0,0.0,0.14485408864005786,44.00327300000208,7.016670721311472,51.989542000002984,52.0,25.0,11.0,22.0,2.0,0.0,0.0,1.000201155840092,4.040216000001237,1.019402784313784,126.98280299999897,24.0,11.0,6.0,7.0,1.1666666666666667,0.0,0.0,0.18900197060542281,57.03784199999791,5.520991434782564,417.97612500000105,99.0,33.0,7.0,16.0,2.2857142857142856,0.0,4.0,0.2368556337996572,33.97968399999809,4.265062500000011,66.01467199999752,34.0,13.0,7.0,9.0,1.2857142857142858,0.0,1.0,0.5150370208610788,25.00396300000284,2.000444606060531,113.9557730000015,57.0,28.0,7.0,16.0,2.2857142857142856,0.0,0.0,0.5001940533543593,11.039857000003394,2.0349245178571698,38.06184899999789,16.0,8.0,5.0,6.0,1.2,0.0,0.0,0.4203684376973091,22.0263449999984,2.5374565999998593,154.96088900000177,69.0,28.0,6.0,15.0,2.5,0.0,0.0,0.44527364579070794,10.94612899999629,2.2788366029412024,151.01974899999914,43.0,19.0,1.0,0.0,0.0,0.0,0.0,0.284730972503472,13.955522999996901,3.595708309523789,140.00846699999965,73.0,33.0,7.0,25.0,3.5714285714285716,0.0,1.0,0.5213970380805625,11.956863999999769,1.9445620416666618,410.0107459999999,89.0,28.0,6.0,9.0,1.5,2.0,14.0,0.21706748144596194,64.94235900000058,4.659213022727272,57.09297499999957,26.0,9.0,4.0,3.0,0.75,0.0,0.0,0.4553975335844768,9.021886000002269,2.2837189999999827,217.99247399999877,39.0,17.0,8.0,10.0,1.25,0.0,0.0,0.17890525890357215,72.92687700000533,5.736644052631546,151.93442000000505,46.0,19.0,9.0,10.0,1.1111111111111112,0.0,0.0,0.30276220490392153,24.96521699999721,3.3763204444445565,158.00589499999478,46.0,15.0,4.0,4.0,1.0,0.0,4.0,0.2911283784696863,16.00000999999611,3.5112421111109953,19.061815999993996,12.0,4.0,1.0,0.0,0.0,0.0,1.0,0.6295307855245156,5.017988999999943,1.7328923636358178,32.088235000002896,5.0,1.0,1.0,0.0,0.0,0.0,2.0,0.1558203497325281,15.012966000002052,8.022058750000724,151.99917699999787,44.0,15.0,4.0,4.0,1.0,0.0,3.0,0.2894752515666622,16.00000999999611,3.5348645813952992,122.94282199999725,49.0,21.0,6.0,13.0,2.1666666666666665,0.0,4.0,0.3985592587097203,14.973301999998512,2.5613087916666095,46.00021199999901,14.0,7.0,4.0,5.0,1.25,0.0,0.0,0.3043464234469246,23.004179000003205,3.53847784615377,,,,,,,,,,,,2309.043590999994,555.0,205.0,22.0,142.0,6.454545454545454,4.0,7.0,0.240359256171358,66.09366900000168,4.167948720216596,1762.9946740000014,496.0,202.0,16.0,112.0,7.0,2.0,15.0,0.281339477262652,72.92687700000533,3.561605402020205,515.9964130000008,166.0,65.0,13.0,33.0,2.5384615384615383,0.0,10.0,0.3217076627236162,24.96521699999721,3.1272509878787926,7,at risk,11.0,,
140,16,545.0907949999964,272.0,115.0,21.0,107.0,5.095238095238095,0.0,1.0,0.49899943733227375,29.204466000002867,2.011405147601463,265.34763699999894,60.0,23.0,2.0,8.0,4.0,4.0,2.0,0.2261184636062926,17.41497199999867,4.497417576271168,473.55117900000187,85.0,36.0,4.0,25.0,6.25,0.0,0.0,0.17949485455720862,38.99594600000273,5.637514035714308,557.6631449999986,132.0,48.0,7.0,36.0,5.142857142857143,0.0,0.0,0.23670203272981277,78.30904600000213,4.256970572519074,100.51386199999979,84.0,37.0,13.0,32.0,2.4615384615384617,0.0,0.0,0.835705626354305,9.80406000000221,1.2110103855421661,165.75885100000596,41.0,18.0,8.0,15.0,1.875,0.0,0.0,0.24734727438475382,51.74452699999529,4.143971275000149,802.6208899999983,233.0,79.0,9.0,62.0,6.888888888888889,1.0,10.0,0.29029894798776107,61.60889099999622,3.4595728017241307,239.4162209999995,99.0,43.0,9.0,36.0,4.0,0.0,0.0,0.413505816717407,38.09221099999559,2.443022663265301,53.981949000000895,32.0,13.0,4.0,10.0,2.5,0.0,0.0,0.5927907493669684,7.291251999995438,1.741353193548416,39.45277300000453,31.0,7.0,5.0,5.0,1.0,0.0,0.0,0.7857495846995709,4.964670000001206,1.3150924333334841,458.92001000000164,225.0,61.0,7.0,41.0,5.857142857142857,0.0,0.0,0.49028151986660856,14.10157099999924,2.0487500446428646,317.9250620000021,75.0,30.0,3.0,9.0,3.0,0.0,0.0,0.2359046484985808,37.07504799999879,4.296284621621649,252.32071200000064,64.0,29.0,7.0,22.0,3.142857142857143,0.0,2.0,0.25364544786160814,25.748445999997784,4.005090666666677,715.8588499999969,237.0,77.0,8.0,50.0,6.25,4.0,4.0,0.3310708528643615,45.468386000000464,3.0333002118643937,85.86754400000063,47.0,21.0,7.0,12.0,1.7142857142857142,0.0,0.0,0.5473546559104993,11.289392999999109,1.8666857391304486,409.9527520000047,123.0,48.0,5.0,21.0,4.2,0.0,0.0,0.3000345756917826,15.407250000003842,3.360268459016432,,,,,,,,,,,,,,,,,,,,,,,,,,,,,,,,,,,,,,,,,,,,,,,,,,,,,,,,,,,,,,,,,,,,,,,,,,,,,,,,,,,,,,,,,3878.4174319999947,1265.0,507.0,28.0,419.0,14.964285714285714,5.0,13.0,0.3261639630543002,78.30904600000213,3.068368221518983,2686.4918640000033,972.0,335.0,17.0,210.0,12.352941176470589,4.0,7.0,0.36181014095935443,45.468386000000464,2.766726945417099,,,,,,,,,,,,5,old-old,11.0,,
141,22,191.0528489999997,76.0,27.0,7.0,21.0,3.0,0.0,0.0,0.3977956905526184,10.977717000001576,2.547371319999996,230.96451300000626,51.0,6.0,1.0,0.0,0.0,8.0,2.0,0.22081314283982068,19.984394999999495,4.619290260000125,464.0317470000009,119.0,33.0,3.0,8.0,2.6666666666666665,0.0,0.0,0.2564479710048799,17.998451999999816,3.9324724322033977,756.0049329999965,153.0,39.0,5.0,9.0,1.8,0.0,0.0,0.20237963182708585,40.0024459999986,4.9737166644736615,61.060040999997,54.0,23.0,9.0,21.0,2.3333333333333335,0.0,0.0,0.8843754297512288,6.0180360000013025,1.1520762452829623,,,,,,,,,,,,317.05491600000096,67.0,23.0,6.0,10.0,1.6666666666666667,0.0,6.0,0.21131985854463078,23.995132999996713,4.803862363636378,56.04598799999803,32.0,13.0,6.0,8.0,1.3333333333333333,0.0,2.0,0.5709596911736327,24.968518000001495,1.8053038709676326,131.04864500000258,45.0,21.0,5.0,16.0,3.2,0.0,0.0,0.3433839396050155,29.955689000002167,2.978378295454604,42.99505099999806,10.0,5.0,3.0,3.0,1.0,0.0,0.0,0.2325849084351697,19.03682700000354,4.777227888888673,356.9742400000032,60.0,29.0,4.0,10.0,2.5,0.0,0.0,0.16807935496970164,43.95700399999623,6.050410847457681,407.96304700000474,49.0,19.0,3.0,4.0,1.3333333333333333,0.0,0.0,0.12010891760988203,41.98283799999626,8.499230145833431,281.059663,40.0,17.0,4.0,10.0,2.5,0.0,2.0,0.1423185368296695,118.06194200000027,7.206658025641025,738.0267599999934,186.0,64.0,7.0,29.0,4.142857142857143,4.0,6.0,0.25202338191639784,39.01036100000056,3.989333837837802,243.0580289999998,41.0,17.0,6.0,7.0,1.1666666666666667,0.0,0.0,0.16868399768024134,50.90440899999521,6.0764507249999955,501.05077999999776,83.0,34.0,5.0,11.0,2.2,0.0,0.0,0.16565187265051334,51.99735699999292,6.110375365853631,134.71985999999742,28.0,12.0,3.0,3.0,1.0,0.0,0.0,0.2078386957943731,23.439409999999043,4.989624444444349,241.16278999999486,103.0,46.0,9.0,37.0,4.111111111111111,0.0,4.0,0.4270973975711684,22.63930999999866,2.364341078431322,309.0940199999968,128.0,57.0,9.0,45.0,5.0,0.0,4.0,0.4141134791284585,22.63930999999866,2.433811181102337,,,,,,,,,,,,30.137190000001283,33.0,16.0,14.0,14.0,1.0,0.0,0.0,1.094992598845433,4.010130000002391,0.9417871875000401,82.18963000000076,52.0,27.0,9.0,23.0,2.5555555555555554,0.0,0.0,0.6326832229321329,12.263019999998505,1.6115613725490345,89.32151999999769,30.0,12.0,6.0,5.0,0.8333333333333334,0.0,2.0,0.33586530994995134,22.63930999999866,3.0800524137930236,8.968829999997979,15.0,8.0,6.0,6.0,1.0,0.0,0.0,1.6724589494954616,1.2730699999956414,0.64063071428557,2614.030205999996,702.0,215.0,16.0,121.0,7.5625,8.0,10.0,0.26855083709005967,72.99710400000185,3.728942980028526,3213.023663,663.0,274.0,15.0,142.0,9.466666666666667,4.0,8.0,0.20634768664634015,118.06194200000027,4.8535100649546825,553.8118299999987,219.0,100.0,16.0,76.0,4.75,0.0,4.0,0.3954411735841766,23.439409999999043,2.540421238532104,4,young-old,18.0,15.0,2.0
142,24,344.2048680000007,177.0,71.0,21.0,68.0,3.238095238095238,0.0,0.0,0.5142286366501929,20.161571000004187,1.9557094772727313,161.9591600000058,63.0,19.0,2.0,7.0,3.5,10.0,2.0,0.3889869520192482,20.671316999992996,2.6122445161291257,247.39408700000058,82.0,31.0,9.0,22.0,2.4444444444444446,0.0,0.0,0.3314549712742318,20.513364999998885,3.0542479876543283,513.6508210000029,140.0,44.0,7.0,22.0,3.142857142857143,0.0,0.0,0.27255869994997867,28.01720999999816,3.695329647482035,80.79230999999709,85.0,38.0,14.0,35.0,2.5,0.0,0.0,1.0520803279421402,7.631218000002264,0.9618132142856796,123.65820900000108,27.0,13.0,5.0,8.0,1.6,0.0,0.0,0.2183437736834743,30.355155999997805,4.7560849615385035,482.14337800000067,144.0,47.0,8.0,27.0,3.375,1.0,10.0,0.298666344018521,40.81245399999898,3.3716320139860185,63.10747200000333,42.0,18.0,6.0,12.0,2.0,0.0,0.0,0.6655313335954542,8.843604000001505,1.5392066341464226,33.42155799999455,30.0,14.0,6.0,12.0,2.0,0.0,0.0,0.8976242220666342,7.70819499999925,1.1524675172411913,32.567222999998194,28.0,9.0,6.0,6.0,1.0,0.0,0.0,0.8597601336780097,5.399745999995503,1.2061934444443776,251.93404200000077,111.0,40.0,7.0,26.0,3.7142857142857144,0.0,0.0,0.44059151005881,13.685930999999982,2.2903094727272797,173.06126099999528,27.0,7.0,2.0,5.0,2.5,0.0,0.0,0.156014118029573,41.88973600000463,6.656202346153664,192.66158200000064,41.0,20.0,8.0,14.0,1.75,0.0,0.0,0.21280838439289815,35.62852500000008,4.816539550000016,361.3939919999975,122.0,24.0,7.0,10.0,1.4285714285714286,5.0,4.0,0.3375817050107486,29.511647999999695,2.98672720661155,55.91328700000304,27.0,11.0,8.0,9.0,1.125,0.0,0.0,0.482890587348201,22.01578000000154,2.1505110384616555,186.68375299999752,58.0,23.0,5.0,5.0,1.0,0.0,0.0,0.3106858474181241,21.705001000002085,3.2751535614034655,553.4799459999995,183.0,69.0,12.0,51.0,4.25,0.0,8.0,0.33063528556461946,68.86107099999936,3.0410986043956014,211.80874899999617,112.0,45.0,11.0,33.0,3.0,0.0,8.0,0.5287789127162166,16.62075499999628,1.9081869279278934,208.43377899999905,118.0,51.0,11.0,39.0,3.5454545454545454,0.0,6.0,0.5661270479580017,16.62075499999628,1.7814852905982825,34.75129400000151,29.0,13.0,11.0,10.0,0.9090909090909091,0.0,0.0,0.8345012994335906,6.283851000000141,1.2411176428571966,10.94185799999832,5.0,1.0,1.0,0.0,0.0,0.0,2.0,0.4569607830773136,6.176358999997319,2.73546449999958,129.9833460000009,76.0,33.0,10.0,25.0,2.5,0.0,4.0,0.5846902879388832,16.62075499999628,1.733111280000012,86.56624299999385,49.0,20.0,11.0,16.0,1.4545454545454546,0.0,2.0,0.5660405061127983,16.62075499999628,1.8034633958332051,14.897234999996726,20.0,10.0,9.0,8.0,0.8888888888888888,0.0,0.0,1.3425310133057842,2.378442000001087,0.7840649999998277,2588.563298000001,921.0,337.0,22.0,252.0,11.454545454545455,11.0,12.0,0.35579581952335926,42.39134099999501,2.813655758695653,1763.5478779999976,576.0,192.0,19.0,129.0,6.7894736842105265,5.0,4.0,0.3266143251257967,46.78438399999868,3.067039787826083,572.5704100000003,205.0,80.0,15.0,61.0,4.066666666666666,0.0,8.0,0.3580345690585022,68.86107099999936,2.8067176960784326,7,at risk,14.0,,
143,15,239.45363999999972,101.0,49.0,18.0,41.0,2.2777777777777777,0.0,0.0,0.42179354634158045,18.62068599999475,2.394536399999997,278.0176569999967,29.0,7.0,1.0,0.0,0.0,4.0,2.0,0.10430992158170856,117.66849699999875,9.929202035714168,398.7742999999973,62.0,19.0,2.0,6.0,3.0,0.0,0.0,0.15547641861574435,60.99876000000222,6.537283606557333,397.12186199999996,115.0,45.0,5.0,23.0,4.6,0.0,0.0,0.28958365429904237,32.372862000003806,3.4835251052631575,59.037271000001056,51.0,23.0,14.0,20.0,1.4285714285714286,0.0,0.0,0.86386106837491,9.96860100000049,1.1807454200000211,,,,,,,,,,,,709.1238000000012,154.0,41.0,7.0,16.0,2.2857142857142856,0.0,18.0,0.2171694138597516,36.93953000000329,4.63479607843138,117.62148200000229,58.0,24.0,7.0,14.0,2.0,0.0,3.0,0.493107202985241,11.939499999993131,2.0635347719298647,106.31144800000038,37.0,17.0,5.0,13.0,2.6,0.0,0.0,0.34803401417314783,24.466592999997374,2.9378461111112606,48.32783599999675,26.0,10.0,6.0,7.0,1.1666666666666667,0.0,0.0,0.537992224605334,7.467365000004065,1.9203652399999556,141.39941000000545,63.0,20.0,5.0,8.0,1.6,0.0,0.0,0.44554641352462204,20.155899999997928,2.2806356451613783,349.07732200000464,50.0,17.0,5.0,10.0,2.0,0.0,0.0,0.14323474155676985,63.03754099999787,7.124026979591932,216.90423700000247,82.0,35.0,6.0,20.0,3.3333333333333335,0.0,1.0,0.3780470180487948,27.83061799999996,2.6778300864197835,513.6693000000014,136.0,35.0,7.0,19.0,2.7142857142857144,2.0,4.0,0.264761783505457,82.99975699999777,3.804957777777788,153.61188599999878,36.0,13.0,7.0,9.0,1.2857142857142858,0.0,0.0,0.23435686480667445,51.612167999999656,4.3889110285713935,428.61018600000534,110.0,44.0,6.0,19.0,3.1666666666666665,0.0,0.0,0.2566434573722395,33.92153700000199,3.9322035412844527,,,,,,,,,,,,,,,,,,,,,,,,,,,,,,,,,,,,,,,,,,,,,,,,,,,,,,,,,,,,,,,,,,,,,,,,,,,,,,,,,,,,,,,,,2425.64271,656.0,247.0,20.0,156.0,7.8,4.0,23.0,0.2704437868345417,117.66849699999875,3.7032713129770993,2189.588867999999,612.0,219.0,17.0,136.0,8.0,2.0,5.0,0.2795045266004706,82.99975699999777,3.5827166612111356,,,,,,,,,,,,4,young-old,14.0,,
144,24,269.0049049999943,113.0,53.0,19.0,47.0,2.473684210526316,0.0,0.0,0.42006668986203943,15.016414999998233,2.401829508928521,210.92911599999934,57.0,21.0,1.0,0.0,0.0,4.0,2.0,0.27023296300165683,27.99193599999853,3.7665913571428455,244.00725099999545,37.0,19.0,4.0,8.0,2.0,0.0,0.0,0.15163483809749856,44.94993799999793,6.777979194444318,455.0271370000046,49.0,15.0,4.0,8.0,2.0,0.0,0.0,0.10768588511678043,44.003038999995624,9.478539458333367,74.9942019999944,49.0,24.0,14.0,22.0,1.5714285714285714,0.0,0.0,0.6533838442604357,9.00390999999945,1.5623792083332166,134.97343499999988,31.0,13.0,4.0,10.0,2.5,0.0,0.0,0.22967482453121257,16.934728000000177,4.499114499999996,459.0286819999965,109.0,43.0,6.0,17.0,2.8333333333333335,0.0,4.0,0.23745792860935178,54.00205399999686,4.250253435185153,53.977349000000686,24.0,10.0,5.0,7.0,1.4,0.0,0.0,0.44463095066042785,10.974201000004541,2.346841260869595,127.94389799999772,58.0,29.0,5.0,18.0,3.6,0.0,0.0,0.453323690356855,8.950667999997677,2.244629789473644,54.075826000000234,17.0,8.0,4.0,5.0,1.25,0.0,0.0,0.3143733763770881,13.037135999999009,3.3795350000000326,118.91812200000277,31.0,16.0,4.0,11.0,2.75,0.0,0.0,0.260683565117176,12.037450000003446,3.963937400000092,309.9934559999965,50.0,25.0,3.0,3.0,1.0,0.0,0.0,0.16129372743920298,38.05587600000581,6.3263970612244185,218.95008899999812,34.0,12.0,6.0,7.0,1.1666666666666667,0.0,2.0,0.1552865319913174,89.99214400000346,6.634851181818124,456.0349320000023,71.0,26.0,4.0,6.0,1.5,0.0,2.0,0.1556898277257402,43.02803400000266,6.5147847428571755,112.96944500000245,46.0,22.0,9.0,18.0,2.0,0.0,0.0,0.4071897494052396,13.955369999996037,2.5104321111111654,248.08108399999765,44.0,17.0,10.0,11.0,1.1,0.0,1.0,0.1773613662539479,48.00511800000095,5.769327534883666,84.65034000000014,17.0,8.0,2.0,2.0,1.0,0.0,0.0,0.2008261278100002,21.967859999997017,5.290646250000009,252.30531999999948,39.0,14.0,4.0,7.0,1.75,0.0,3.0,0.15457462411018555,19.770510000002105,6.639613684210513,20.84792000000016,25.0,14.0,8.0,12.0,1.5,0.0,0.0,1.1991603958572274,1.9092899999959627,0.8686633333333399,72.70372999999381,38.0,18.0,10.0,14.0,1.4,0.0,2.0,0.5226691945516858,10.669139999998151,1.9649656756755085,171.4172000000035,21.0,7.0,2.0,2.0,1.0,0.0,3.0,0.12250812637238019,19.770510000002105,8.570860000000176,105.72647000000143,36.0,17.0,3.0,14.0,4.666666666666667,0.0,1.0,0.34050129546554914,14.886109999999462,3.0207562857143264,429.55319999999483,131.0,58.0,13.0,46.0,3.5384615384615383,0.0,6.0,0.3049680458671978,19.770510000002105,3.304255384615345,12.269540000001143,13.0,7.0,6.0,6.0,1.0,0.0,0.0,1.059534424273346,2.2492099999944912,1.0224616666667619,2351.019932999996,690.0,295.0,31.0,206.0,6.645161290322581,4.0,8.0,0.2934896426503421,54.00205399999686,3.412220512336714,2192.009579999998,477.0,200.0,22.0,115.0,5.2272727272727275,0.0,6.0,0.21760853800648097,96.93510500000411,4.605062142857139,587.9193400000004,178.0,80.0,17.0,62.0,3.6470588235294117,0.0,6.0,0.3027626204642288,21.967859999997017,3.3215781920903975,2,MCI,9.0,9.0,5.0
145,24,245.89138999999705,121.0,50.0,19.0,46.0,2.4210526315789473,0.0,0.0,0.4920871771882759,15.194649999997637,2.049094916666642,139.02602999999363,24.0,5.0,2.0,2.0,1.0,4.0,2.0,0.17262954282734752,63.49091000000044,6.0446099999997225,238.06029000000126,60.0,25.0,5.0,14.0,2.8,0.0,0.0,0.2520369944941245,26.012420000006387,4.034920169491547,372.58496000000014,69.0,21.0,7.0,15.0,2.142857142857143,0.0,0.0,0.18519266048742272,24.038430000000517,5.479190588235296,40.38775000000169,40.0,20.0,11.0,19.0,1.7272727272727273,0.0,0.0,0.9903993166244301,4.820800000001327,1.0355833333333766,165.52640000000247,42.0,18.0,9.0,16.0,1.7777777777777777,0.0,0.0,0.25373595994354603,37.24716000000626,4.0372292682927435,422.85544999999547,137.0,47.0,8.0,38.0,4.75,0.0,10.0,0.3239877835321774,44.1406100000022,3.109231249999967,82.80768000000535,35.0,15.0,8.0,11.0,1.375,0.0,1.0,0.42266611019651484,18.854230000004463,2.435520000000157,59.33628999999928,44.0,20.0,8.0,18.0,2.25,0.0,0.0,0.7415360818817714,8.290409999994154,1.379913720930216,42.49682999999641,26.0,10.0,6.0,6.0,1.0,0.0,0.0,0.6118103397359803,11.242669999999634,1.6998731999998562,102.91226000000461,57.0,19.0,6.0,11.0,1.8333333333333333,0.0,0.0,0.5538698693430447,7.178390000000945,1.8377189285715108,133.25329999999667,35.0,11.0,2.0,4.0,2.0,0.0,0.0,0.26265766026057796,19.30380999999761,3.919214705882255,123.60401999999885,35.0,14.0,8.0,12.0,1.5,0.0,1.0,0.2831623113876096,29.615300000004936,3.6354123529411426,407.79179000000295,123.0,28.0,7.0,22.0,3.142857142857143,2.0,8.0,0.3016245128426914,25.48847999999998,3.342555655737729,89.47851000000082,38.0,15.0,7.0,8.0,1.1428571428571428,0.0,0.0,0.4246829769516686,13.449150000000373,2.4183381081081303,215.32101999999577,56.0,19.0,5.0,14.0,2.8,0.0,0.0,0.2600767913880452,35.72370999999839,3.9149276363635592,44.670610000001034,8.0,4.0,2.0,2.0,1.0,0.0,0.0,0.17908866702289972,16.712800000001153,6.381515714285862,203.96284999999625,55.0,22.0,6.0,15.0,2.5,0.0,3.0,0.26965694978277177,19.72899999999936,3.7770898148147456,365.7421699999977,126.0,46.0,12.0,29.0,2.4166666666666665,0.0,11.0,0.3445049828407831,19.72899999999936,2.9259373599999816,383.674159999995,134.0,50.0,15.0,32.0,2.1333333333333333,0.0,11.0,0.3492546904904978,19.72899999999936,2.8847681203007145,27.657129999999597,20.0,7.0,2.0,2.0,1.0,0.0,2.0,0.7231408320386205,5.776740000001155,1.4556384210526103,55.70512000000599,13.0,3.0,2.0,1.0,0.5,0.0,2.0,0.2333717259741762,15.014530000000377,4.642093333333833,195.64620999999897,77.0,24.0,8.0,11.0,1.375,0.0,10.0,0.39356755236914837,18.100460000001476,2.574292236842092,3.9767900000006193,5.0,5.0,5.0,4.0,0.8,0.0,0.0,1.2572954568884003,2.48406999999861,0.9941975000001548,2279.864410000002,679.0,254.0,22.0,202.0,9.181818181818182,4.0,13.0,0.29782472897149154,63.49091000000044,3.362631873156345,1523.0901799999992,526.0,175.0,15.0,127.0,8.466666666666667,2.0,9.0,0.345350529408574,35.72370999999839,2.901124152380951,429.2208699999974,143.0,55.0,17.0,36.0,2.1176470588235294,0.0,11.0,0.3331618054825733,19.72899999999936,3.0226821830985733,3,middle-aged,12.0,11.0,4.0
146,24,224.97956800000247,94.0,44.0,19.0,40.0,2.1052631578947367,0.0,0.0,0.41781571915899035,21.045955000001413,2.4191351397849727,174.92672299999685,26.0,5.0,1.0,0.0,0.0,4.0,2.0,0.1486336653091047,56.948833000002196,6.997068919999874,371.94881099999475,57.0,24.0,2.0,4.0,2.0,0.0,0.0,0.15324689396574198,36.05019700000412,6.641943053571334,403.97594900000695,45.0,12.0,6.0,6.0,1.0,0.0,0.0,0.11139277006809935,54.0042969999995,9.181271568181977,40.030829000002996,37.0,18.0,7.0,16.0,2.2857142857142856,0.0,0.0,0.9242876284175187,4.922848000001977,1.1119674722223054,78.00615000000107,21.0,9.0,4.0,8.0,2.0,0.0,0.0,0.2692095430937139,31.016379000000597,3.9003075000000536,536.982597999995,95.0,34.0,7.0,23.0,3.2857142857142856,0.0,2.0,0.17691448541131471,92.98537399999623,5.712580829787181,64.98837799999455,31.0,15.0,7.0,14.0,2.0,0.0,1.0,0.47700836601896107,23.05162699999346,2.166279266666485,53.970736000002944,32.0,15.0,4.0,10.0,2.5,0.0,0.0,0.5929139080111536,6.024183000001358,1.7409914838710627,33.93215000000055,17.0,8.0,5.0,5.0,1.0,0.0,0.0,0.5009997892853747,7.04846300000645,2.120759375000034,92.05413299999782,35.0,16.0,6.0,10.0,1.6666666666666667,0.0,0.0,0.380211065591165,10.058577999996487,2.707474499999936,486.05171300000075,56.0,17.0,2.0,2.0,1.0,0.0,0.0,0.11521407805428291,58.98521299999993,8.837303872727286,220.9455320000052,74.0,35.0,7.0,21.0,3.0,0.0,2.0,0.3349241748866787,34.075009000000136,3.0266511232877424,541.0271030000004,117.0,34.0,6.0,17.0,2.8333333333333335,4.0,4.0,0.2162553397994923,32.036660999998276,4.664026750000003,134.02644700000383,40.0,16.0,6.0,5.0,0.8333333333333334,0.0,0.0,0.2984485591862243,22.93952100000024,3.4365755641026623,379.9945380000063,88.0,39.0,4.0,7.0,1.75,0.0,0.0,0.23158227605892204,31.98796000000584,4.3677533103448996,413.82755599999655,132.0,55.0,16.0,38.0,2.375,2.0,2.0,0.31897344216488355,29.427490000001853,3.1589889770992103,254.55884000000515,56.0,25.0,2.0,10.0,5.0,0.0,0.0,0.21998843175117733,28.68970000000263,4.628342545454639,305.19954000000143,125.0,56.0,16.0,39.0,2.4375,2.0,2.0,0.409568114027955,28.68970000000263,2.4612866129032374,447.2653430000064,147.0,63.0,16.0,43.0,2.6875,2.0,2.0,0.3286639626804215,29.427490000001853,3.0634612534247014,16.72961999999825,3.0,2.0,1.0,0.0,0.0,0.0,0.0,0.17932266243945255,14.863720000001194,8.364809999999125,181.76055800000177,89.0,38.0,16.0,33.0,2.0625,2.0,2.0,0.4896551869080372,29.427490000001853,2.0654608863636565,261.6741600000023,88.0,38.0,9.0,21.0,2.3333333333333335,0.0,0.0,0.33629610199187887,28.68970000000263,3.007748965517268,55.50035000000207,10.0,3.0,2.0,2.0,1.0,0.0,0.0,0.18017904391593254,15.754229999998643,6.166705555555786,2246.9565989999974,499.0,203.0,21.0,147.0,7.0,4.0,5.0,0.22207816573852773,92.98537399999623,4.51196104216867,2430.0336760000064,560.0,222.0,15.0,101.0,6.733333333333333,4.0,6.0,0.2304494812276826,67.03988899999968,4.347108543828276,522.3263860000006,159.0,66.0,16.0,44.0,2.75,2.0,2.0,0.3044073672357035,29.427490000001853,3.3058632025316497,4,young-old,10.0,13.0,3.0
147,24,161.34837400000106,87.0,40.0,12.0,35.0,2.9166666666666665,0.0,0.0,0.5392059296488444,9.315107000002172,1.8761438837209425,221.28263800000423,52.0,21.0,2.0,13.0,6.5,1.0,2.0,0.23499358318386915,36.32531900000322,4.338875254902043,234.09292299999652,60.0,25.0,2.0,11.0,5.5,0.0,0.0,0.2563084745624749,23.606203000003006,3.96767666101689,458.48469699999987,145.0,56.0,13.0,32.0,2.4615384615384617,0.0,2.0,0.31625919239786543,28.039230000002135,3.1839215069444435,67.83056499999657,67.0,29.0,16.0,24.0,1.5,0.0,0.0,0.9877552988096648,5.22884100000374,1.0277358333332813,162.63219599999866,110.0,48.0,18.0,42.0,2.3333333333333335,0.0,2.0,0.6763728382540005,27.825870000000577,1.4920384954128316,386.4908299999952,96.0,31.0,8.0,21.0,2.625,3.0,12.0,0.24838881688344636,39.23256699999911,4.068324526315739,80.10178700000688,28.0,14.0,8.0,12.0,1.5,0.0,0.0,0.3495552477499359,12.460034000003361,2.9667328518521066,117.0957200000048,72.0,31.0,7.0,24.0,3.4285714285714284,0.0,0.0,0.6148815686858328,11.366312999998627,1.6492354929578141,30.94678899999417,28.0,10.0,5.0,8.0,1.6,0.0,0.0,0.9047788447455817,5.354169999998703,1.1461773703701543,90.99464699999953,45.0,12.0,4.0,5.0,1.25,0.0,0.0,0.4945345850948818,8.909540000000561,2.0680601590908982,284.3621539999949,63.0,27.0,3.0,9.0,3.0,0.0,0.0,0.22154846949148208,22.44391500000347,4.586486354838628,276.20358500000293,81.0,39.0,9.0,21.0,2.3333333333333335,0.0,0.0,0.29326194299758684,30.690738999997848,3.4525448125000366,478.50587700000324,254.0,63.0,6.0,34.0,5.666666666666667,5.0,6.0,0.5308189767541732,11.88730800000485,1.8913275770751117,98.75222000000213,48.0,21.0,7.0,16.0,2.2857142857142856,0.0,0.0,0.4860650221331628,11.039057000001776,2.1011110638298325,380.13480599999457,130.0,60.0,14.0,41.0,2.9285714285714284,0.0,2.0,0.34198394345400157,43.12502200000017,2.946781441860423,129.45094100000279,21.0,8.0,2.0,2.0,1.0,0.0,0.0,0.16222361798049462,24.233147999999346,6.47254705000014,223.7935260000013,44.0,14.0,3.0,7.0,2.3333333333333335,0.0,6.0,0.1966097982655662,23.31112700000085,5.204500604651193,2.6991520000010496,3.0,2.0,1.0,0.0,0.0,0.0,0.0,1.1114601919413332,2.0900410000031115,1.3495760000005248,20.93791400000191,7.0,2.0,1.0,0.0,0.0,0.0,0.0,0.33432174762010014,14.607194999996864,3.4896523333336518,226.27451499999734,42.0,14.0,3.0,7.0,2.3333333333333335,0.0,4.0,0.18561524703743368,23.31112700000085,5.518890609756032,184.67563800000062,87.0,36.0,11.0,27.0,2.4545454545454546,2.0,4.0,0.4710962471400787,11.719506000001275,2.147391139534891,618.0301749999999,206.0,82.0,21.0,57.0,2.7142857142857144,2.0,12.0,0.33331705850770155,23.31112700000085,3.014781341463414,10.259422999995877,10.0,4.0,3.0,2.0,0.6666666666666666,0.0,0.0,0.974713685165727,2.7616070000003674,1.1399358888884308,2251.157855000005,816.0,324.0,34.0,241.0,7.088235294117647,4.0,18.0,0.36248013358441195,39.23256699999911,2.7621568773006198,2369.3910529999994,913.0,322.0,19.0,200.0,10.526315789473685,5.0,8.0,0.3853310743467217,43.12502200000017,2.5980165054824553,826.7071619999988,255.0,104.0,25.0,71.0,2.84,2.0,12.0,0.30845263198530315,24.233147999999346,3.254752606299208,4,young-old,12.0,10.0,4.0
149,24,188.05578400000013,102.0,48.0,17.0,42.0,2.4705882352941178,0.0,0.0,0.5423922510141986,17.00146600000153,1.8619384554455458,189.02100399999836,41.0,12.0,1.0,0.0,0.0,4.0,2.0,0.21690711155041986,20.96599700000297,4.725525099999959,233.0735349999959,49.0,16.0,2.0,2.0,1.0,0.0,0.0,0.2102340791287216,26.009885999999824,4.855698645833248,630.985719999997,123.0,35.0,4.0,10.0,2.5,0.0,0.0,0.19493309610873696,40.00274899999931,5.172014098360631,58.98312299999816,45.0,21.0,8.0,20.0,2.5,0.0,0.0,0.7629301012088052,7.967733000004955,1.3405255227272308,88.05311200000142,18.0,9.0,6.0,7.0,1.1666666666666667,0.0,0.0,0.2044220765303526,43.98295300000609,5.179594823529495,186.97598599999765,58.0,21.0,4.0,7.0,1.75,0.0,4.0,0.31020026282947766,16.970258000001195,3.2802804561403094,49.97226699999737,24.0,11.0,4.0,8.0,2.0,0.0,1.0,0.48026638455288134,15.980134999997972,2.172707260869451,167.97053500000038,73.0,32.0,5.0,22.0,4.4,0.0,0.0,0.4346000326783494,10.018976999999722,2.3329240972222274,29.037979000000632,14.0,5.0,3.0,3.0,1.0,0.0,0.0,0.4821272169113317,14.08083899999474,2.233690692307741,100.00610099999903,39.0,17.0,5.0,13.0,2.6,0.0,0.0,0.389976207551581,12.06814100000338,2.631739499999975,241.96320900000137,49.0,17.0,2.0,2.0,1.0,0.0,0.0,0.20251012623989345,31.99969599999895,5.0409001875000286,165.946050999999,36.0,13.0,5.0,10.0,2.0,0.0,1.0,0.21693797341402368,39.94466000000102,4.741315742857114,323.0733429999964,91.0,32.0,4.0,8.0,2.0,4.0,8.0,0.281669787903241,30.000605000001087,3.589703811111071,85.03020700000343,31.0,13.0,6.0,7.0,1.1666666666666667,0.0,0.0,0.3645763205068847,16.037711000004492,2.8343402333334478,140.96893599999748,32.0,14.0,4.0,5.0,1.25,0.0,0.0,0.22700036552734265,23.029420999999274,4.547385032257983,123.70908000000054,33.0,14.0,3.0,9.0,3.0,0.0,0.0,0.2667548736115397,10.473100000002887,3.865908750000017,297.41057,217.0,101.0,24.0,89.0,3.7083333333333335,0.0,5.0,0.7296310954919994,21.492900000004738,1.376900787037037,275.7669999999998,220.0,99.0,24.0,85.0,3.5416666666666665,0.0,7.0,0.7977749331863498,13.661729999999807,1.2592100456620996,289.70768999999564,229.0,105.0,26.0,91.0,3.5,0.0,7.0,0.7904519206929007,13.661729999999807,1.2706477631578756,19.344249999994645,7.0,4.0,3.0,3.0,1.0,0.0,1.0,0.361864636778471,7.653819999999541,3.2240416666657743,212.13993000000482,117.0,51.0,14.0,38.0,2.7142857142857144,0.0,6.0,0.5515227614150591,13.661729999999807,1.8287925000000416,117.8871300000028,59.0,24.0,12.0,18.0,1.5,0.0,4.0,0.5004787206202967,13.661729999999807,2.0325367241379793,130.49755000000005,120.0,57.0,19.0,52.0,2.736842105263158,0.0,0.0,0.9195574936081172,21.492900000004738,1.0966180672268913,2008.964047999998,614.0,238.0,19.0,155.0,8.157894736842104,4.0,9.0,0.3056301582953965,43.98295300000609,3.277265983686783,1510.9351539999989,442.0,173.0,14.0,98.0,7.0,4.0,9.0,0.29253406331162796,44.0110349999959,3.4261568117913805,503.52946999999403,311.0,141.0,27.0,119.0,4.407407407407407,0.0,7.0,0.6176401154832183,21.492900000004738,1.6242886129032066,4,young-old,10.0,12.0,2.0
150,16,221.39035100000183,133.0,59.0,18.0,49.0,2.7222222222222223,0.0,0.0,0.6007488555813297,13.807353999996849,1.6771996287878927,192.3787020000018,26.0,7.0,2.0,4.0,2.0,4.0,2.0,0.1351500957730745,52.03348199999891,7.695148080000072,230.96400699999504,36.0,9.0,2.0,3.0,1.5,0.0,0.0,0.1558684423066871,21.0585160000046,6.598971628571287,431.210493999999,107.0,35.0,8.0,24.0,3.0,0.0,0.0,0.24813867354536193,36.01128900000185,4.068023528301877,68.73228400000517,59.0,26.0,10.0,24.0,2.4,0.0,0.0,0.8584030177142894,9.178498000001127,1.185039379310434,227.49690900000132,103.0,48.0,20.0,45.0,2.25,0.0,0.0,0.452753404223173,36.528150999998616,2.2303618529411895,396.4015599999984,153.0,50.0,8.0,33.0,4.125,0.0,12.0,0.38597224491245846,24.01548499999626,2.6079049999999895,75.50433599999815,40.0,16.0,7.0,15.0,2.142857142857143,0.0,1.0,0.5297708995149759,14.449757000002137,1.936008615384568,90.55704799999512,61.0,28.0,8.0,22.0,2.75,0.0,2.0,0.6736085301720888,5.120524000005389,1.509284133333252,32.998445999997784,27.0,6.0,4.0,4.0,1.0,0.0,0.0,0.8182203489219405,3.8217959999965387,1.2691709999999148,136.9223140000031,42.0,16.0,6.0,8.0,1.3333333333333333,0.0,0.0,0.3067432821796968,17.530119000002742,3.339568634146417,221.47779699999955,38.0,15.0,2.0,8.0,4.0,0.0,0.0,0.1715747606068164,37.63551299999381,5.9858864054053935,302.2009410000028,101.0,43.0,6.0,23.0,3.8333333333333335,0.0,1.0,0.3342147104697436,19.103148000001966,3.022009410000028,491.35965799999394,168.0,43.0,8.0,25.0,3.125,3.0,6.0,0.34190841121108495,13.741593000006105,2.9422734011975686,71.91651799999818,31.0,14.0,6.0,12.0,2.0,0.0,0.0,0.4310553522627553,14.797931000000972,2.397217266666606,639.9597620000059,149.0,65.0,5.0,7.0,1.4,0.0,0.0,0.23282713827873233,35.153463000002375,4.324052445945986,,,,,,,,,,,,,,,,,,,,,,,,,,,,,,,,,,,,,,,,,,,,,,,,,,,,,,,,,,,,,,,,,,,,,,,,,,,,,,,,,,,,,,,,,2374.4120660000044,816.0,307.0,24.0,250.0,10.416666666666666,4.0,15.0,0.3436640217949425,52.03348199999891,2.913389038036815,2294.0112200000003,726.0,268.0,17.0,138.0,8.117647058823529,3.0,9.0,0.3164762201991322,37.63551299999381,3.1641534068965522,,,,,,,,,,,,8,younger adult,13.0,8.0,7.0
151,24,275.40230999999767,141.0,66.0,17.0,57.0,3.3529411764705883,0.0,0.0,0.5119782764349405,17.918360000003304,1.9671593571428405,155.39155000000028,34.0,11.0,2.0,3.0,1.5,4.0,2.0,0.21880211633129304,31.930550000004587,4.708834848484857,279.5459499999997,57.0,21.0,2.0,10.0,5.0,0.0,0.0,0.2039020776369683,20.872450000002573,4.991891964285709,431.34876000000077,109.0,37.0,7.0,18.0,2.5714285714285716,0.0,0.0,0.25269575366346203,25.24702999999863,3.993970000000007,52.995410000003176,48.0,21.0,14.0,20.0,1.4285714285714286,0.0,0.0,0.9057388177579364,5.478139999999257,1.1275619148936846,94.50770999999804,52.0,20.0,12.0,19.0,1.5833333333333333,0.0,4.0,0.5502196593272769,12.108039999999164,1.853092352941138,415.38730999999825,134.0,45.0,8.0,38.0,4.75,0.0,14.0,0.3225904999360731,27.357570000000123,3.123212857142844,66.4684699999998,30.0,12.0,8.0,10.0,1.25,0.0,2.0,0.45134181665382234,19.1203600000008,2.2920162068965446,71.72398000000248,32.0,14.0,6.0,11.0,1.8333333333333333,0.0,0.0,0.4461548285524436,16.267690000000584,2.3136767741936284,44.6615199999942,28.0,10.0,6.0,8.0,1.3333333333333333,0.0,0.0,0.62693790986074,7.819230000000971,1.6541303703701555,249.6848899999968,135.0,47.0,7.0,39.0,5.571428571428571,0.0,0.0,0.5406814965855632,10.258379999999306,1.863320074626842,114.57460999999603,30.0,9.0,2.0,4.0,2.0,0.0,0.0,0.2618381157919808,13.435610000000452,3.950848620689518,183.04089999999997,61.0,24.0,8.0,17.0,2.125,0.0,2.0,0.3332588508907026,17.992859999998473,3.0506816666666663,444.9412400000001,195.0,50.0,7.0,37.0,5.285714285714286,3.0,6.0,0.43826011722356856,14.678169999999227,2.2935115463917533,59.83922999999777,44.0,15.0,6.0,12.0,2.0,0.0,0.0,0.7353035792740255,9.867819999999483,1.391609999999948,173.04647999999725,65.0,25.0,5.0,16.0,3.2,0.0,0.0,0.37562162489523643,19.488670000006096,2.703851249999957,75.72550999999658,31.0,11.0,2.0,6.0,3.0,0.0,0.0,0.40937327460721495,7.642899999998917,2.5241836666665525,218.63605000000098,133.0,51.0,13.0,42.0,3.230769230769231,0.0,9.0,0.6083168809535271,11.385669999996026,1.6563337121212196,11.349549999998999,15.0,9.0,9.0,8.0,0.8888888888888888,0.0,0.0,1.3216383028403174,2.7523399999990943,0.8106821428570713,292.77184000000125,159.0,61.0,19.0,49.0,2.5789473684210527,0.0,15.0,0.543085018012659,11.385669999996026,1.852986329113932,22.557849999997416,6.0,0.0,0.0,0.0,0.0,0.0,3.0,0.26598279534621816,9.097490000000107,4.511569999999483,169.26985000000423,104.0,42.0,12.0,33.0,2.75,0.0,5.0,0.6144035692121037,11.385669999996026,1.6433966019417885,77.86189000000013,54.0,21.0,12.0,17.0,1.4166666666666667,0.0,3.0,0.6935356950621145,6.832229999999981,1.4690922641509458,12.250059999998484,7.0,6.0,6.0,5.0,0.8333333333333334,0.0,0.0,0.5714257726085314,7.728130000003148,2.041676666666414,2185.106169999999,773.0,308.0,30.0,240.0,8.0,4.0,22.0,0.35375855444131593,31.930550000004587,2.83044840673575,1626.0015300000014,739.0,258.0,25.0,201.0,8.04,3.0,8.0,0.45448911723963714,19.488670000006096,2.203254105691059,368.4973499999978,189.0,71.0,19.0,55.0,2.8947368421052633,0.0,15.0,0.512893783360996,11.385669999996026,1.960092287234031,8,younger adult,9.0,9.0,4.0
152,24,262.5656400000007,124.0,58.0,20.0,52.0,2.6,0.0,0.0,0.4722628596795821,16.458919999997306,2.1346800000000057,166.58206999999675,32.0,9.0,2.0,4.0,2.0,4.0,2.0,0.19209750485151628,39.51817999999912,5.373615161290218,229.14287999999942,51.0,20.0,4.0,15.0,3.75,0.0,0.0,0.22256855635226427,34.883529999999155,4.582857599999988,439.74631000000227,105.0,37.0,7.0,22.0,3.142857142857143,0.0,0.0,0.2387740331465191,34.31524999999965,4.228329903846175,62.91169999999693,53.0,22.0,9.0,20.0,2.2222222222222223,0.0,0.0,0.8424506093461565,10.251429999996617,1.2098403846153256,111.47131000000081,30.0,11.0,3.0,4.0,1.3333333333333333,0.0,0.0,0.26912754501584113,17.312789999996312,3.843838275862097,296.5851199999961,103.0,36.0,8.0,26.0,3.25,0.0,8.0,0.347286472092738,19.560570000001462,2.9076972549019224,66.49804999999469,32.0,14.0,5.0,8.0,1.6,0.0,2.0,0.4812171183967433,6.248559999999998,2.145098387096603,42.70379999999568,26.0,13.0,5.0,10.0,2.0,0.0,0.0,0.6088451144863603,7.159319999998843,1.7081519999998271,33.88328999999794,18.0,7.0,4.0,4.0,1.0,0.0,0.0,0.5312353080235448,5.887419999999111,1.993134705882232,93.32699000000139,39.0,15.0,5.0,12.0,2.4,0.0,0.0,0.4178855441496551,11.295039999997243,2.455973421052668,107.18991999999707,35.0,15.0,3.0,8.0,2.6666666666666665,0.0,0.0,0.3265232402449872,13.997869999999239,3.152644705882267,219.46955999999773,87.0,36.0,6.0,28.0,4.666666666666667,0.0,0.0,0.39641032678974203,11.249819999997271,2.5519716279069504,333.12397000000055,142.0,39.0,5.0,22.0,4.4,4.0,4.0,0.42626773450136224,15.670429999998305,2.3625813475177346,68.9632999999958,36.0,14.0,7.0,11.0,1.5714285714285714,0.0,0.0,0.5220167828396001,12.422129999999015,1.97037999999988,120.48326999999699,67.0,27.0,13.0,25.0,1.9230769230769231,0.0,3.0,0.5560938045589373,21.63832000000548,1.8255040909090454,83.81663000000117,18.0,8.0,2.0,4.0,2.0,0.0,0.0,0.21475451828592665,24.045860000005632,4.930390000000068,268.6825600000011,98.0,36.0,6.0,28.0,4.666666666666667,0.0,8.0,0.3647426911519661,19.337540000000445,2.7699232989690836,35.998249999996915,25.0,11.0,8.0,9.0,1.125,0.0,0.0,0.6944782038016332,6.610409999993863,1.4999270833332048,416.95852000000014,154.0,66.0,16.0,56.0,3.5,0.0,8.0,0.3693412956281597,20.547989999999118,2.7252190849673212,3.1175700000021607,2.0,1.0,1.0,0.0,0.0,0.0,1.0,0.6415252905303214,3.1175700000021607,3.1175700000021607,216.3527200000026,76.0,28.0,3.0,22.0,7.333333333333333,0.0,7.0,0.35127822751661775,19.337540000000445,2.884702933333368,307.5560200000036,122.0,49.0,12.0,40.0,3.3333333333333335,0.0,8.0,0.3966757015518622,19.337540000000445,2.5417852892562283,2.961279999995895,4.0,2.0,2.0,1.0,0.5,0.0,0.0,1.350767235791801,2.913169999999809,0.987093333331965,2067.626709999997,666.0,263.0,22.0,199.0,9.045454545454545,4.0,12.0,0.32210843319972443,41.96342999999615,3.109213097744356,1305.6011699999945,531.0,195.0,23.0,152.0,6.608695652173913,4.0,7.0,0.4067091943552733,26.409709999999905,2.463398433962254,511.4271599999993,176.0,75.0,17.0,61.0,3.588235294117647,0.0,8.0,0.34413502794806644,24.045860000005632,2.92244091428571,3,middle-aged,8.0,9.0,4.0
153,13,304.75884999999835,144.0,67.0,22.0,62.0,2.8181818181818183,0.0,2.0,0.4725047361216935,26.1356700000033,2.131180769230758,353.6790200000032,98.0,41.0,4.0,20.0,5.0,3.0,2.0,0.2770873997558552,15.548369999996794,3.646175463917559,269.69044000000576,67.0,24.0,5.0,15.0,3.0,0.0,0.0,0.24843298116165544,21.50275999999576,4.086218787878876,317.07627999999386,119.0,39.0,9.0,33.0,3.6666666666666665,0.0,0.0,0.37530401201881863,26.007740000000922,2.687087118644016,59.69003000000521,55.0,24.0,9.0,23.0,2.5555555555555554,0.0,0.0,0.9214269116633917,7.830379999999423,1.1053709259260225,,,,,,,,,,,,679.9787700000015,213.0,75.0,11.0,56.0,5.090909090909091,1.0,8.0,0.3132450738131126,57.333019999998214,3.207447028301894,40.236479999999574,27.0,10.0,5.0,5.0,1.0,0.0,2.0,0.6710328537685276,6.553850000003877,1.5475569230769066,,,,,,,,,,,,48.77045999999973,29.0,8.0,6.0,6.0,1.0,0.0,0.0,0.5946222364931592,9.303840000000491,1.7418021428571333,238.29185999999754,100.0,32.0,6.0,25.0,4.166666666666667,0.0,0.0,0.4196534451491588,20.19082999999955,2.40698848484846,303.9887799999997,84.0,32.0,6.0,14.0,2.3333333333333335,0.0,0.0,0.27632598808416575,24.316780000001017,3.6625154216867433,237.5532400000011,69.0,30.0,9.0,21.0,2.3333333333333335,0.0,1.0,0.29046120356009325,26.66641000000527,3.493430000000016,,,,,,,,,,,,104.70915000000241,36.0,14.0,7.0,10.0,1.4285714285714286,0.0,0.0,0.3438094951587246,18.968119999997725,2.991690000000069,264.58817999999883,103.0,40.0,9.0,26.0,2.888888888888889,0.0,0.0,0.3892842076316503,14.195059999998193,2.594001764705871,,,,,,,,,,,,,,,,,,,,,,,,,,,,,,,,,,,,,,,,,,,,,,,,,,,,,,,,,,,,,,,,,,,,,,,,,,,,,,,,,,,,,,,,,2572.868300000002,953.0,360.0,24.0,281.0,11.708333333333334,4.0,14.0,0.3704037241237724,57.333019999998214,2.702592752100842,1899.1617499999993,807.0,297.0,32.0,219.0,6.84375,0.0,3.0,0.4249243120023875,26.66641000000527,2.3562800868486344,,,,,,,,,,,,5,old-old,22.0,,
154,13,161.58958300000086,118.0,55.0,22.0,51.0,2.3181818181818183,0.0,0.0,0.7302450925936196,11.99569899999915,1.3811075470085543,222.11084200000187,93.0,35.0,7.0,21.0,3.0,6.0,4.0,0.4187098619886337,22.00246000000334,2.414248282608716,171.05675999999949,36.0,16.0,3.0,5.0,1.6666666666666667,0.0,0.0,0.210456459013956,28.01828000000387,4.887335999999985,367.0480020000032,100.0,42.0,7.0,21.0,3.0,0.0,0.0,0.27244392955447594,25.63340999999491,3.707555575757608,73.78070999999909,82.0,35.0,16.0,31.0,1.9375,0.0,6.0,1.1114016116136727,4.961799999997311,0.9108729629629517,,,,,,,,,,,,150.89205499999662,57.0,27.0,5.0,20.0,4.0,0.0,5.0,0.37775348741854753,39.533181999999215,2.6945009821427965,61.93773499999952,42.0,22.0,7.0,20.0,2.857142857142857,0.0,1.0,0.6781003535243955,5.442626999996719,1.5106764634146224,226.4235120000012,134.0,59.0,10.0,50.0,5.0,0.0,0.0,0.5918113309716673,16.355220999997982,1.6998228421052362,59.030163000003085,26.0,7.0,4.0,6.0,1.5,0.0,0.0,0.44045279021165235,12.870657999999821,2.3612065200001235,284.68899400000373,127.0,47.0,8.0,31.0,3.875,0.0,0.0,0.44610084224049185,16.0178820000001,2.25943646031749,,,,,,,,,,,,590.5645250000016,277.0,130.0,13.0,91.0,7.0,0.0,1.0,0.46904273500003957,29.212174000000232,2.139004891304348,,,,,,,,,,,,630.117502000001,323.0,147.0,24.0,112.0,4.666666666666667,0.0,0.0,0.5126028065793982,23.943679999996675,1.956886652173916,38.16993000000366,22.0,9.0,5.0,7.0,1.4,0.0,0.0,0.5763699330860154,6.085704000004625,1.8176157142858886,,,,,,,,,,,,,,,,,,,,,,,,,,,,,,,,,,,,,,,,,,,,,,,,,,,,,,,,,,,,,,,,,,,,,,,,,,,,,,,,,,,,,,,,,1500.5956050000023,730.0,322.0,27.0,258.0,9.555555555555555,6.0,16.0,0.48647350263297545,39.533181999999215,2.058430185185188,2393.8410220000005,1115.0,479.0,34.0,365.0,10.735294117647058,0.0,1.0,0.4657786334818686,35.46525899999688,2.1488698581687617,,,,,,,,,,,,1,dementia,37.0,,
155,24,167.90032000000065,66.0,28.0,9.0,25.0,2.7777777777777777,0.0,0.0,0.3930903764805198,13.578050000003714,2.5830818461538563,196.41543000000092,42.0,12.0,2.0,7.0,3.5,3.0,2.0,0.21383248760038762,20.07491999999911,4.790620243902461,177.41932000000088,31.0,11.0,2.0,4.0,2.0,0.0,0.0,0.17472730703736125,25.048249999999825,5.913977333333363,421.84676000000036,94.0,29.0,8.0,18.0,2.25,0.0,2.0,0.22282973087194013,22.301410000000033,4.535986666666671,75.85091000000102,73.0,34.0,17.0,30.0,1.7647058823529411,0.0,0.0,0.9624142940407573,10.869630000001052,1.0534848611111254,144.39837999999872,20.0,9.0,5.0,8.0,1.6,0.0,0.0,0.13850570899756753,82.50312000000122,7.599914736842038,170.5098699999944,82.0,24.0,7.0,17.0,2.4285714285714284,0.0,12.0,0.4809105772000336,8.93069999999716,2.105060123456721,39.1142300000065,26.0,11.0,9.0,10.0,1.1111111111111112,0.0,2.0,0.6647197196517911,15.588479999998526,1.56456920000026,65.03001999999833,34.0,16.0,8.0,14.0,1.75,0.0,0.0,0.5228354535336276,20.908289999999397,1.970606666666616,55.028360000003886,26.0,9.0,6.0,7.0,1.1666666666666667,0.0,0.0,0.47248364297969564,10.90795000000071,2.2011344000001554,127.71913000000495,83.0,29.0,8.0,25.0,3.125,0.0,0.0,0.649863493432791,11.066460000001825,1.5575503658537189,161.95380999999907,32.0,14.0,4.0,5.0,1.25,0.0,0.0,0.19758720094328244,33.56663999999728,5.224316451612873,99.51086000000214,61.0,26.0,6.0,21.0,3.5,0.0,1.0,0.6129984204738929,11.388960000003863,1.658514333333369,437.29586000000563,173.0,50.0,7.0,30.0,4.285714285714286,1.0,8.0,0.39561316679283853,21.74384000000282,2.5424177906977072,116.24414000000252,70.0,32.0,8.0,27.0,3.375,0.0,0.0,0.6021808927314399,8.318419999995967,1.6846976811594567,219.5812900000019,68.0,27.0,6.0,24.0,4.0,0.0,0.0,0.3096803010857592,20.020059999995283,3.2773326865671923,70.13165000000299,26.0,11.0,2.0,4.0,2.0,0.0,0.0,0.37073133171683387,7.5122600000031525,2.8052660000001195,209.61383999999816,77.0,29.0,10.0,25.0,2.5,0.0,7.0,0.3673421564148659,27.776890000001004,2.758076842105239,5.116150000001653,11.0,8.0,6.0,7.0,1.1666666666666667,0.0,0.0,2.150054240003996,2.124790000001667,0.5116150000001654,36.66602000000421,29.0,13.0,7.0,10.0,1.4285714285714286,0.0,1.0,0.7909230399153404,9.67163000000437,1.3095007142858646,144.65861000000587,67.0,26.0,10.0,23.0,2.3,0.0,7.0,0.46315943447816404,27.776890000001004,2.1917971212122103,86.19569000000047,22.0,7.0,3.0,6.0,2.0,0.0,4.0,0.2552331792923739,27.776890000001004,4.104556666666689,249.72447999999713,109.0,42.0,12.0,36.0,3.0,0.0,9.0,0.43648103702128543,27.776890000001004,2.3122637037036773,1.6645400000052177,4.0,4.0,4.0,3.0,0.75,0.0,0.0,2.403066312607364,1.6136600000027101,0.5548466666684059,1938.910100000001,560.0,202.0,18.0,156.0,8.666666666666666,3.0,18.0,0.2888220552360833,82.50312000000122,3.4685332737030428,1810.665310000004,666.0,238.0,15.0,186.0,12.4,1.0,9.0,0.3678205996004853,35.92073000000528,2.722804977443615,373.97227000000566,153.0,62.0,16.0,46.0,2.875,0.0,11.0,0.40912124313387643,27.776890000001004,2.4603438815789844,8,younger adult,15.0,10.0,6.0
156,23,208.91293700000097,61.0,30.0,8.0,22.0,2.75,0.0,0.0,0.2919876618268007,23.974569999998494,3.4818822833333494,417.02157000000443,38.0,10.0,1.0,0.0,0.0,8.0,2.0,0.09112238486848437,64.91291800000181,11.270853243243362,241.04383100000268,39.0,19.0,2.0,1.0,0.5,0.0,0.0,0.16179630002644443,31.01594599999953,6.343258710526387,775.9523610000033,112.0,38.0,7.0,17.0,2.4285714285714284,0.0,2.0,0.14433875793052653,118.00631499999872,6.99056181081084,68.9603019999995,47.0,22.0,8.0,17.0,2.125,0.0,0.0,0.6815515396089817,6.974293999999645,1.499136999999989,,,,,,,,,,,,406.99723999999696,73.0,27.0,6.0,10.0,1.6666666666666667,0.0,6.0,0.17936239567619805,80.00922799999535,5.652739444444403,92.9446420000022,42.0,20.0,7.0,17.0,2.4285714285714284,0.0,1.0,0.4518818847029289,24.000324000000546,2.266942487804932,75.9816970000029,31.0,14.0,4.0,9.0,2.25,0.0,0.0,0.40799299336521555,19.04099000000133,2.5327232333334297,41.042897999999695,11.0,5.0,2.0,2.0,1.0,0.0,0.0,0.2680122636564329,18.99911599999905,4.10428979999997,113.96582800000033,28.0,12.0,4.0,4.0,1.0,0.0,0.0,0.24568768104769018,16.952127999997174,4.2209565925926045,500.05123900000035,72.0,32.0,3.0,2.0,0.6666666666666666,0.0,0.0,0.14398524468009558,39.969542000006186,7.042975197183104,344.98841399999947,44.0,20.0,6.0,8.0,1.3333333333333333,0.0,0.0,0.12754051502726718,64.0170849999995,8.02298637209301,446.9242949999971,55.0,15.0,3.0,5.0,1.6666666666666667,1.0,4.0,0.12306334789877636,115.01745800000208,8.27637583333328,179.9780860000028,62.0,15.0,6.0,6.0,1.0,0.0,0.0,0.3444863837478471,12.000953000002482,2.950460426229554,217.05464300000313,74.0,21.0,4.0,4.0,1.0,0.0,0.0,0.3409279754499374,14.015565000001516,2.9733512739726455,417.8232879999996,114.0,51.0,12.0,32.0,2.6666666666666665,0.0,1.0,0.27284261857610986,38.00392900000588,3.6975512212389345,78.73825999999826,25.0,13.0,3.0,11.0,3.6666666666666665,0.0,1.0,0.317507651299388,10.204890000000887,3.280760833333261,243.8033310000028,94.0,43.0,12.0,30.0,2.5,0.0,1.0,0.38555666821467227,18.564460000001418,2.6215411935484174,465.8732369999998,124.0,55.0,12.0,32.0,2.6666666666666665,0.0,1.0,0.2661668242599651,38.00392900000588,3.7875872926829253,7.6851300000053016,2.0,1.0,1.0,0.0,0.0,0.0,1.0,0.2602428325869075,7.6851300000053016,7.6851300000053016,306.34565999999904,107.0,50.0,11.0,36.0,3.272727272727273,0.0,2.0,0.3492786547065832,18.564460000001418,2.890053396226406,124.0286300000007,61.0,31.0,11.0,28.0,2.5454545454545454,0.0,1.0,0.4918219285337559,10.204890000000887,2.067143833333345,4.352419999995618,6.0,5.0,5.0,4.0,0.8,0.0,0.0,1.3785434310121818,1.4350800000029267,0.8704839999991236,2799.9240310000023,550.0,221.0,24.0,135.0,5.625,8.0,13.0,0.19643390103108108,118.00631499999872,5.100043772313301,2515.022284999999,529.0,191.0,14.0,83.0,5.928571428571429,1.0,4.0,0.210336108413449,115.01745800000208,4.763299782196968,562.7520769999974,161.0,75.0,16.0,51.0,3.1875,0.0,2.0,0.2860940129413343,38.00392900000588,3.5172004812499837,4,young-old,19.0,14.0,2.0
157,16,200.05733999999939,119.0,54.0,19.0,48.0,2.526315789473684,0.0,0.0,0.5948294623931337,12.09048299999995,1.6954011864406728,178.01758799999516,16.0,3.0,1.0,0.0,0.0,2.0,2.0,0.08987875962009122,91.97500500000024,11.867839199999677,261.9551760000031,8.0,3.0,2.0,1.0,0.5,0.0,0.0,0.030539575976921734,100.94209099999716,37.42216800000045,401.95054700000037,40.0,13.0,6.0,9.0,1.5,0.0,0.0,0.09951472960677414,97.06733399999939,10.306424282051292,50.03070299999672,47.0,23.0,9.0,21.0,2.3333333333333335,0.0,0.0,0.939423137828047,5.958999000002223,1.0876239782607982,164.0527460000012,45.0,23.0,3.0,16.0,5.333333333333333,0.0,0.0,0.2743020223507851,23.984554999995453,3.7284715000000275,297.97281600000133,103.0,41.0,11.0,28.0,2.5454545454545454,0.0,4.0,0.34566911633979236,29.042747999999847,2.921302117647072,40.08230799999728,27.0,13.0,7.0,9.0,1.2857142857142858,0.0,1.0,0.6736139046684095,9.038696000003256,1.5416272307691263,107.92875600000116,29.0,12.0,5.0,9.0,1.8,0.0,0.0,0.2686957681602453,25.093650000002526,3.85459842857147,4.9348519999985,5.0,3.0,3.0,2.0,0.6666666666666666,0.0,0.0,1.0132016117203757,2.957038000000466,1.2271052500000224,121.97577399999864,45.0,21.0,4.0,7.0,1.75,0.0,0.0,0.3689257179872497,12.07999800000107,2.772176681818151,313.94375800000125,40.0,14.0,3.0,6.0,2.0,0.0,0.0,0.12741135627229078,131.92995399999927,8.049839948717981,145.02598399999988,26.0,11.0,7.0,10.0,1.4285714285714286,0.0,1.0,0.17927821817089012,66.01010799999494,5.801039359999995,479.9824939999962,109.0,38.0,7.0,23.0,3.2857142857142856,4.0,6.0,0.2270916155537974,29.069838000003074,4.444282351851817,81.99272200000269,23.0,9.0,5.0,4.0,0.8,0.0,0.0,0.28051270209079343,16.0381750000015,3.7269419090910314,183.0664770000003,34.0,16.0,12.0,15.0,1.25,0.0,0.0,0.18572488287956698,68.9822589999967,5.547469000000009,,,,,,,,,,,,,,,,,,,,,,,,,,,,,,,,,,,,,,,,,,,,,,,,,,,,,,,,,,,,,,,,,,,,,,,,,,,,,,,,,,,,,,,,,2180.0722590000005,506.0,206.0,27.0,163.0,6.037037037037037,2.0,7.0,0.23210239840036417,100.94209099999716,4.316974770297031,1701.0094979999994,362.0,141.0,17.0,94.0,5.529411764705882,4.0,7.0,0.21281480228395533,131.92995399999927,4.711937667590026,,,,,,,,,,,,8,younger adult,11.0,,
158,24,333.0620510000008,117.0,55.0,18.0,43.0,2.388888888888889,0.0,0.0,0.35128589297013524,19.010575000000244,2.8712245775862137,232.02194800000143,10.0,2.0,1.0,0.0,0.0,4.0,0.0,0.04309937092675361,200.96951799999806,25.780216444444605,212.03203599999688,25.0,12.0,4.0,8.0,2.0,0.0,0.0,0.11790671104059185,79.98713100000168,8.834668166666537,481.01816999999573,72.0,17.0,4.0,12.0,3.0,0.0,0.0,0.14968249536187092,60.02258900000015,6.774903802816842,81.91700799999671,51.0,20.0,8.0,16.0,2.0,0.0,0.0,0.6225813325604134,10.002734999994573,1.6383401599999343,205.9464220000009,40.0,20.0,5.0,14.0,2.8,0.0,0.0,0.19422527282362703,50.97035599999799,5.28067748717951,704.0189240000036,126.0,48.0,7.0,19.0,2.7142857142857144,0.0,0.0,0.17897246182547127,119.9081589999987,5.632151392000029,99.99229500000365,38.0,20.0,7.0,17.0,2.4285714285714284,0.0,0.0,0.3800292812561069,37.01100700000097,2.702494459459558,43.96794700000464,19.0,8.0,5.0,6.0,1.2,0.0,0.0,0.43213298087349844,8.047050000001036,2.44266372222248,39.98336299999937,18.0,7.0,5.0,4.0,0.8,0.0,0.0,0.45018724412952166,20.988586000006762,2.3519625294117277,123.01032799999666,37.0,19.0,5.0,12.0,2.4,0.0,0.0,0.30078775174065875,18.989364999993995,3.416953555555463,159.98325399999885,48.0,20.0,4.0,10.0,2.5,0.0,0.0,0.3000314020366178,21.923115999998117,3.403899021276571,218.96008399999846,86.0,42.0,5.0,25.0,5.0,0.0,0.0,0.39276565129560603,16.066475999999966,2.576000988235276,532.0368759999983,78.0,27.0,5.0,5.0,1.0,2.0,0.0,0.14660637921646666,52.95280400000047,6.909569818181796,43.9984839999961,21.0,7.0,5.0,4.0,0.8,0.0,0.0,0.4772891720542431,14.014576000001398,2.199924199999805,199.9395319999967,29.0,13.0,7.0,10.0,1.4285714285714286,0.0,0.0,0.1450438525583849,75.04006600000139,7.140697571428453,578.0564379999996,157.0,71.0,21.0,50.0,2.380952380952381,0.0,0.0,0.2715997775981869,107.94869199999812,3.705462141025633,622.0757339999982,163.0,68.0,20.0,40.0,2.0,0.0,0.0,0.2620259738342413,107.94869199999812,3.8399736666666553,13.975836999998137,5.0,3.0,2.0,1.0,0.5,0.0,0.0,0.35776032591111834,7.935311000001093,3.4939592499995342,255.9841610000003,50.0,20.0,9.0,13.0,1.4444444444444444,0.0,0.0,0.19532458494570662,107.94869199999812,5.2241665510204145,303.96586599999864,94.0,43.0,12.0,24.0,2.0,0.0,0.0,0.30924524926756225,28.916872000001604,3.268450172042996,241.00452400000358,73.0,32.0,12.0,21.0,1.75,0.0,0.0,0.3028988783629593,29.052004000004672,3.3472850555556053,229.0876169999974,83.0,37.0,12.0,21.0,1.75,0.0,0.0,0.3623067937364809,21.052048999998078,2.7937514268292367,3.02368099999876,4.0,4.0,4.0,3.0,0.75,0.0,0.0,1.3228908737401996,1.977233999998134,1.0078936666662532,2651.9857360000024,563.0,230.0,23.0,165.0,7.173913043478261,4.0,0.0,0.21229375119082447,200.96951799999806,4.718835829181499,1604.9658049999998,368.0,157.0,16.0,95.0,5.9375,2.0,0.0,0.2292883741532425,75.04006600000139,4.373203828337874,663.0296069999968,184.0,82.0,23.0,54.0,2.347826086956522,0.0,0.0,0.27751400247802344,107.94869199999812,3.6230888688524368,4,young-old,8.0,11.0,4.0
159,4,117.96136999999726,61.0,28.0,10.0,22.0,2.2,0.0,0.0,0.5171184430971039,10.975389999999607,1.9660228333332876,213.95387999999366,33.0,6.0,1.0,0.0,0.0,4.0,2.0,0.15423884811063476,33.362969999994675,6.686058749999802,241.78517999999895,47.0,16.0,3.0,5.0,1.6666666666666667,0.0,0.0,0.19438743102451608,20.723500000000058,5.2561995652173685,404.5936500000025,76.0,24.0,8.0,19.0,2.375,0.0,0.0,0.18784278992020642,64.13439999999537,5.3945820000000335,,,,,,,,,,,,,,,,,,,,,,,,,,,,,,,,,,,,,,,,,,,,,,,,,,,,,,,,,,,,,,,,,,,,,,,,,,,,,,,,,,,,,,,,,,,,,,,,,,,,,,,,,,,,,,,,,,,,,,,,,,,,,,,,,,,,,,,,,,,,,,,,,,,,,,,,,,,,,,,,,,,,,,,,,,,,,,,,,,,,,,,,,,,,,,,,,,,,,,,,,,,,,,,,,,,,,,,,,,,,,1262.300080000001,331.0,118.0,17.0,86.0,5.0588235294117645,4.0,2.0,0.2622197409668229,64.13439999999537,3.8251517575757603,,,,,,,,,,,,,,,,,,,,,,,8,younger adult,29.0,,
160,16,263.9943129999956,110.0,52.0,17.0,39.0,2.2941176470588234,0.0,0.0,0.41667564255447365,19.944274000001315,2.421966174311886,269.01521299999877,18.0,3.0,1.0,0.0,0.0,4.0,2.0,0.06691071407920741,73.01735100000224,15.824424294117575,410.0317450000002,93.0,32.0,2.0,2.0,1.0,0.0,0.0,0.2268117069813703,29.006320000000414,4.456866793478263,812.9565839999996,123.0,43.0,7.0,13.0,1.8571428571428572,0.0,0.0,0.1512995926483573,138.00696099999914,6.663578557377045,74.91016300000047,58.0,28.0,10.0,25.0,2.5,0.0,0.0,0.7742607635228299,8.976598000001104,1.3142133859649205,305.0021459999989,66.0,31.0,8.0,22.0,2.75,0.0,0.0,0.21639192007521232,51.96205999999802,4.692340707692291,506.98001599999407,121.0,52.0,11.0,34.0,3.090909090909091,0.0,4.0,0.23866818450690455,34.95547699999588,4.224833466666618,50.04841500000475,34.0,15.0,7.0,13.0,1.8571428571428572,0.0,2.0,0.6793421929544976,23.949203999996826,1.5166186363637804,62.05065800000011,20.0,10.0,5.0,7.0,1.4,0.0,0.0,0.3223172911397646,19.94430899999861,3.265824105263164,62.95788499999617,20.0,10.0,5.0,7.0,1.4,0.0,0.0,0.3176726791251202,30.019836999999825,3.3135728947366405,137.03535900000134,39.0,19.0,6.0,11.0,1.8333333333333333,0.0,0.0,0.28459807953653493,13.001862999997684,3.606193657894772,293.0556359999973,37.0,17.0,1.0,0.0,0.0,0.0,0.0,0.12625588951307642,46.998029000002134,8.140434333333259,193.96553999999742,34.0,15.0,7.0,10.0,1.4285714285714286,0.0,1.0,0.17528886832166402,65.02030699999887,5.877743636363558,478.06413999999495,131.0,54.0,18.0,34.0,1.8888888888888888,0.0,4.0,0.2740218080360543,85.93225800000073,3.6774164615384226,127.06637699999555,45.0,20.0,6.0,8.0,1.3333333333333333,0.0,0.0,0.3541456132018431,13.06385500000033,2.8878722045453533,231.9886669999978,73.0,32.0,8.0,18.0,2.25,0.0,4.0,0.31467054379859294,33.06012200000259,3.222064819444414,,,,,,,,,,,,,,,,,,,,,,,,,,,,,,,,,,,,,,,,,,,,,,,,,,,,,,,,,,,,,,,,,,,,,,,,,,,,,,,,,,,,,,,,,3328.024000999998,882.0,371.0,35.0,245.0,7.0,4.0,10.0,0.26502212716464135,138.00696099999914,3.777552782065832,1969.0550589999984,482.0,210.0,23.0,116.0,5.043478260869565,0.0,9.0,0.24478746685975752,85.93225800000073,4.093669561330558,,,,,,,,,,,,5,old-old,13.0,,
161,23,288.01988600000186,112.0,53.0,18.0,49.0,2.7222222222222223,0.0,0.0,0.3888620385052138,21.047896000003675,2.5947737477477646,383.02448999999615,48.0,16.0,2.0,2.0,1.0,7.0,2.0,0.12531835758073975,58.947423999998136,8.14945723404247,281.0627870000026,46.0,21.0,2.0,1.0,0.5,0.0,0.0,0.16366449821049978,22.961497000003874,6.245839711111168,566.9632869999987,85.0,26.0,5.0,13.0,2.6,0.0,0.0,0.14992152393105518,46.00316700000258,6.749562940476174,66.94812300000194,54.0,26.0,9.0,24.0,2.6666666666666665,0.0,0.0,0.8065946822735931,8.007582999998704,1.2631721320755083,,,,,,,,,,,,513.913026999995,86.0,33.0,6.0,10.0,1.6666666666666667,0.0,4.0,0.16734349098335044,73.98388200000045,6.046035611764648,56.083856999997806,34.0,16.0,7.0,13.0,1.8571428571428572,0.0,1.0,0.6062350526284476,23.902180999997654,1.6995108181817518,61.907532999997784,38.0,19.0,7.0,16.0,2.2857142857142856,0.0,0.0,0.613818676961354,5.052544000005582,1.6731765675675077,33.02041199999803,16.0,8.0,5.0,5.0,1.0,0.0,0.0,0.4845487694096898,6.946757999998226,2.201360799999869,111.97655199999281,32.0,15.0,4.0,8.0,2.0,0.0,0.0,0.2857741145664322,15.076806999997643,3.6121468387094455,477.02752500000497,57.0,21.0,1.0,0.0,0.0,0.0,0.0,0.1194899602491479,42.07972999999765,8.518348660714375,329.04081600000063,57.0,25.0,6.0,8.0,1.3333333333333333,0.0,1.0,0.17323078848673865,54.06976199999917,5.875728857142868,410.95120000000315,87.0,36.0,4.0,8.0,2.0,3.0,3.0,0.21170396874373243,39.054700000000594,4.778502325581432,124.02198700000008,43.0,19.0,7.0,9.0,1.2857142857142858,0.0,0.0,0.3467127163508513,12.968210999999428,2.9529044523809542,173.03513699999894,44.0,20.0,4.0,4.0,1.0,0.0,0.0,0.25428361408469463,49.958872000002884,4.024072953488347,701.1367900000041,192.0,85.0,16.0,58.0,3.625,0.0,3.0,0.27384100041305615,30.13238999999885,3.6708732460733198,250.39614000000438,86.0,38.0,6.0,27.0,4.5,0.0,1.0,0.3434557737191895,21.791870000000927,2.945836941176522,88.22787000000244,52.0,24.0,15.0,21.0,1.4,0.0,1.0,0.5893829240125434,11.819659999993746,1.7299582352941656,310.5882000000056,109.0,49.0,16.0,38.0,2.375,0.0,2.0,0.35094700957730535,17.974499999996624,2.8758166666667186,70.25017999999545,11.0,4.0,2.0,1.0,0.5,0.0,0.0,0.1565832286835523,21.791870000000927,7.0250179999995455,145.17083999999886,27.0,12.0,3.0,6.0,2.0,0.0,1.0,0.1859877644849352,17.974499999996624,5.583493846153802,465.45388000000094,149.0,66.0,15.0,48.0,3.2,0.0,3.0,0.3201176451681952,21.791870000000927,3.144958648648655,6.60852000000159,9.0,6.0,6.0,5.0,0.8333333333333334,0.0,0.0,1.361878302554556,1.6102300000056857,0.8260650000001988,2757.0970830000006,654.0,275.0,28.0,179.0,6.392857142857143,7.0,11.0,0.23720601063796484,73.98388200000045,4.222200739663094,2058.973395999994,469.0,199.0,16.0,89.0,5.5625,3.0,5.0,0.22778341911125954,54.06976199999917,4.39951580341879,723.1419900000037,212.0,96.0,18.0,67.0,3.7222222222222223,0.0,3.0,0.29316510855634165,30.13238999999885,3.4272132227488328,5,old-old,21.0,11.0,4.0
162,16,487.512493000002,233.0,93.0,20.0,84.0,4.2,0.0,0.0,0.4779364700301107,17.940894999999728,2.1013469525862156,267.1969090000057,60.0,15.0,2.0,9.0,4.5,4.0,2.0,0.2245534958639762,28.70960500000365,4.528761169491622,317.32896099999925,57.0,24.0,3.0,7.0,2.3333333333333335,0.0,0.0,0.179624323668334,30.89076699999714,5.666588589285701,537.7579590000023,139.0,37.0,4.0,16.0,4.0,0.0,0.0,0.2584806001913575,61.40326899999491,3.8967968043478427,68.21408800000063,65.0,30.0,10.0,29.0,2.9,0.0,0.0,0.9528823430139446,7.604018999998516,1.0658451250000098,157.09999000000244,49.0,18.0,4.0,13.0,3.25,0.0,0.0,0.3119032661937104,19.973893999995198,3.272916458333384,775.1854020000028,240.0,87.0,8.0,49.0,6.125,3.0,14.0,0.30960335344395346,46.30390400000033,3.243453564853568,43.84928600000421,24.0,12.0,6.0,8.0,1.3333333333333333,0.0,0.0,0.5473293225344124,7.365262999999686,1.906490695652357,169.7968200000032,71.0,32.0,7.0,24.0,3.4285714285714284,0.0,0.0,0.4181468180617202,14.730515000002924,2.425668857142903,53.75028100000054,20.0,6.0,3.0,3.0,1.0,0.0,0.0,0.37209107799826757,14.712133000000904,2.8289621578947655,581.6330149999994,213.0,63.0,6.0,39.0,6.5,0.0,0.0,0.3662102984301883,25.08748700000433,2.743551957547167,242.14844599999924,59.0,27.0,3.0,15.0,5.0,0.0,0.0,0.24365219341527464,12.169002999995428,4.174973206896539,345.86591300000146,90.0,33.0,6.0,19.0,3.1666666666666665,0.0,0.0,0.26021644983557435,57.29686799999763,3.8861338539326007,616.0080950000047,291.0,63.0,7.0,35.0,5.0,7.0,12.0,0.47239638953120866,24.119703000003938,2.124165844827602,162.12727499999892,107.0,17.0,7.0,9.0,1.2857142857142858,0.0,0.0,0.6599753187734804,4.982748999995238,1.5295025943396123,248.77376200000435,64.0,27.0,5.0,12.0,2.4,0.0,0.0,0.2572618570603072,17.33241899999848,3.9487898730159423,,,,,,,,,,,,,,,,,,,,,,,,,,,,,,,,,,,,,,,,,,,,,,,,,,,,,,,,,,,,,,,,,,,,,,,,,,,,,,,,,,,,,,,,,3086.2728160000042,1059.0,395.0,21.0,291.0,13.857142857142858,7.0,16.0,0.3431323357124753,61.40326899999491,2.917082056710779,2793.828183000005,1100.0,327.0,17.0,213.0,12.529411764705882,7.0,12.0,0.3937249995161918,57.29686799999763,2.542154852593271,,,,,,,,,,,,6,other medical,12.0,,
163,22,504.0084910000005,188.0,76.0,21.0,57.0,2.7142857142857144,0.0,0.0,0.37300958884043844,42.9702660000039,2.695232572192516,153.01734099999885,38.0,3.0,1.0,0.0,0.0,3.0,2.0,0.2483378664905717,14.003473999997368,4.13560381081078,275.05584100000124,111.0,39.0,19.0,35.0,1.8421052631578947,0.0,4.0,0.4035544186098542,30.000771999999415,2.50036845454544,522.042174999995,83.0,20.0,5.0,9.0,1.8,0.0,0.0,0.15899098573788753,44.001875000001746,6.366367987804818,64.01138800000626,59.0,25.0,9.0,21.0,2.3333333333333335,0.0,0.0,0.921710993050084,6.045882000005804,1.1036446206897632,189.04490100000112,91.0,33.0,7.0,26.0,3.7142857142857144,0.0,0.0,0.48136712240654117,18.002534999999625,2.1004989000000123,512.021808999998,142.0,57.0,12.0,37.0,3.0833333333333335,0.0,4.0,0.2773319368511519,35.01129100000253,3.6313603475177163,107.94981800000096,51.0,23.0,8.0,20.0,2.5,0.0,4.0,0.4724417414024686,20.99965599999996,2.1589963600000193,33.992261999999755,26.0,13.0,7.0,11.0,1.5714285714285714,0.0,0.0,0.7648799600332625,3.977864000000409,1.3596904799999903,35.03468399999838,13.0,6.0,3.0,4.0,1.3333333333333333,0.0,0.0,0.3710608607173566,10.065144000000146,2.9195569999998647,148.9539930000028,42.0,19.0,4.0,10.0,2.5,0.0,0.0,0.2819662578632532,14.041408000004594,3.6330242195122637,,,,,,,,,,,,172.0001559999946,26.0,11.0,4.0,5.0,1.25,0.0,1.0,0.15116265359666775,37.9883719999998,6.880006239999784,409.99009099999967,122.0,39.0,9.0,22.0,2.4444444444444446,4.0,8.0,0.29756816732431735,33.015347000000475,3.3883478595041296,117.97473100000207,22.0,8.0,5.0,6.0,1.2,0.0,0.0,0.1864806116828494,63.942227000006824,5.617844333333432,233.9149099999995,25.0,8.0,5.0,7.0,1.4,0.0,0.0,0.10687647059351647,58.01686999999947,9.746454583333312,262.98152700000355,53.0,21.0,5.0,14.0,2.8,0.0,2.0,0.20153506827876652,70.04759500000364,5.057337057692376,374.93868900000234,114.0,50.0,9.0,37.0,4.111111111111111,0.0,2.0,0.30404971091153327,70.04759500000364,3.3180414955752418,18.059133000002475,22.0,11.0,7.0,10.0,1.4285714285714286,0.0,0.0,1.2182201659402467,4.996888999994553,0.8599587142858321,47.063631000004534,17.0,7.0,5.0,4.0,0.8,0.0,1.0,0.36121309892129577,16.920517999998992,2.9414769375002834,,,,,,,,,,,,55.01368999999977,41.0,19.0,8.0,18.0,2.25,0.0,4.0,0.745269041215017,6.943985999998404,1.3753422499999943,419.0328690000024,140.0,60.0,11.0,47.0,4.2727272727272725,0.0,4.0,0.33410266916316583,70.04759500000364,3.01462495683455,3.0141900000016904,4.0,4.0,4.0,3.0,0.75,0.0,0.0,1.3270563567650868,2.024373000000196,1.0047300000005635,2752.015392000001,911.0,326.0,30.0,253.0,8.433333333333334,3.0,14.0,0.3310301252849968,44.91744199999812,3.0241927384615397,1555.918598999997,373.0,142.0,19.0,102.0,5.368421052631579,4.0,9.0,0.23972976493740128,63.942227000006824,4.18257687903225,470.0248330000031,162.0,73.0,15.0,60.0,4.0,0.0,6.0,0.3446626404098928,70.04759500000364,2.9194089006211374,4,young-old,12.0,12.0,5.0
164,23,355.0141779999976,133.0,61.0,19.0,46.0,2.4210526315789473,2.0,0.0,0.37463292522362557,15.9778540000043,2.6892455833333244,183.00299599999562,22.0,4.0,3.0,2.0,0.6666666666666666,8.0,2.0,0.12021661109854467,78.05783099999826,8.714428380952173,206.00584199999867,31.0,12.0,2.0,2.0,1.0,0.0,0.0,0.15048116936412026,38.03136500000255,6.866597666666591,653.0147549999965,117.0,34.0,6.0,11.0,1.8333333333333333,0.0,0.0,0.17916899902208278,35.92693000000145,5.6294375431034185,56.988837999997486,59.0,24.0,9.0,20.0,2.2222222222222223,0.0,0.0,1.0352904545974881,4.963645000003453,0.9825661724137498,131.079479,42.0,14.0,3.0,7.0,2.3333333333333335,0.0,0.0,0.32041628728170335,23.99999100000423,3.197060463414634,431.9673600000024,120.0,34.0,9.0,15.0,1.6666666666666667,0.0,4.0,0.2777987670179509,38.00566799999797,3.6299778151260704,80.01176200000191,53.0,21.0,6.0,16.0,2.6666666666666665,0.0,0.0,0.6624026102562113,8.976241000003938,1.5386877307692675,57.027407999994466,33.0,13.0,7.0,9.0,1.2857142857142858,0.0,0.0,0.5786691199432246,13.967164000001503,1.782106499999827,33.02124200000253,18.0,8.0,6.0,6.0,1.0,0.0,0.0,0.5451036638778948,13.023378999998386,1.9424260000001488,110.92867099999421,40.0,16.0,5.0,10.0,2.0,0.0,0.0,0.3605920781292159,12.046656999998959,2.844324897435749,131.97304600000643,28.0,10.0,2.0,4.0,2.0,0.0,0.0,0.21216453547642322,35.01307700000325,4.887890592592831,285.9646219999995,127.0,51.0,6.0,28.0,4.666666666666667,0.0,2.0,0.4441108802612661,13.068685999998706,2.269560492063488,382.95443800000066,85.0,25.0,3.0,3.0,1.0,1.0,10.0,0.2219585192534049,30.989768999999797,4.558981404761913,121.9966129999957,46.0,19.0,7.0,11.0,1.5714285714285714,0.0,0.0,0.37705964836910366,16.004628000002413,2.711035844444349,215.95065800000157,68.0,28.0,8.0,16.0,2.0,0.0,0.0,0.31488674602695355,32.00232700000197,3.2231441492537547,728.0060980000053,169.0,72.0,12.0,42.0,3.5,0.0,7.0,0.23214091264383718,44.002286999995704,4.333369630952412,287.04003000000375,73.0,32.0,5.0,15.0,3.0,0.0,4.0,0.2543199288266485,33.98128100000031,3.9866670833333853,53.00310499999614,44.0,21.0,11.0,16.0,1.4545454545454546,0.0,1.0,0.8301400455690889,4.9414510000060545,1.2326303488371195,476.9462249999997,150.0,67.0,11.0,40.0,3.6363636363636362,0.0,7.0,0.3145008643270006,34.972388000001956,3.200981375838924,,,,,,,,,,,,80.05783399999927,25.0,12.0,3.0,5.0,1.6666666666666667,0.0,2.0,0.3122742491384444,15.95836500000587,3.3357430833333033,455.9800100000066,135.0,58.0,11.0,33.0,3.0,0.0,7.0,0.29606561042006657,34.972388000001956,3.402835895522437,6.928777000000991,6.0,5.0,5.0,4.0,0.8,0.0,0.0,0.8659536885079635,2.0281600000016624,1.3857554000001984,2526.072137999996,760.0,278.0,19.0,179.0,9.421052631578947,10.0,6.0,0.3008623501155141,78.05783099999826,3.328158284584975,1661.9858099999983,560.0,221.0,13.0,129.0,9.923076923076923,1.0,12.0,0.336946318452623,35.01307700000325,2.973140983899818,744.9773810000042,176.0,77.0,16.0,46.0,2.875,0.0,7.0,0.23624878350501086,44.002286999995704,4.2570136057143095,4,young-old,9.0,12.0,4.0
165,15,223.99873099999968,115.0,53.0,18.0,45.0,2.5,0.0,0.0,0.513395765621548,13.945834999998624,1.9649011491228041,222.04801599999337,28.0,10.0,1.0,0.0,0.0,3.0,2.0,0.1260988524211846,62.96342200000072,8.224000592592347,349.0118020000009,53.0,23.0,7.0,12.0,1.7142857142857142,0.0,0.0,0.15185732888196102,51.00746699999581,6.71176542307694,747.0377700000026,139.0,52.0,5.0,18.0,3.6,0.0,0.0,0.18606823588049573,89.00491899999906,5.413317173913063,66.97013400000287,57.0,28.0,10.0,26.0,2.6,0.0,0.0,0.8511256674504721,6.0083620000004885,1.1958952500000513,313.00906300000497,56.0,26.0,8.0,16.0,2.0,0.0,0.0,0.17890855767329367,60.035311999999976,5.6910738727273635,318.0410550000015,80.0,25.0,5.0,17.0,3.4,0.0,14.0,0.25153985229988507,36.00304199999664,4.025836139240526,56.992145999996865,30.0,13.0,5.0,11.0,2.2,0.0,1.0,0.5263883202433131,25.92203999999765,1.9652464137929953,172.9533389999997,71.0,35.0,6.0,21.0,3.5,0.0,0.0,0.4105153471480544,12.025882999994792,2.4707619857142813,47.99726100000407,12.0,6.0,4.0,3.0,0.75,0.0,0.0,0.25001426643905744,16.998113000001467,4.3633873636367335,87.04857600000105,38.0,18.0,4.0,11.0,2.75,0.0,0.0,0.43653787053333926,12.023067999994964,2.3526642162162448,,,,,,,,,,,,294.04485399999976,97.0,45.0,7.0,24.0,3.4285714285714284,0.0,1.0,0.3298816445194449,20.06675600000017,3.0629672291666643,466.0157230000041,178.0,64.0,8.0,27.0,3.375,10.0,14.0,0.38196136141955545,21.932670000001963,2.6328571920904187,136.99112700000114,32.0,12.0,6.0,7.0,1.1666666666666667,0.0,0.0,0.23359177123931343,32.00420999999915,4.419068612903263,167.9626930000013,39.0,17.0,5.0,8.0,1.6,0.0,0.0,0.23219441950719197,36.961662000001525,4.420070868421087,,,,,,,,,,,,,,,,,,,,,,,,,,,,,,,,,,,,,,,,,,,,,,,,,,,,,,,,,,,,,,,,,,,,,,,,,,,,,,,,,,,,,,,,,2821.0287099999987,663.0,274.0,20.0,182.0,9.1,3.0,17.0,0.23502064961260188,89.00491899999906,4.26137267371601,2412.943235999999,734.0,308.0,26.0,185.0,7.115384615384615,10.0,17.0,0.30419281690885175,80.9918039999975,3.2918734461118677,,,,,,,,,,,,5,old-old,19.0,,
167,24,320.9539850000001,178.0,65.0,22.0,55.0,2.5,0.0,0.0,0.5545966347792813,14.138551999996707,1.8132993502824863,188.98558400000184,62.0,18.0,2.0,4.0,2.0,4.0,2.0,0.3280673514229498,27.39800799999648,3.0981243278688826,371.72734299999865,83.0,26.0,2.0,8.0,4.0,0.0,0.0,0.22328193382320088,42.3717570000008,4.533260280487789,489.75252900000487,145.0,42.0,8.0,30.0,3.75,0.0,0.0,0.2960678943221926,29.157093999994686,3.4010592291667003,60.22449200000119,64.0,26.0,15.0,25.0,1.6666666666666667,0.0,0.0,1.062690574459287,5.415959999998449,0.9559443174603364,137.9655450000064,36.0,12.0,7.0,10.0,1.4285714285714286,0.0,0.0,0.26093471380842465,27.02036699999735,3.9418727142858967,479.37899100000504,159.0,57.0,9.0,38.0,4.222222222222222,1.0,10.0,0.3316791160754025,18.09798800000135,3.034044246835475,75.57224999999744,41.0,16.0,6.0,13.0,2.1666666666666665,0.0,0.0,0.5425271842508512,12.383304000002681,1.889306249999936,58.33396399999765,37.0,16.0,4.0,11.0,2.75,0.0,0.0,0.6342788568251849,9.098860999998578,1.6203878888888237,55.6725809999989,30.0,11.0,5.0,7.0,1.4,0.0,0.0,0.5388649037126659,16.452797000005376,1.9197441724137552,203.719646000005,82.0,25.0,6.0,17.0,2.8333333333333335,0.0,0.0,0.4025139529252764,19.71257499999774,2.515057358024753,149.90952999999718,54.0,17.0,3.0,5.0,1.6666666666666667,0.0,0.0,0.36021725903617346,12.120216000002983,2.8284816981131544,148.7575020000004,59.0,25.0,7.0,17.0,2.4285714285714284,0.0,1.0,0.39661865255037587,20.296157999997376,2.564784517241386,353.7577220000021,167.0,31.0,7.0,15.0,2.142857142857143,7.0,8.0,0.4720745007511073,24.024358999995457,2.131070614457844,64.97279100000014,35.0,14.0,7.0,9.0,1.2857142857142858,0.0,0.0,0.5386870328534897,14.585441999995965,1.9109644411764748,168.51588300000003,61.0,25.0,6.0,17.0,2.8333333333333335,0.0,0.0,0.361983683164156,23.928202000002784,2.8085980500000005,554.7684000000008,215.0,78.0,17.0,53.0,3.1176470588235294,1.0,6.0,0.38754911058380337,27.16823700000532,2.5923757009345834,242.8626910000021,82.0,28.0,6.0,18.0,3.0,1.0,5.0,0.3376393453533762,16.93327699999645,2.9983048271605197,581.3691190000027,222.0,75.0,16.0,50.0,3.125,1.0,8.0,0.3818572276110162,23.056441000000632,2.630629497737569,220.71955900000466,67.0,21.0,5.0,13.0,2.6,0.0,2.0,0.3035526180985102,23.056441000000632,3.344235742424313,123.68536799999856,40.0,15.0,4.0,9.0,2.25,1.0,2.0,0.323401228834121,13.19135400000232,3.1714196923076554,245.4821729999967,79.0,28.0,7.0,16.0,2.2857142857142856,1.0,3.0,0.3218156293573345,14.735373999996227,3.1472073461538037,559.7964070000016,207.0,67.0,12.0,43.0,3.5833333333333335,1.0,8.0,0.3697772929793017,23.056441000000632,2.717458286407775,5.5015500000008615,9.0,5.0,5.0,4.0,0.8,0.0,0.0,1.6359026092644056,1.6117099999974016,0.6876937500001077,2681.8499539999975,951.0,322.0,22.0,239.0,10.863636363636363,5.0,12.0,0.35460596838446423,43.308980999994674,2.822999951578945,1856.395156999999,806.0,246.0,15.0,169.0,11.266666666666667,7.0,9.0,0.4341748021485495,24.024358999995457,2.3060809403726696,684.4930220000024,254.0,91.0,19.0,62.0,3.263157894736842,1.0,8.0,0.3710775593560384,27.16823700000532,2.705506015810286,2,MCI,8.0,13.0,3.0
169,16,411.8197050000017,182.0,74.0,19.0,65.0,3.4210526315789473,0.0,0.0,0.4419409702602726,21.59227600000304,2.2752469889502858,352.4430629999988,85.0,21.0,3.0,12.0,4.0,4.0,2.0,0.24117370697121734,21.07413899999665,4.195750749999986,377.641349000005,44.0,18.0,2.0,6.0,3.0,0.0,0.0,0.11651266503658056,65.80797700000403,8.782356953488488,450.12346300000354,95.0,31.0,7.0,23.0,3.2857142857142856,0.0,0.0,0.211053206084481,28.039060999995854,4.788547478723442,58.33850900000107,65.0,27.0,11.0,25.0,2.272727272727273,0.0,0.0,1.1141868572609357,5.3152030000055674,0.9115392031250167,268.3634660000025,80.0,21.0,5.0,11.0,2.2,0.0,0.0,0.29810317027280925,14.005811999995785,3.397005898734209,653.3685919999989,262.0,71.0,8.0,43.0,5.375,2.0,22.0,0.4009987673236678,14.020533999995678,2.5033279386973137,162.03478800000448,77.0,28.0,10.0,24.0,2.4,0.0,0.0,0.4752065957589173,12.019602000000305,2.1320366842105853,49.0848960000003,40.0,18.0,8.0,17.0,2.125,0.0,0.0,0.8149146328027211,4.499532000001636,1.2585870769230847,28.625245000002906,20.0,4.0,3.0,3.0,1.0,0.0,0.0,0.6986839763292146,7.472567999997409,1.506591842105416,264.86102300000493,136.0,41.0,7.0,29.0,4.142857142857143,0.0,0.0,0.5134768357365949,10.47808499999519,1.9619335037037402,411.3814679999996,124.0,41.0,6.0,24.0,4.0,0.0,0.0,0.3014233981001792,31.170678000002226,3.3445647804878016,233.45497199999954,109.0,45.0,9.0,35.0,3.888888888888889,0.0,0.0,0.46689945845317105,11.776092000000062,2.161620111111107,644.1385070000033,279.0,74.0,8.0,52.0,6.5,7.0,16.0,0.43313665767228937,28.376172999996925,2.317044989208645,68.45099299999856,27.0,10.0,7.0,8.0,1.1428571428571428,0.0,0.0,0.39444278039911806,30.311705000000075,2.6327304999999446,384.81048899999587,139.0,51.0,8.0,28.0,3.5,0.0,0.0,0.36121676506588546,16.709203999998863,2.7884818043477964,,,,,,,,,,,,,,,,,,,,,,,,,,,,,,,,,,,,,,,,,,,,,,,,,,,,,,,,,,,,,,,,,,,,,,,,,,,,,,,,,,,,,,,,,3228.7825750000047,1122.0,366.0,21.0,280.0,13.333333333333334,6.0,24.0,0.3474993976638388,65.80797700000403,2.8802699152542415,2672.4295739999943,1101.0,352.0,16.0,249.0,15.5625,7.0,16.0,0.41198466395956834,31.170678000002226,2.4294814309090857,,,,,,,,,,,,5,old-old,15.0,,
170,16,242.9778490000026,154.0,65.0,20.0,63.0,3.15,0.0,0.0,0.6338026311196719,10.777219999996305,1.5880905163398864,213.8667970000024,61.0,17.0,4.0,4.0,1.0,6.0,2.0,0.2852242650830896,24.634555999997247,3.564446616666707,290.7365720000016,74.0,28.0,2.0,15.0,7.5,0.0,0.0,0.2545259424741363,19.500620999999228,3.98269276712331,423.92175300000235,99.0,21.0,6.0,16.0,2.6666666666666665,0.0,0.0,0.2335336634635955,23.31648000000132,4.325732173469412,63.6954590000023,68.0,29.0,11.0,27.0,2.4545454545454546,0.0,0.0,1.067580029527655,4.894982000005257,0.9506784925373478,72.32849300000089,27.0,8.0,4.0,6.0,1.5,0.0,0.0,0.3732968693264447,20.33675299999595,2.7818651153846496,343.18338799999765,181.0,62.0,8.0,47.0,5.875,1.0,14.0,0.5274148059870579,10.414805000000342,1.9065743777777646,121.95143000000098,49.0,21.0,7.0,15.0,2.142857142857143,0.0,1.0,0.40179930649439377,40.6584589999984,2.5406547916666873,60.55736700000125,53.0,21.0,8.0,17.0,2.125,0.0,0.0,0.875203177179069,4.726561999996193,1.164564750000024,64.56992300000275,30.0,8.0,6.0,7.0,1.1666666666666667,0.0,0.0,0.4646126029916239,18.467065000004368,2.2265490689656118,168.41259999999602,100.0,30.0,7.0,17.0,2.4285714285714284,0.0,0.0,0.5937798003237428,6.4075620000003255,1.7011373737373334,258.5150339999964,61.0,22.0,5.0,17.0,3.4,0.0,0.0,0.23596306588498392,52.043296000003465,4.30858389999994,297.81553800000256,137.0,51.0,9.0,27.0,3.0,0.0,2.0,0.4600162937099636,13.191479000000982,2.18982013235296,524.2866020000001,246.0,45.0,8.0,25.0,3.125,6.0,8.0,0.4692090148052266,17.63112899999396,2.1399453142857148,75.38198700000066,39.0,15.0,7.0,10.0,1.4285714285714286,0.0,0.0,0.5173649773917429,11.197942000006151,1.9837365000000176,135.94409400000586,60.0,23.0,9.0,15.0,1.6666666666666667,0.0,0.0,0.441357901138371,18.381429000000935,2.3041371864407774,,,,,,,,,,,,,,,,,,,,,,,,,,,,,,,,,,,,,,,,,,,,,,,,,,,,,,,,,,,,,,,,,,,,,,,,,,,,,,,,,,,,,,,,,2232.4445669999986,875.0,311.0,21.0,248.0,11.80952380952381,7.0,17.0,0.3919470220825423,40.6584589999984,2.554284401601829,1870.6364530000064,831.0,252.0,15.0,169.0,11.266666666666667,6.0,10.0,0.4442338321095452,52.043296000003465,2.2537788590361525,,,,,,,,,,,,8,younger adult,,,
171,12,960.2310790000047,393.0,153.0,21.0,127.0,6.0476190476190474,0.0,0.0,0.4092764841659516,33.39457699999912,2.4495690790816447,173.03425399999833,23.0,6.0,2.0,2.0,1.0,4.0,2.0,0.13292165839025274,43.17941900000005,7.865193363636288,237.99395299999742,70.0,30.0,3.0,16.0,5.333333333333333,0.0,0.0,0.294125120061352,38.806737999999314,3.449187724637644,479.1112209999992,111.0,33.0,7.0,26.0,3.7142857142857144,0.0,0.0,0.23167898211259005,24.963438999999198,4.355556554545447,66.90114200000244,73.0,29.0,10.0,25.0,2.5,0.0,0.0,1.0911622405488586,5.80479799999739,0.9291825277778116,198.3320789999998,45.0,21.0,5.0,17.0,3.4,0.0,0.0,0.22689219125263163,78.43992300000536,4.507547249999996,432.40463199999795,197.0,75.0,8.0,53.0,6.625,1.0,6.0,0.4555917893127494,15.674564000000828,2.2061460816326424,99.8183779999963,46.0,22.0,8.0,17.0,2.125,0.0,2.0,0.4608369813422705,21.70243499999924,2.2181861777776954,193.57869700000447,125.0,56.0,9.0,51.0,5.666666666666667,0.0,0.0,0.6457322109157347,12.19864399999642,1.5611185241935843,33.35641700000269,24.0,9.0,6.0,7.0,1.1666666666666667,0.0,0.0,0.7195017378514623,6.162939000001643,1.4502790000001171,203.29883500000142,107.0,35.0,6.0,21.0,3.5,0.0,0.0,0.5263188055160241,7.410762999999861,1.9179135377358625,211.42022200000065,96.0,42.0,10.0,31.0,3.1,0.0,2.0,0.4540719856022084,11.798075000006065,2.2254760210526383,,,,,,,,,,,,,,,,,,,,,,,,,,,,,,,,,,,,,,,,,,,,,,,,,,,,,,,,,,,,,,,,,,,,,,,,,,,,,,,,,,,,,,,,,,,,,,,,,,,,,,,,,,,,,,,,,,,,,,,,,,,,,,,,,,,,,3136.555604000001,1116.0,427.0,22.0,330.0,15.0,5.0,10.0,0.3558043092163845,78.43992300000536,2.8130543533632295,887.7971640000032,438.0,172.0,17.0,131.0,7.705882352941177,0.0,2.0,0.49335593507257297,42.81056400000671,2.0315724576659115,,,,,,,,,,,,4,young-old,13.0,,
172,24,168.82762999999977,108.0,46.0,20.0,41.0,2.05,0.0,0.0,0.639705716416206,10.728880000002391,1.5778283177570072,155.49113000000216,25.0,5.0,1.0,0.0,0.0,4.0,2.0,0.1607808754107045,39.26249000000098,6.478797083333423,137.55158999999549,39.0,16.0,2.0,8.0,4.0,0.0,0.0,0.2835299831866813,14.340290000000095,3.6197786842104076,427.6149499999956,102.0,33.0,8.0,22.0,2.75,0.0,2.0,0.23853235252883712,34.99137000000337,4.23381138613857,51.784630000001926,58.0,24.0,15.0,21.0,1.4,0.0,0.0,1.120023450973732,4.33698000000004,0.9085022807017882,101.66861000000063,22.0,12.0,4.0,11.0,2.75,0.0,0.0,0.21638930639456824,65.82529000000068,4.841362380952411,443.01584,133.0,50.0,8.0,35.0,4.375,0.0,12.0,0.3002149990844571,33.12414999999601,3.3561806060606063,46.31330000000162,35.0,17.0,9.0,15.0,1.6666666666666667,0.0,1.0,0.7557224382628485,7.942829999999958,1.3621558823529887,66.61813999999868,28.0,11.0,4.0,6.0,1.5,0.0,0.0,0.4203059406942397,17.19517000000633,2.4673385185184693,30.8998700000011,26.0,8.0,5.0,6.0,1.2,0.0,0.0,0.841427488206231,6.2078699999983655,1.235994800000044,143.60071000000607,82.0,28.0,6.0,18.0,3.0,0.0,0.0,0.5710278173415475,7.04265000000305,1.7728482716050133,108.48792999999569,32.0,9.0,2.0,4.0,2.0,0.0,0.0,0.2949636885873043,14.008709999994608,3.4996106451611513,148.37721999999485,53.0,20.0,8.0,14.0,1.75,0.0,1.0,0.35719768843223937,17.934990000001562,2.8534080769229777,434.7667599999986,217.0,36.0,6.0,21.0,3.5,4.0,2.0,0.49911819385640405,9.686190000000352,2.0128090740740676,81.02292000000307,48.0,18.0,7.0,13.0,1.8571428571428572,0.0,0.0,0.5924249582710446,9.038650000002235,1.7238919148936822,106.23792999999569,33.0,10.0,5.0,7.0,1.4,0.0,0.0,0.3106235221262438,12.022509999995236,3.319935312499865,106.17665000000125,24.0,9.0,2.0,4.0,2.0,0.0,0.0,0.22603839921489063,16.687259999998787,4.616376086956576,230.7681900000025,80.0,32.0,9.0,26.0,2.888888888888889,0.0,5.0,0.34666823014038084,33.732270000000426,2.9211163291139557,199.7027700000035,79.0,31.0,12.0,27.0,2.25,0.0,6.0,0.39558790296198,12.354809999997087,2.560291923076968,96.87894000000233,25.0,11.0,5.0,7.0,1.4,0.0,0.0,0.2580540208222695,33.732270000000426,4.036622500000097,25.886160000001837,8.0,3.0,2.0,2.0,1.0,0.0,1.0,0.3090454513145029,11.858659999998054,3.6980228571431195,187.22344000000157,64.0,24.0,8.0,20.0,2.5,0.0,6.0,0.34183753914573656,12.354809999997087,2.97180063492066,165.88981000000058,61.0,24.0,9.0,18.0,2.0,0.0,2.0,0.36771396627677,33.732270000000426,2.7648301666666764,3.709020000002056,5.0,4.0,4.0,3.0,0.75,0.0,0.0,1.348064987516171,2.6203700000041863,0.927255000000514,1978.2903299999962,647.0,254.0,21.0,193.0,9.19047619047619,4.0,17.0,0.32705007459648316,65.82529000000068,3.062368931888539,1395.1007399999944,631.0,175.0,14.0,111.0,7.928571428571429,4.0,3.0,0.45229708644552974,17.934990000001562,2.21444561904761,441.06932000000234,147.0,59.0,15.0,48.0,3.2,0.0,8.0,0.33328094549854254,33.732270000000426,3.0210227397260434,8,younger adult,8.0,9.0,4.0
173,22,223.2281210000001,346.0,120.0,20.0,105.0,5.25,0.0,4.0,1.5499839287721275,6.727271000003384,0.6470380318840583,173.18213000000105,103.0,43.0,6.0,21.0,3.5,0.0,0.0,0.5947495853065173,13.141444000000774,1.6978640196078534,264.0790179999967,172.0,76.0,4.0,37.0,9.25,0.0,0.0,0.6513202044700201,9.219236000004457,1.5443217426900393,540.9860879999978,396.0,158.0,11.0,99.0,9.0,0.0,0.0,0.7319966423979494,35.653714000000036,1.369585032911387,52.309643000000506,98.0,31.0,11.0,27.0,2.4545454545454546,0.0,4.0,1.8734595454990786,3.5534780000016326,0.539274670103098,166.13771400000405,188.0,77.0,11.0,69.0,6.2727272727272725,0.0,0.0,1.1315913495715693,6.317139999999199,0.8884369732620537,318.1797910000023,232.0,93.0,8.0,65.0,8.125,0.0,0.0,0.7291475026457551,13.954712999999174,1.3774016926407027,92.5170200000066,135.0,60.0,10.0,54.0,5.4,0.0,1.0,1.4591909683211843,4.646205999997619,0.690425522388109,129.034504999996,114.0,49.0,17.0,39.0,2.2941176470588234,0.0,1.0,0.8834846152198091,11.656713000003947,1.1418982743362476,64.42136799999571,76.0,30.0,8.0,23.0,2.875,0.0,0.0,1.1797327867983969,12.891852000000654,0.8589515733332761,53.07284400000208,33.0,14.0,6.0,9.0,1.5,0.0,0.0,0.621786916110972,14.59823999999935,1.658526375000065,216.70621599999868,67.0,28.0,5.0,17.0,3.4,0.0,0.0,0.3091743339748058,34.293595000002824,3.283427515151495,93.09709300000395,134.0,57.0,9.0,46.0,5.111111111111111,0.0,1.0,1.439357510335949,4.5295679999981076,0.6999781428571725,404.2852249999996,359.0,139.0,12.0,107.0,8.916666666666666,0.0,6.0,0.8879869404082238,14.633436000003712,1.1292883379888259,148.9284789999947,142.0,58.0,10.0,43.0,4.3,0.0,0.0,0.9534778099761904,12.864625999995042,1.0562303475176928,248.46714300000167,135.0,63.0,7.0,38.0,5.428571428571429,0.0,0.0,0.543331397342944,29.3549850000054,1.8542324104477736,906.3884059999982,288.0,127.0,11.0,75.0,6.818181818181818,0.0,2.0,0.31774457626943714,53.2145490000039,3.158147756097555,,,,,,,,,,,,36.53246399999625,81.0,36.0,13.0,33.0,2.5384615384615383,0.0,1.0,2.217206044465227,2.248662999998487,0.45665579999995315,,,,,,,,,,,,1162.5533349999969,432.0,192.0,11.0,116.0,10.545454545454545,0.0,4.0,0.37159585456782607,53.2145490000039,2.697339524361942,793.2348330000023,290.0,126.0,10.0,70.0,7.0,0.0,4.0,0.36559161037245974,53.2145490000039,2.7447572076124644,900.188906000003,407.0,179.0,17.0,109.0,6.411764705882353,0.0,5.0,0.45212732270663936,53.2145490000039,2.2172140541871994,4.742753999998968,9.0,5.0,5.0,4.0,0.8,0.0,0.0,1.8976316292183737,2.088875999994343,0.592844249999871,2212.9734980000067,2147.0,852.0,25.0,649.0,25.96,0.0,9.0,0.9701878499405299,35.653714000000036,1.031208526561047,1817.8420659999974,1654.0,690.0,25.0,552.0,22.08,0.0,8.0,0.9098700216787713,34.293595000002824,1.0997229679370826,1219.3919349999996,531.0,237.0,20.0,156.0,7.8,0.0,5.0,0.4354629424377816,53.2145490000039,2.3007394999999993,2,MCI,16.0,,
174,15,278.96615600000223,174.0,71.0,20.0,66.0,3.3,0.0,0.0,0.623731575524877,13.115163000002212,1.6125211329479898,301.1896510000006,83.0,21.0,2.0,7.0,3.5,4.0,2.0,0.2755738775367147,24.00003299999662,3.673044524390251,328.4095429999943,82.0,17.0,2.0,6.0,3.0,0.0,0.0,0.24968823759180903,19.087509999997565,4.054438802469066,598.9156749999966,188.0,53.0,9.0,32.0,3.5555555555555554,0.0,0.0,0.3139006171444771,24.662280999997165,3.202757620320837,71.07283900000039,73.0,31.0,10.0,28.0,2.8,0.0,0.0,1.0271152950566615,6.449377000004461,0.9871227638888942,214.1115460000001,58.0,14.0,5.0,6.0,1.2,0.0,0.0,0.27088683951681886,18.262864999996964,3.7563429122807035,981.9284019999977,274.0,56.0,8.0,40.0,5.0,5.0,14.0,0.27904274837342025,18.013959000003524,3.596807333333325,42.489377999998396,23.0,8.0,5.0,6.0,1.2,0.0,1.0,0.5413117603180934,11.567817000002833,1.9313353636362907,,,,,,,,,,,,40.07879800000228,26.0,11.0,5.0,8.0,1.6,0.0,0.0,0.6487220499975703,7.456137000001036,1.6031519200000912,302.11173200000485,176.0,67.0,12.0,55.0,4.583333333333333,0.0,4.0,0.582565922994335,16.90460599999642,1.726352754285742,582.2059240000017,161.0,44.0,8.0,35.0,4.375,0.0,0.0,0.27653445862223747,26.0262950000033,3.6387870250000107,272.353989999996,69.0,19.0,6.0,14.0,2.3333333333333335,0.0,0.0,0.2533467565501832,36.02940899999521,4.005205735294059,432.53542000000016,142.0,32.0,6.0,17.0,2.8333333333333335,10.0,12.0,0.32829681324132937,30.10682000000088,3.067627092198583,130.85217199999897,45.0,17.0,6.0,13.0,2.1666666666666665,0.0,0.0,0.343899526558874,34.40121000000363,2.9739129999999765,235.84024900000077,68.0,24.0,5.0,12.0,2.4,0.0,0.0,0.2883307674933797,30.17023199999676,3.520003716417922,,,,,,,,,,,,,,,,,,,,,,,,,,,,,,,,,,,,,,,,,,,,,,,,,,,,,,,,,,,,,,,,,,,,,,,,,,,,,,,,,,,,,,,,,3515.678208999998,1280.0,356.0,22.0,258.0,11.727272727272727,9.0,17.0,0.36408337848533756,24.662280999997165,2.7487710781860812,2515.2484440000044,891.0,261.0,15.0,195.0,13.0,10.0,18.0,0.3542393603802577,36.02940899999521,2.826121847191016,,,,,,,,,,,,7,at risk,17.0,,
175,22,339.0275179999953,221.0,86.0,22.0,76.0,3.4545454545454546,0.0,0.0,0.6518644896547986,10.55012600000191,1.5410341727272514,204.57977199999732,68.0,24.0,5.0,7.0,1.4,4.0,2.0,0.3323886781924896,14.815968000002613,3.053429432835781,129.0692310000013,26.0,9.0,2.0,1.0,0.5,0.0,0.0,0.20144227867910466,33.72386800000095,5.162769240000053,426.2110329999996,143.0,50.0,11.0,35.0,3.1818181818181817,0.0,0.0,0.33551454309724577,29.35568300000159,3.001486147887321,86.63667700000224,79.0,29.0,10.0,26.0,2.6,0.0,0.0,0.911853994584741,13.225190000004659,1.1107266282051569,152.99266100000386,35.0,15.0,5.0,10.0,2.0,0.0,0.0,0.22876914337740106,48.61693199999718,4.4997841470589375,351.2887799999953,175.0,57.0,8.0,36.0,4.5,1.0,8.0,0.49816564024618815,20.006827000004705,2.018901034482732,98.30472000000009,31.0,13.0,7.0,11.0,1.5714285714285714,0.0,0.0,0.31534599762859783,32.036423000005016,3.276824000000003,130.98248899999453,73.0,30.0,7.0,26.0,3.7142857142857144,0.0,0.0,0.5573264071963318,7.004413000002387,1.8192012361110352,52.0946299999996,31.0,12.0,6.0,10.0,1.6666666666666667,0.0,0.0,0.595070931495247,8.996123999997508,1.7364876666666533,227.16849999999977,116.0,42.0,5.0,33.0,6.6,0.0,0.0,0.5106341768334963,21.30534799999441,1.9753782608695631,,,,,,,,,,,,420.11273300000175,167.0,66.0,18.0,58.0,3.2222222222222223,0.0,3.0,0.39751235057186257,40.62062700000388,2.5307995963855525,438.9677049999955,167.0,37.0,6.0,15.0,2.5,4.0,8.0,0.3804380096708976,28.741496999995434,2.6443837650602138,,,,,,,,,,,,223.95228000000498,48.0,14.0,5.0,9.0,1.8,0.0,0.0,0.2143313745231749,34.39174400000047,4.764942127659681,378.985268000004,78.0,25.0,10.0,10.0,1.0,0.0,0.0,0.20581274942855873,40.77060199999687,4.921886597402649,290.3368010000049,148.0,50.0,10.0,34.0,3.4,0.0,6.0,0.5097528094621304,10.411955000003218,1.9750802789115982,25.40758800000185,28.0,12.0,8.0,9.0,1.125,0.0,0.0,1.1020329832173743,6.053204000003461,0.9410217777778463,258.43958399999974,180.0,66.0,15.0,57.0,3.8,9.0,6.0,0.6964877330865854,9.279570999999123,1.4437965586592165,80.71574200000032,52.0,16.0,7.0,11.0,1.5714285714285714,0.0,4.0,0.6442361639938811,7.431193999997049,1.5826616078431435,202.12561099999584,124.0,43.0,11.0,37.0,3.3636363636363638,9.0,6.0,0.6134799018616327,9.279570999999123,1.6432976504064702,97.98377400000027,89.0,37.0,15.0,32.0,2.1333333333333333,0.0,2.0,0.9083136560957507,9.279570999999123,1.1134519772727303,303.80885800000397,163.0,56.0,10.0,40.0,4.0,0.0,6.0,0.5365215519818645,10.411955000003218,1.8753633209876788,2619.3297699999966,1119.0,394.0,30.0,293.0,9.766666666666667,5.0,10.0,0.4272085221251089,48.61693199999718,2.342870992844362,2329.886842,814.0,246.0,25.0,192.0,7.68,4.0,12.0,0.34937319071738854,40.62062700000388,2.8657894735547353,961.1220640000029,425.0,149.0,22.0,109.0,4.954545454545454,9.0,12.0,0.44219149254698487,40.77060199999687,2.2667973207547236,3,middle-aged,14.0,3.0,14.0
177,24,357.664506000001,195.0,74.0,19.0,68.0,3.5789473684210527,0.0,0.0,0.5452036663654835,11.097642000000633,1.8436314742268092,228.19803399999364,71.0,17.0,2.0,4.0,2.0,4.0,2.0,0.31113326769503186,13.587594999997236,3.2599719142856234,196.61826199999632,65.0,19.0,2.0,10.0,5.0,0.0,0.0,0.33058984114100864,17.212336999997206,3.0721603437499425,396.4084129999974,105.0,27.0,10.0,21.0,2.1,0.0,0.0,0.264878333952011,26.032783000002382,3.8116193557692055,49.51139900000271,53.0,23.0,9.0,22.0,2.4444444444444446,0.0,0.0,1.0704605620212246,4.52635900000314,0.9521422884615907,116.62262800000462,39.0,14.0,7.0,10.0,1.4285714285714286,0.0,0.0,0.3344119461962258,14.344242999999551,3.0690165263159113,314.9213000000018,130.0,39.0,7.0,21.0,3.0,0.0,10.0,0.4128015475612455,12.019728999999643,2.441250387596913,46.925695999998425,31.0,13.0,10.0,12.0,1.2,0.0,1.0,0.6606188643424925,25.629401999998663,1.564189866666614,20.969861999998102,31.0,15.0,14.0,14.0,1.0,0.0,0.0,1.4783120651915975,4.8478699999977835,0.6989953999999368,35.112843999995675,22.0,7.0,5.0,5.0,1.0,0.0,0.0,0.6265513553958406,7.615575000003446,1.6720401904759845,102.87439900000027,48.0,17.0,7.0,13.0,1.8571428571428572,0.0,0.0,0.4665883880400592,13.525176999995892,2.1888170000000056,220.72679100000096,69.0,22.0,2.0,14.0,7.0,0.0,0.0,0.31260364764692156,17.46641400000226,3.2459822205882496,199.0293359999996,71.0,30.0,10.0,23.0,2.3,0.0,0.0,0.3567313313048492,18.068476000000373,2.843276228571423,307.55545600000187,127.0,40.0,6.0,22.0,3.6666666666666665,4.0,6.0,0.41293365967794515,26.77234299999691,2.4409163174603323,54.22190299999784,31.0,13.0,7.0,10.0,1.4285714285714286,0.0,0.0,0.571724677387314,7.088564000005135,1.8073967666665947,123.99877500000002,35.0,13.0,5.0,7.0,1.4,0.0,0.0,0.28226085298020076,16.37013499999739,3.647022794117648,94.10805499999697,25.0,9.0,2.0,4.0,2.0,0.0,0.0,0.26565207409717273,16.07183300000179,3.9211689583332068,221.5030509999997,105.0,35.0,6.0,28.0,4.666666666666667,1.0,12.0,0.47403410258218137,42.01643099999637,2.129837028846151,21.632141000001866,24.0,11.0,6.0,10.0,1.6666666666666667,0.0,0.0,1.1094602240248863,3.623120000003837,0.9405278695652985,30.53133300000627,27.0,14.0,9.0,13.0,1.4444444444444444,0.0,0.0,0.8843374116680217,6.3798639999949955,1.1742820384617796,25.57769100000587,18.0,6.0,4.0,4.0,1.0,1.0,2.0,0.703738269415948,5.730454999997164,1.5045700588238748,111.98619899999903,64.0,25.0,6.0,20.0,3.3333333333333335,0.0,8.0,0.5714989933715007,21.973433999999543,1.777558714285699,357.5223179999957,200.0,74.0,14.0,63.0,4.5,1.0,16.0,0.5594056368811147,42.01643099999637,1.796594562814049,8.611505000000761,19.0,11.0,11.0,10.0,0.9090909090909091,0.0,0.0,2.206350690152107,3.0279439999940223,0.47841694444448674,2257.0565480000005,953.0,318.0,31.0,251.0,8.096774193548388,4.0,17.0,0.4222313352514196,26.032783000002382,2.3708577184873953,1405.174294999997,547.0,190.0,24.0,139.0,5.791666666666667,4.0,6.0,0.38927555246803114,26.77234299999691,2.5735792948717897,483.541201,249.0,94.0,16.0,79.0,4.9375,1.0,16.0,0.5149509483060576,42.01643099999637,1.9497629072580644,8,younger adult,13.0,10.0,5.0
178,24,300.95552200000384,128.0,62.0,23.0,48.0,2.0869565217391304,0.0,0.0,0.4253120167039114,11.024000999997952,2.3697285196850695,195.0434699999969,10.0,1.0,1.0,0.0,0.0,4.0,2.0,0.05127062187726746,172.9489160000012,21.67149666666632,342.02286900000036,62.0,21.0,2.0,2.0,1.0,0.0,0.0,0.18127442817281303,34.9827129999976,5.6069322786885305,461.9962879999948,67.0,18.0,4.0,11.0,2.75,0.0,0.0,0.14502281022656344,90.00498599999992,6.999536575757564,84.01767500000278,49.0,24.0,9.0,20.0,2.2222222222222223,0.0,0.0,0.5832106160995097,13.999756999997771,1.7503682291667246,125.98948299999756,27.0,10.0,3.0,7.0,2.3333333333333335,0.0,0.0,0.21430360183318256,35.99130200000218,4.845749346153752,376.9617380000054,81.0,27.0,7.0,16.0,2.2857142857142856,0.0,4.0,0.21487591931677383,35.00297100000171,4.712021725000068,123.95256299999892,52.0,20.0,9.0,16.0,1.7777777777777777,0.0,2.0,0.41951532700457717,40.092014000001654,2.430442411764685,59.00132399999711,34.0,14.0,5.0,7.0,1.4,0.0,0.0,0.5762582548147845,6.987431000001379,1.7879189090908216,47.969546000000264,23.0,8.0,5.0,5.0,1.0,0.0,0.0,0.47947087095633284,10.946578000002773,2.179561909091056,203.9718900000007,77.0,30.0,6.0,15.0,2.5,0.0,0.0,0.37750299808468574,16.917316999999457,2.6838406578947462,158.00209999999788,38.0,10.0,3.0,2.0,0.6666666666666666,0.0,0.0,0.24050313255330474,30.005999000000884,4.27032702702697,149.97589799999696,50.0,16.0,7.0,13.0,1.8571428571428572,0.0,2.0,0.33338690194074394,20.004098000004888,3.060732612244836,357.0486299999975,101.0,25.0,6.0,7.0,1.1666666666666667,2.0,10.0,0.2828746325115453,18.00106300000334,3.570486299999975,100.95683199999621,43.0,14.0,6.0,6.0,1.0,0.0,0.0,0.4259246169689795,9.037592000000586,2.403734095238005,208.97740700000577,56.0,17.0,4.0,4.0,1.0,0.0,0.0,0.2679715515849924,25.963922999995702,3.799589218181923,13.690429999995104,10.0,5.0,2.0,4.0,2.0,0.0,0.0,0.7304372470407121,4.86076999999932,1.521158888888345,368.0223200000037,137.0,60.0,18.0,45.0,2.5,0.0,6.0,0.3722600303155489,41.59900000000198,2.7060464705882623,121.98653999999806,53.0,22.0,11.0,16.0,1.4545454545454546,0.0,2.0,0.4344741641168021,41.59900000000198,2.3458949999999628,328.8700299999982,121.0,53.0,13.0,42.0,3.230769230769231,0.0,7.0,0.36792650275855376,41.59900000000198,2.7405835833333185,394.93894,148.0,62.0,18.0,47.0,2.611111111111111,0.0,6.0,0.37474147269448793,41.59900000000198,2.686659455782313,110.44119000000501,54.0,25.0,11.0,19.0,1.7272727272727273,0.0,2.0,0.488948009343231,41.59900000000198,2.0837960377359437,308.03865999999834,114.0,46.0,14.0,35.0,2.5,0.0,4.0,0.3700834174515647,41.59900000000198,2.72600584070795,4.633350000003702,7.0,6.0,6.0,5.0,0.8333333333333334,0.0,0.0,1.5107859324234965,1.8707500000018626,0.772225000000617,2439.991654999998,564.0,223.0,25.0,157.0,6.28,4.0,8.0,0.23114833152984715,172.9489160000012,4.33391057726465,1498.9249950000012,514.0,164.0,14.0,84.0,6.0,2.0,12.0,0.3429124217119347,30.005999000000884,2.9218810818713474,495.0324699999983,193.0,85.0,22.0,68.0,3.090909090909091,0.0,7.0,0.3898734157781623,41.59900000000198,2.5782941145833242,4,young-old,13.0,9.0,5.0
180,16,149.97920199999498,81.0,36.0,17.0,33.0,1.9411764705882353,0.0,0.0,0.5400748831828209,12.931298000003153,1.8747400249999373,165.94946000000346,27.0,9.0,1.0,0.0,0.0,4.0,2.0,0.16270013774072803,36.97896999999648,6.382671538461671,116.99309699999867,19.0,9.0,2.0,3.0,1.5,0.0,0.0,0.1624027441550694,36.08843999999954,6.499616499999926,515.0597970000017,67.0,20.0,6.0,5.0,0.8333333333333334,0.0,0.0,0.13008198347113428,50.004099000005226,7.803936318181844,47.01307000000088,51.0,24.0,9.0,22.0,2.4444444444444446,0.0,0.0,1.084804714944143,7.040589999996882,0.9402614000000176,101.02032499999768,35.0,12.0,3.0,7.0,2.3333333333333335,0.0,0.0,0.346464931685785,12.053149999999732,2.9711860294116965,355.0003119999965,119.0,36.0,6.0,15.0,2.5,0.0,16.0,0.3352109729976834,38.00268800000049,3.0084772203389534,53.03566700000374,42.0,18.0,4.0,14.0,3.5,0.0,1.0,0.7919198979810518,7.943974000001617,1.2924006585366796,93.02756499999668,44.0,19.0,6.0,17.0,2.8333333333333335,0.0,0.0,0.47297808988122575,13.955174000002444,2.1634317441859694,45.00497000000178,19.0,7.0,4.0,5.0,1.25,0.0,0.0,0.4221755952731276,12.94317299999966,2.50027611111121,110.99695799999608,38.0,12.0,6.0,9.0,1.5,0.0,0.0,0.34235172463015917,13.018878000002587,2.999917783783678,109.05221399999573,40.0,19.0,12.0,14.0,1.1666666666666667,0.0,1.0,0.36679677131545046,27.950095000000147,2.796210615384506,178.07839700000477,87.0,37.0,16.0,32.0,2.0,0.0,1.0,0.4885488721015254,12.964084999999614,2.0697633837209946,391.94343200000003,106.0,20.0,3.0,2.0,0.6666666666666666,4.0,8.0,0.27044719045068727,33.94918599999801,3.7327945904761908,96.91507199999614,36.0,15.0,6.0,6.0,1.0,0.0,0.0,0.37145925042496414,15.008970999995654,2.769002057142747,201.06388799999695,55.0,25.0,4.0,8.0,2.0,0.0,0.0,0.2735448943472178,27.030157000001054,3.7223855555554715,,,,,,,,,,,,,,,,,,,,,,,,,,,,,,,,,,,,,,,,,,,,,,,,,,,,,,,,,,,,,,,,,,,,,,,,,,,,,,,,,,,,,,,,,2070.972081,619.0,217.0,19.0,133.0,7.0,4.0,19.0,0.29889345475922907,50.004099000005226,3.3510875097087376,2011.0059859999965,808.0,290.0,30.0,195.0,6.5,4.0,11.0,0.4017889581756826,33.94918599999801,2.491952894671619,,,,,,,,,,,,4,young-old,18.0,,
181,21,79.95994999999675,73.0,35.0,20.0,31.0,1.55,0.0,0.0,0.9129570491227541,5.599320000001171,1.110554861111066,178.61884999999893,45.0,18.0,2.0,10.0,5.0,4.0,2.0,0.251933096646856,24.31194000000687,4.059519318181794,157.54953999999998,53.0,25.0,5.0,16.0,3.2,0.0,0.0,0.33640212469043074,16.559650000002875,3.0297988461538456,541.1840000000011,173.0,67.0,5.0,40.0,8.0,0.0,0.0,0.3196694654683059,24.021660000005795,3.1464186046511693,51.25937999999587,53.0,24.0,9.0,23.0,2.5555555555555554,0.0,0.0,1.0339571020953486,6.881000000001222,0.9857573076922284,124.11321999999927,29.0,12.0,6.0,11.0,1.8333333333333333,0.0,0.0,0.23365762325721764,39.755040000003646,4.432614999999974,456.14826000000176,134.0,58.0,8.0,36.0,4.5,0.0,2.0,0.29376413712506433,18.890769999998156,3.429686165413547,71.29728000000614,51.0,23.0,7.0,20.0,2.857142857142857,0.0,1.0,0.7153148058382537,11.012770000001183,1.4259456000001227,50.49884999999631,14.0,8.0,3.0,5.0,1.6666666666666667,0.0,0.0,0.27723403602262275,16.978510000000824,3.8845269230766393,120.72875000000204,41.0,20.0,5.0,15.0,3.0,0.0,0.0,0.3396042781855963,10.693099999996775,3.018218750000051,,,,,,,,,,,,61.28161000000546,24.0,11.0,2.0,2.0,1.0,0.0,0.0,0.39163461926013143,10.648480000003474,2.664417826087194,263.7114999999976,117.0,57.0,9.0,51.0,5.666666666666667,0.0,0.0,0.4436666584506215,20.471929999999702,2.2733749999999793,583.6239600000044,161.0,64.0,7.0,44.0,6.285714285714286,2.0,2.0,0.2758625605432628,34.43888999999763,3.647649750000028,90.8029100000058,30.0,16.0,7.0,10.0,1.4285714285714286,0.0,0.0,0.330385887412618,19.416900000003807,3.131134827586407,78.43512000000192,31.0,15.0,6.0,9.0,1.5,0.0,0.0,0.39523111585727466,8.57828999999765,2.6145040000000637,,,,,,,,,,,,,,,,,,,,,,,10.398189999999886,15.0,7.0,7.0,6.0,0.8571428571428571,0.0,0.0,1.4425587530137616,2.721830000002228,0.742727857142849,148.40967000000092,39.0,20.0,8.0,17.0,2.125,0.0,1.0,0.2627861109050358,65.51525000000402,3.9055176315789715,54.840790000002016,8.0,4.0,3.0,2.0,0.6666666666666666,0.0,0.0,0.1458768190611351,33.17979999999807,7.834398571428859,214.80857999999716,68.0,32.0,15.0,25.0,1.6666666666666667,0.0,0.0,0.31656091204551,33.17979999999807,3.2060982089551815,316.1894600000014,91.0,42.0,13.0,33.0,2.5384615384615383,0.0,1.0,0.28780212977371095,65.51525000000402,3.513216222222238,5.345059999999648,9.0,5.0,5.0,4.0,0.8,0.0,0.0,1.6837977496979626,1.6139600000024075,0.668132499999956,2188.3844800000006,817.0,358.0,20.0,269.0,13.45,4.0,5.0,0.37333476245453895,39.755040000003646,2.681843725490197,1852.808189999996,653.0,291.0,19.0,222.0,11.68421052631579,2.0,2.0,0.35243799305528833,34.43888999999763,2.84173035276073,522.5747400000037,147.0,69.0,18.0,54.0,3.0,0.0,1.0,0.2812994749803616,65.51525000000402,3.5792790410959157,2,MCI,23.0,17.0,4.0
182,22,173.88923200000136,110.0,40.0,10.0,36.0,3.6,0.0,0.0,0.632586611228458,8.059570999997959,1.595314055045884,143.1292109999995,34.0,5.0,2.0,1.0,0.5,4.0,2.0,0.2375475960668862,20.004201000003377,4.337248818181803,195.4422390000036,62.0,26.0,2.0,12.0,6.0,0.0,0.0,0.31722927611363916,11.959199999997509,3.2039711311476,422.8523999999961,96.0,31.0,6.0,16.0,2.6666666666666665,0.0,0.0,0.22702957343981228,24.468951999995625,4.451077894736802,72.1964350000053,85.0,37.0,11.0,34.0,3.090909090909091,0.0,0.0,1.1773434519307466,6.008927999995649,0.8594813690476821,,,,,,,,,,,,297.1024959999995,132.0,32.0,8.0,25.0,3.125,3.0,10.0,0.4442911176350407,12.01003800000035,2.2679579847328206,51.32717899999989,31.0,12.0,6.0,9.0,1.5,0.0,1.0,0.6039685134458699,11.999998000006599,1.7109059666666628,73.77505099999689,62.0,25.0,8.0,22.0,2.75,0.0,0.0,0.840392506133308,6.010508000006666,1.2094270655737196,,,,,,,,,,,,164.8612690000009,102.0,34.0,7.0,27.0,3.857142857142857,0.0,0.0,0.6187020190897563,6.063524999997753,1.6322897920792168,140.14268399999855,52.0,16.0,2.0,10.0,5.0,0.0,0.0,0.3710504074547376,9.02473800000007,2.747895764705854,114.4059649999981,48.0,17.0,8.0,15.0,1.875,0.0,0.0,0.41955854312317364,15.810049000006984,2.434169468085066,403.47246799999994,202.0,39.0,6.0,24.0,4.0,6.0,10.0,0.5006537397738872,19.045118999994884,2.007325711442786,50.87877699999808,27.0,10.0,7.0,9.0,1.2857142857142858,0.0,0.0,0.5306731331219109,10.565830000006827,1.9568760384614647,151.96890500000154,48.0,15.0,5.0,10.0,2.0,0.0,0.0,0.3158540887032088,18.386990999999398,3.2333809574468413,237.40567599999486,47.0,15.0,2.0,4.0,2.0,0.0,0.0,0.19797336269247842,20.01941799999622,5.1609929565216275,406.2030640000012,150.0,52.0,11.0,35.0,3.1818181818181817,2.0,8.0,0.3692734331516504,20.01941799999622,2.7261950604026923,85.80388899999525,59.0,19.0,9.0,16.0,1.7777777777777777,0.0,6.0,0.6876145205959519,6.423412999996799,1.4793773965516424,39.448818000004394,27.0,9.0,6.0,5.0,0.8333333333333334,2.0,1.0,0.6844311532983572,7.721144000002823,1.5172622307693997,26.22083500000008,18.0,4.0,1.0,0.0,0.0,2.0,0.0,0.6864769943443809,5.8194710000025225,1.542402058823534,73.65788000000612,33.0,8.0,3.0,5.0,1.6666666666666667,0.0,3.0,0.4480172386172024,11.19488000000274,2.301808750000191,421.8193029999966,169.0,60.0,14.0,42.0,3.0,2.0,9.0,0.40064548681879875,20.01941799999622,2.5108291845237893,31.117310999994515,32.0,17.0,7.0,15.0,2.142857142857143,0.0,2.0,1.028366493493144,4.529865000004065,1.0037842258062748,2109.1321580000003,827.0,261.0,17.0,203.0,11.941176470588236,7.0,13.0,0.3921044003161038,28.314939000003505,2.553428762711865,1677.2833519999986,764.0,210.0,15.0,168.0,11.2,6.0,10.0,0.4554984696467676,19.045118999994884,2.198274380078635,430.26599699999497,178.0,64.0,16.0,46.0,2.875,2.0,9.0,0.4136975760136632,20.01941799999622,2.4308813389830224,3,middle-aged,12.0,12.0,5.0
183,7,323.43161999999575,85.0,40.0,9.0,34.0,3.7777777777777777,0.0,0.0,0.26280671011696727,34.02294999999867,3.8503764285713777,762.096709999998,166.0,66.0,21.0,60.0,2.857142857142857,0.0,3.0,0.21782012416770627,88.57476999999926,4.618767939393927,340.07618999999977,84.0,28.0,3.0,10.0,3.3333333333333335,0.0,0.0,0.24700347295704547,30.046040000001085,4.097303493975901,,,,,,,,,,,,214.17695999999705,118.0,41.0,14.0,33.0,2.357142857142857,0.0,0.0,0.5509462829241839,12.009689999998955,1.8305723076922824,,,,,,,,,,,,,,,,,,,,,,,138.75383999999758,56.0,18.0,7.0,15.0,2.142857142857143,0.0,1.0,0.4035924339103046,14.029370000003837,2.522797090909047,,,,,,,,,,,,47.57648999999947,23.0,8.0,5.0,5.0,1.0,0.0,0.0,0.48343204805567325,7.462859999999637,2.162567727272703,124.33144999999786,51.0,18.0,6.0,13.0,2.1666666666666665,0.0,0.0,0.4101938809528955,20.854679999996733,2.486628999999957,,,,,,,,,,,,,,,,,,,,,,,,,,,,,,,,,,,,,,,,,,,,,,,,,,,,,,,,,,,,,,,,,,,,,,,,,,,,,,,,,,,,,,,,,,,,,,,,,,,,,,,,,,,,,,,,,,,,,,,,,,,,,,,,,,,,,,,,,,,,,,,,2235.7169499999945,698.0,273.0,27.0,227.0,8.407407407407407,0.0,7.0,0.312204100791919,88.57476999999926,3.207628335724526,251.42848999999842,98.0,33.0,6.0,25.0,4.166666666666667,0.0,0.0,0.3897728535059834,20.854679999996733,2.5920462886597777,,,,,,,,,,,,1,dementia,,,
184,23,177.18092199999955,333.0,101.0,21.0,92.0,4.380952380952381,0.0,6.0,1.8794348524724396,9.953714000002947,0.5336774759036131,152.29013799999666,155.0,56.0,6.0,44.0,7.333333333333333,0.0,0.0,1.0177940740982414,13.095499000002746,0.9888969999999783,345.9178759999995,157.0,63.0,5.0,38.0,7.6,0.0,0.0,0.4538649514603293,24.542506000005233,2.217422282051279,513.348748999997,215.0,80.0,8.0,52.0,6.5,0.0,0.0,0.4188185914913007,46.02235400000063,2.398825929906528,54.67488299999968,108.0,31.0,5.0,26.0,5.2,0.0,4.0,1.9753128689822825,2.4899729999960982,0.5109802149532681,242.3182880000022,108.0,42.0,7.0,32.0,4.571428571428571,0.0,0.0,0.4456947962590385,47.077462000001105,2.264656897196282,328.61952900000324,353.0,134.0,13.0,110.0,8.461538461538462,0.0,4.0,1.0741905725267975,11.776170999997703,0.9335782073863729,148.08222099999693,176.0,66.0,11.0,57.0,5.181818181818182,0.0,3.0,1.188528905168188,19.546808999999485,0.8461841199999824,56.882222999993246,44.0,18.0,7.0,14.0,2.0,0.0,0.0,0.7735281372530962,12.136555999997654,1.32284239534868,41.36337099999946,52.0,20.0,8.0,18.0,2.25,0.0,0.0,1.2571509222495594,17.303579999999783,0.8110464901960679,154.8106540000008,171.0,63.0,9.0,46.0,5.111111111111111,0.0,0.0,1.1045751411915044,11.519701999997778,0.9106509058823576,340.4554860000062,100.0,33.0,3.0,12.0,4.0,0.0,0.0,0.2937241551748653,45.33726700000261,3.438944303030366,166.92857500000537,243.0,100.0,11.0,81.0,7.363636363636363,0.0,2.0,1.4557124207164183,5.806593000001158,0.6897875000000222,346.44138000000385,346.0,147.0,8.0,114.0,14.25,0.0,0.0,0.9987259605073625,30.036746000005223,1.0041779130434894,94.20682900000247,52.0,22.0,9.0,19.0,2.111111111111111,0.0,0.0,0.5519769697374979,15.389284000004409,1.8471927254902445,163.72682700000587,69.0,31.0,5.0,22.0,4.4,0.0,0.0,0.42143368478030496,20.875183000003744,2.4077474558824394,356.5904389999996,97.0,34.0,3.0,7.0,2.3333333333333335,0.0,1.0,0.27202075375890855,41.51283700000204,3.7144837395833292,218.05604599999788,200.0,74.0,8.0,61.0,7.625,0.0,0.0,0.9171953892991436,30.122268999999505,1.0957590251256175,31.49352500000532,73.0,31.0,13.0,28.0,2.1538461538461537,0.0,0.0,2.3179367822429424,2.0989079999999376,0.4374100694445183,209.06852000000072,264.0,111.0,14.0,93.0,6.642857142857143,0.0,2.0,1.2627439080737697,8.073419000000285,0.7949373384030446,,,,,,,,,,,,78.93065000000206,69.0,30.0,4.0,25.0,6.25,0.0,2.0,0.8741851232695815,8.073419000000285,1.1607448529412068,338.46791099999973,327.0,126.0,14.0,105.0,7.5,0.0,2.0,0.9661181736073062,30.122268999999505,1.0382451257668703,4.7870139999940875,18.0,6.0,6.0,5.0,0.8333333333333334,0.0,0.0,3.760172834259986,1.3477199999979348,0.28158905882318164,2148.7125620000006,1822.0,649.0,25.0,517.0,20.68,0.0,17.0,0.8479496197965634,47.077462000001105,1.1799629665019225,1633.8052360000001,1216.0,489.0,20.0,374.0,18.7,0.0,2.0,0.7442747600546923,45.33726700000261,1.3446956674897121,758.7257809999937,541.0,208.0,20.0,156.0,7.8,0.0,3.0,0.7130375868959756,41.51283700000204,1.405047742592581,4,young-old,16.0,12.0,4.0
185,23,348.73503399999754,185.0,64.0,11.0,54.0,4.909090909090909,0.0,0.0,0.5304887148218131,12.460298000005423,1.8952990978260735,217.67166900000302,61.0,15.0,2.0,6.0,3.0,4.0,2.0,0.2802385826333658,16.82938400000421,3.6278611500000504,228.00334999999905,67.0,23.0,2.0,15.0,7.5,0.0,0.0,0.2938553315115777,19.39944800000376,3.4545962121211975,543.3164400000023,168.0,51.0,7.0,33.0,4.714285714285714,0.0,2.0,0.30921206801693557,22.359185999994224,3.2533918562874393,62.770910999999614,58.0,25.0,11.0,22.0,2.0,0.0,0.0,0.9239948739950636,4.54757800000516,1.101244052631572,120.54049099999975,53.0,19.0,4.0,10.0,2.5,0.0,0.0,0.4396862793598552,9.206199000000197,2.3180863653846107,278.2532710000014,116.0,35.0,8.0,26.0,3.25,3.0,14.0,0.4168863840597921,26.013677000002644,2.4195936608695776,71.92268899999908,36.0,14.0,7.0,12.0,1.7142857142857142,0.0,1.0,0.500537459048569,13.712773999999627,2.0549339714285453,114.56838799999969,55.0,27.0,8.0,21.0,2.625,0.0,0.0,0.48006261552706975,16.6194370000012,2.121636814814809,48.24317200000223,25.0,11.0,6.0,9.0,1.5,0.0,0.0,0.5182080481772393,14.954866000000038,2.0101321666667595,142.74233800000366,71.0,27.0,7.0,20.0,2.857142857142857,0.0,0.0,0.49739972733246235,16.61220200000389,2.0391762571429095,142.36930700000084,57.0,20.0,3.0,9.0,3.0,0.0,0.0,0.4003671943138675,13.373998000002757,2.5423090535714437,176.91766800000187,55.0,19.0,6.0,11.0,1.8333333333333333,0.0,1.0,0.3108790694663657,42.07578800000192,3.2762531111111457,342.0882619999975,165.0,37.0,7.0,27.0,3.857142857142857,5.0,4.0,0.4823316621135665,17.505612000000838,2.0859040365853505,70.7532130000036,26.0,10.0,6.0,6.0,1.0,0.0,0.0,0.3674744778021413,12.306099000001268,2.830128520000144,286.41440700000385,96.0,38.0,6.0,22.0,3.6666666666666665,0.0,0.0,0.33517866997521084,20.737162999997963,3.0148884947368826,205.9395779999977,69.0,27.0,2.0,16.0,8.0,0.0,0.0,0.3350497299746859,32.27958899999794,3.028523205882319,380.84052299999894,163.0,62.0,14.0,51.0,3.642857142857143,2.0,8.0,0.42800067260699687,20.050991999996768,2.3508674259259195,8.024720000001253,11.0,5.0,5.0,4.0,0.8,0.0,1.0,1.3707643381947636,1.928756000001158,0.8024720000001253,415.43245500000194,192.0,74.0,11.0,62.0,5.636363636363637,2.0,7.0,0.46216899447588683,20.050991999996768,2.1750390314136228,,,,,,,,,,,,259.95843500000046,131.0,49.0,9.0,43.0,4.777777777777778,2.0,6.0,0.5039267142841499,18.01997300000221,1.9996802692307727,415.43245500000194,192.0,74.0,11.0,62.0,5.636363636363637,2.0,7.0,0.46216899447588683,20.050991999996768,2.1750390314136228,25.580642000000807,17.0,9.0,7.0,8.0,1.1428571428571428,0.0,2.0,0.664565025381281,5.981886000001396,1.5987901250000505,2367.5075450000004,958.0,321.0,18.0,241.0,13.38888888888889,7.0,19.0,0.4046449617544935,26.013677000002644,2.4738845820271687,1671.442839000003,683.0,234.0,15.0,164.0,10.933333333333334,5.0,6.0,0.40862899051254886,44.64597800000047,2.4507959516129074,661.6511440000031,278.0,109.0,16.0,87.0,5.4375,2.0,9.0,0.4201609904569268,32.27958899999794,2.3886322888086755,7,at risk,13.0,,
186,24,239.0649599999997,114.0,51.0,19.0,46.0,2.4210526315789473,0.0,0.0,0.47685783813738386,21.938968999998906,2.115619115044245,175.97478499999852,35.0,9.0,1.0,0.0,0.0,4.0,2.0,0.19889213105161796,25.011062999998103,5.1757289705881915,338.0836080000008,69.0,24.0,4.0,7.0,1.75,0.0,0.0,0.20409152756083884,30.015471999999136,4.971817764705895,424.9903039999954,82.0,26.0,7.0,12.0,1.7142857142857142,0.0,0.0,0.19294557835371437,61.90481500000169,5.246793876543153,67.00561699999525,56.0,28.0,10.0,25.0,2.5,0.0,0.0,0.8357508296655781,7.930601000000024,1.2182839454544592,231.08762099999876,47.0,19.0,7.0,15.0,2.142857142857143,0.0,0.0,0.2033860567546379,30.970659999999043,5.023370282608717,515.022901999997,130.0,47.0,7.0,22.0,3.142857142857143,0.0,4.0,0.252415959552806,38.04786699999386,3.9921467596899207,81.96004800000082,37.0,15.0,8.0,13.0,1.625,0.0,2.0,0.4514394623097296,29.00021900000138,2.276668000000023,45.005959000001894,26.0,13.0,5.0,9.0,1.8,0.0,0.0,0.577701277290834,5.056942000002891,1.8002383600000758,45.070621999999275,19.0,7.0,5.0,5.0,1.0,0.0,0.0,0.4215606343307245,20.000185999997484,2.5039234444444043,133.00155300000188,43.0,19.0,6.0,12.0,2.0,0.0,0.0,0.32330449554975793,17.958749999997963,3.1667036428571875,214.97878099999798,56.0,22.0,5.0,6.0,1.2,0.0,0.0,0.2604908249061126,21.003450000003795,3.908705109090872,205.93449500000133,50.0,19.0,6.0,11.0,1.8333333333333333,0.0,1.0,0.2427956520834437,42.97067999999854,4.202744795918394,456.0192089999982,104.0,38.0,7.0,13.0,1.8571428571428572,4.0,6.0,0.22806056838715408,31.962179000001925,4.427370961165031,95.00574000000051,36.0,13.0,6.0,6.0,1.0,0.0,0.0,0.37892447340549956,11.042439999997441,2.714449714285729,296.0092700000023,79.0,32.0,8.0,13.0,1.625,0.0,0.0,0.266883533748789,47.93113799999992,3.79499064102567,160.64867999999842,54.0,23.0,3.0,11.0,3.6666666666666665,0.0,0.0,0.33613721569327887,15.766849999999977,3.031107169811291,204.31468000000314,92.0,38.0,13.0,22.0,1.6923076923076923,0.0,2.0,0.45028580423099596,21.02350000000297,2.2452162637362982,31.747920000001614,26.0,12.0,9.0,9.0,1.0,0.0,2.0,0.818951288777302,6.0500400000019,1.2699168000000645,40.21950999999535,33.0,16.0,10.0,11.0,1.1,0.0,0.0,0.820497315855012,4.765499999994063,1.2568596874998548,199.6047699999981,68.0,28.0,3.0,18.0,6.0,0.0,1.0,0.34067322138644607,14.788410000001022,2.979175671641763,57.12806000000273,20.0,8.0,3.0,7.0,2.3333333333333335,0.0,0.0,0.35009065597534805,10.409059999998135,3.006740000000144,374.9507799999992,165.0,69.0,19.0,48.0,2.526315789473684,0.0,5.0,0.44005775904773514,21.02350000000297,2.286285243902434,2.7695800000001327,4.0,4.0,4.0,3.0,0.75,0.0,0.0,1.4442623069201137,1.4802700000000186,0.9231933333333776,2457.0172719999973,672.0,264.0,22.0,172.0,7.818181818181818,4.0,8.0,0.2735023508617813,61.90481500000169,3.661724697466464,1748.0220800000025,505.0,201.0,16.0,105.0,6.5625,4.0,7.0,0.2888979525933673,47.93113799999992,3.468297777777783,566.9179000000004,248.0,107.0,23.0,72.0,3.130434782608696,0.0,5.0,0.437453112699387,21.02350000000297,2.2952141700404876,2,MCI,10.0,8.0,5.0
187,16,122.05393799999729,87.0,42.0,16.0,38.0,2.375,0.0,0.0,0.712799614871926,10.06699700000172,1.4192318372092707,157.0407819999964,37.0,11.0,1.0,0.0,0.0,6.0,2.0,0.23560758886185915,33.953423000006296,4.362243944444344,291.0187640000004,56.0,21.0,2.0,4.0,2.0,0.0,0.0,0.1924274546090778,38.96280899999692,5.291250254545461,405.01034300000174,78.0,27.0,7.0,21.0,3.0,0.0,0.0,0.19258767423625936,38.060001000005286,5.259874584415607,73.03479700000025,44.0,22.0,11.0,19.0,1.7272727272727273,0.0,0.0,0.6024525542256227,15.032000999999582,1.6984836511627965,152.03409300000203,35.0,13.0,4.0,5.0,1.25,0.0,0.0,0.23021152235899833,18.068685999998706,4.471590970588295,286.95787199999904,81.0,28.0,7.0,14.0,2.0,0.0,4.0,0.2822713990574905,22.001240000005055,3.586973399999988,90.00680799999827,52.0,25.0,7.0,16.0,2.2857142857142856,0.0,2.0,0.5777340754046183,11.025916999999026,1.7648393725489857,99.02419000000373,52.0,24.0,6.0,18.0,3.0,0.0,0.0,0.5251242145984536,7.051848000002792,1.9416507843137987,26.975836999998137,15.0,7.0,5.0,5.0,1.0,0.0,0.0,0.5560531819643274,9.979678999996395,1.926845499999867,49.93135800000164,28.0,14.0,6.0,8.0,1.3333333333333333,0.0,0.0,0.5607698472771175,7.997093000005407,1.8493095555556163,201.94897499999934,30.0,13.0,2.0,2.0,1.0,0.0,0.0,0.1485523756681612,51.038040999999794,6.963757758620667,155.02419299999747,31.0,12.0,9.0,11.0,1.2222222222222223,0.0,1.0,0.19996878809748428,78.02969400000438,5.167473099999915,312.9954450000005,97.0,35.0,7.0,10.0,1.4285714285714286,4.0,12.0,0.3099086633672891,37.983155000001716,3.260369218750005,124.07812600000034,35.0,15.0,6.0,5.0,0.8333333333333334,0.0,0.0,0.28208034025272033,16.990874000002805,3.6493566470588337,337.9794980000006,81.0,39.0,4.0,3.0,0.75,0.0,0.0,0.23965950739414335,24.934370999995735,4.224743725000008,,,,,,,,,,,,,,,,,,,,,,,,,,,,,,,,,,,,,,,,,,,,,,,,,,,,,,,,,,,,,,,,,,,,,,,,,,,,,,,,,,,,,,,,,1978.0308799999984,592.0,246.0,19.0,151.0,7.947368421052632,6.0,8.0,0.29928754196193363,38.96280899999692,3.346921962774955,1644.9811360000022,448.0,193.0,16.0,85.0,5.3125,4.0,13.0,0.27234354862535,78.02969400000438,3.680047284116336,,,,,,,,,,,,4,young-old,11.0,12.0,5.0
188,15,115.03425100000459,60.0,30.0,14.0,29.0,2.0714285714285716,0.0,0.0,0.5215837846416508,9.96240100000432,1.949733067796688,29.00753899999836,14.0,6.0,4.0,4.0,1.0,1.0,0.0,0.48263315271249974,7.000989000000118,2.2313491538460277,244.0220249999984,40.0,16.0,5.0,8.0,1.6,0.0,0.0,0.16391962979571317,58.00442499999917,6.256974999999959,134.0190220000004,29.0,9.0,5.0,4.0,0.8,0.0,0.0,0.2163871931553113,33.946342000002915,4.786393642857157,166.9679449999967,82.0,36.0,9.0,30.0,3.3333333333333335,0.0,0.0,0.4911122311531212,18.054000000003725,2.061332654320947,,,,,,,,,,,,292.01611499999854,73.0,34.0,7.0,20.0,2.857142857142857,0.0,0.0,0.2499862036723568,20.001242999998794,4.05577937499998,98.03272599999764,34.0,17.0,8.0,14.0,1.75,0.0,0.0,0.3468229578763404,19.99850200000219,2.9706886666665953,106.04100099999778,41.0,18.0,7.0,15.0,2.142857142857143,0.0,0.0,0.3866428986274928,12.027044000002206,2.6510250249999445,43.03556799999933,12.0,6.0,4.0,4.0,1.0,0.0,0.0,0.2788391220954766,13.969461000000592,3.9123243636363028,162.97772600000462,77.0,35.0,7.0,27.0,3.857142857142857,0.0,0.0,0.4724571994580279,10.000184999997145,2.1444437631579554,353.0308309999964,39.0,17.0,4.0,12.0,3.0,0.0,0.0,0.11047193778947992,104.97409999999945,9.290285026315695,500.0123239999957,98.0,48.0,8.0,23.0,2.875,0.0,0.0,0.19599516911107343,55.94896800000424,5.15476622680408,508.9108399999968,88.0,30.0,3.0,3.0,1.0,3.0,0.0,0.1729183052968582,58.00296199999866,5.849549885057435,177.95158000000083,45.0,17.0,6.0,14.0,2.3333333333333335,0.0,0.0,0.2528777772020894,63.925395000005665,4.04435409090911,334.97138099999574,59.0,26.0,4.0,4.0,1.0,0.0,0.0,0.1761344501248623,34.999195000003965,5.775368637930961,,,,,,,,,,,,,,,,,,,,,,,,,,,,,,,,,,,,,,,,,,,,,,,,,,,,,,,,,,,,,,,,,,,,,,,,,,,,,,,,,,,,,,,,,1563.06293,416.0,185.0,18.0,139.0,7.722222222222222,1.0,0.0,0.2661441148757843,126.91116799999872,3.766416698795181,2575.9741499999946,590.0,260.0,15.0,149.0,9.933333333333334,3.0,0.0,0.22903956547855933,104.97409999999945,4.373470543293709,,,,,,,,,,,,1,dementia,29.0,,
189,23,337.60996399999567,187.0,73.0,20.0,65.0,3.25,0.0,0.0,0.553893604870034,17.816404000004695,1.81510733333331,231.31516399999964,56.0,12.0,2.0,7.0,3.5,8.0,2.0,0.24209394244469026,26.38779899999645,4.205730254545448,247.42144499999995,74.0,28.0,3.0,7.0,2.3333333333333335,0.0,0.0,0.29908482670125874,20.899369000006118,3.389334863013698,815.346544,193.0,48.0,4.0,24.0,6.0,0.0,0.0,0.23670916547111776,28.431433999998262,4.246596583333333,62.98835300000064,72.0,26.0,10.0,23.0,2.3,0.0,0.0,1.1430684653716738,6.192466000000422,0.8871599014084598,119.44417099999555,50.0,16.0,5.0,11.0,2.2,0.0,0.0,0.41860560947760156,15.000303000000713,2.437636142857052,355.1927030000006,158.0,52.0,8.0,37.0,4.625,3.0,14.0,0.44482895809940026,32.812244000000646,2.262373904458603,68.29628599999705,49.0,25.0,7.0,22.0,3.142857142857143,0.0,0.0,0.7174621472096171,13.19069099999615,1.4228392916666053,69.49457499999698,51.0,23.0,9.0,19.0,2.111111111111111,0.0,0.0,0.7338702337556883,6.5244520000051125,1.3898914999999397,32.27374600000621,20.0,8.0,5.0,7.0,1.4,0.0,0.0,0.6196987483261518,7.315101000000141,1.6986182105266427,169.97604999999749,111.0,31.0,6.0,16.0,2.6666666666666665,0.0,0.0,0.6530331773211675,8.162830000001122,1.5452368181817953,150.51361100000213,47.0,13.0,2.0,6.0,3.0,0.0,0.0,0.3122641180936077,22.276425000003655,3.272035021739177,183.97490700000344,96.0,36.0,8.0,26.0,3.25,0.0,0.0,0.521810292313387,10.352176000000327,1.9365779684210889,409.4956319999983,184.0,41.0,6.0,17.0,2.8333333333333335,6.0,8.0,0.44933324221636817,17.19886399999814,2.2376810491803187,63.28500399999757,29.0,11.0,7.0,7.0,1.0,0.0,0.0,0.4582444207477827,10.210913999995682,2.2601787142856273,13.639496000003419,26.0,11.0,9.0,9.0,1.0,0.0,0.0,1.9062287932041977,1.5619609999994282,0.5455798400001367,579.9544939999978,126.0,44.0,6.0,20.0,3.3333333333333335,2.0,7.0,0.21725842510671273,39.891333999999915,4.639635951999982,313.7634920000055,111.0,44.0,7.0,30.0,4.285714285714286,0.0,7.0,0.35376964761725066,27.917677999997977,2.8523953818182317,3.825727999996161,5.0,4.0,4.0,3.0,0.75,0.0,0.0,1.306940796628777,3.2602789999946253,0.9564319999990403,154.59558999999717,69.0,31.0,7.0,21.0,3.0,0.0,3.0,0.44632579752114054,27.917677999997977,2.2734645588234876,135.53967099999863,47.0,20.0,6.0,13.0,2.1666666666666665,0.0,1.0,0.3467619454381033,27.917677999997977,2.946514586956492,,,,,,,,,,,,836.5546029999969,265.0,101.0,13.0,66.0,5.076923076923077,2.0,12.0,0.3167754968410603,39.891333999999915,3.168767435606049,5.842346999997972,8.0,4.0,4.0,3.0,0.75,0.0,0.0,1.3693127094304356,2.2904899999994086,0.8346209999997102,2664.7953379999963,1060.0,369.0,22.0,272.0,12.363636363636363,11.0,16.0,0.39777914081595467,32.812244000000646,2.5163317639282305,1356.6121889999995,699.0,222.0,22.0,150.0,6.818181818181818,6.0,8.0,0.515254105534209,22.276425000003655,1.9435704713467041,843.1901429999998,273.0,105.0,17.0,70.0,4.117647058823529,2.0,12.0,0.3237703882883271,39.891333999999915,3.099963761029411,4,young-old,13.0,14.0,3.0
191,16,194.82609400000365,143.0,52.0,8.0,46.0,5.75,0.0,0.0,0.7339879225828821,7.8970789999948465,1.372014746478899,348.6793830000024,139.0,45.0,3.0,14.0,4.666666666666667,6.0,2.0,0.39864702869455015,14.26269300000422,2.5266621956521913,466.83519499999966,168.0,53.0,6.0,27.0,4.5,0.0,0.0,0.35987003936153555,34.96825700000045,2.795420329341315,553.9433449999997,236.0,67.0,10.0,43.0,4.3,0.0,0.0,0.4260363485366904,14.061156999996456,2.357205723404254,109.28180699999939,103.0,44.0,16.0,40.0,2.5,0.0,0.0,0.942517357898379,4.726871999999275,1.0713902647058764,280.90886899999896,149.0,53.0,16.0,43.0,2.6875,0.0,0.0,0.5304211309896397,23.171897000000172,1.8980328986486417,394.43453800000134,231.0,81.0,8.0,71.0,8.875,2.0,12.0,0.5856485113380189,15.04323299999669,1.7149327739130493,209.40836500000296,101.0,31.0,6.0,25.0,4.166666666666667,0.0,2.0,0.48231120089208745,11.429727000002458,2.0940836500000297,217.4549810000026,139.0,51.0,9.0,43.0,4.777777777777778,0.0,0.0,0.6392127665265959,11.587155000001076,1.5757607318840767,93.70557499999995,72.0,16.0,7.0,11.0,1.5714285714285714,0.0,0.0,0.7683641021358658,4.466120999997656,1.319796830985915,587.8596589999943,421.0,89.0,6.0,59.0,9.833333333333334,0.0,0.0,0.7161573235288188,11.724367999995593,1.3996658547618912,321.47229900000093,123.0,44.0,2.0,17.0,8.5,0.0,0.0,0.38261461526425217,14.34399200000189,2.635018844262303,464.95784500000445,163.0,54.0,7.0,36.0,5.142857142857143,0.0,0.0,0.35056941559938287,35.433344999997644,2.870110154321015,607.4059570000027,342.0,88.0,8.0,59.0,7.375,7.0,8.0,0.5630501249759697,13.3912049999999,1.781249140762471,205.13566100000025,85.0,28.0,7.0,17.0,2.4285714285714284,0.0,0.0,0.4143599391039079,16.612578000000212,2.4420912023809556,368.2969050000029,135.0,45.0,5.0,30.0,6.0,0.0,0.0,0.3665520892715592,23.02340600000025,2.748484365671663,,,,,,,,,,,,,,,,,,,,,,,,,,,,,,,,,,,,,,,,,,,,,,,,,,,,,,,,,,,,,,,,,,,,,,,,,,,,,,,,,,,,,,,,,3158.634432000006,1624.0,539.0,22.0,402.0,18.272727272727273,8.0,16.0,0.514146234697918,34.96825700000045,1.9461703216266213,3494.643121000001,1827.0,496.0,15.0,329.0,21.933333333333334,7.0,8.0,0.5228001649213323,35.433344999997644,1.9138242721796281,,,,,,,,,,,,2,MCI,27.0,,
192,16,188.39656999999715,120.0,57.0,19.0,52.0,2.736842105263158,0.0,0.0,0.6369542715135516,11.506109999994806,1.5831644537814886,130.03022999999666,17.0,2.0,1.0,0.0,0.0,6.0,2.0,0.1307388289630837,63.5318299999999,8.126889374999791,192.82232999999542,29.0,13.0,2.0,4.0,2.0,0.0,0.0,0.15039751879359972,45.52528999999777,6.886511785714122,428.5613699999958,77.0,26.0,7.0,17.0,2.4285714285714284,0.0,0.0,0.17967088354230518,50.041049999999814,5.638965394736787,66.76286999999866,53.0,26.0,9.0,22.0,2.4444444444444446,0.0,0.0,0.7938544283671608,11.535630000005767,1.2839013461538202,104.04916999999841,26.0,11.0,5.0,9.0,1.8,0.0,0.0,0.24988185874044355,68.05580999999802,4.161966799999936,306.2752200000032,114.0,40.0,7.0,20.0,2.857142857142857,0.0,10.0,0.37221424573623296,22.64948000000004,2.7104001769911785,73.75889000000461,39.0,16.0,6.0,12.0,2.0,0.0,3.0,0.5287498225637284,16.386539999999513,1.941023421052753,65.48702000000048,18.0,9.0,4.0,5.0,1.25,0.0,0.0,0.2748636294642796,15.15335999999661,3.852177647058852,56.99744000000646,15.0,6.0,3.0,3.0,1.0,0.0,0.0,0.26316971428889263,41.30660000000353,4.071245714286176,111.42612999999983,36.0,17.0,5.0,10.0,2.0,0.0,0.0,0.3230840019302479,11.413549999997485,3.1836037142857094,123.62155000000348,18.0,9.0,5.0,7.0,1.4,0.0,0.0,0.14560568121010853,32.93032999999559,7.271855882353146,195.377919999999,162.0,75.0,6.0,48.0,8.0,0.0,5.0,0.8291622717654116,6.934540000002016,1.2135274534161429,409.4698700000008,83.0,26.0,7.0,10.0,1.4285714285714286,4.0,6.0,0.20270111693443973,53.11284999999771,4.99353500000001,88.39860000000044,24.0,9.0,6.0,6.0,1.0,0.0,0.0,0.27149751240404124,28.92427999999927,3.843417391304367,171.87696000000142,44.0,19.0,4.0,4.0,1.0,0.0,2.0,0.2559970807023794,29.947939999998198,3.997138604651196,,,,,,,,,,,,,,,,,,,,,,,,,,,,,,,,,,,,,,,,,,,,,,,,,,,,,,,,,,,,,,,,,,,,,,,,,,,,,,,,,,,,,,,,,1965.7357300000003,623.0,254.0,21.0,179.0,8.523809523809524,6.0,15.0,0.31692968209923106,68.05580999999802,3.160346832797428,1481.2920999999988,485.0,206.0,15.0,126.0,8.4,4.0,13.0,0.3274168545150551,53.11284999999771,3.0605208677685924,,,,,,,,,,,,8,younger adult,11.0,,
193,15,365.9823300000062,216.0,98.0,19.0,93.0,4.894736842105263,0.0,0.0,0.5901924281426274,16.309589999997115,1.702243395348866,186.9536799999987,86.0,32.0,10.0,24.0,2.4,4.0,6.0,0.4600069921062832,22.76542000000336,2.1994550588235144,240.98854000000574,58.0,25.0,3.0,13.0,4.333333333333333,0.0,0.0,0.24067534497697948,19.99377000000095,4.227869122807118,444.69806000000244,112.0,37.0,6.0,22.0,3.6666666666666665,0.0,0.0,0.25185628199052496,32.020279999997,4.0062888288288505,64.41528999999719,50.0,23.0,9.0,20.0,2.2222222222222223,0.0,0.0,0.7762132251520126,14.614509999999427,1.3145977551019834,138.6347700000042,27.0,12.0,5.0,9.0,1.8,0.0,0.0,0.19475633710070844,38.01705999999831,5.332106538461701,253.25206000000617,141.0,49.0,8.0,40.0,5.0,0.0,13.0,0.5567575639858431,22.672740000001795,1.8089432857143297,70.85188000000198,40.0,19.0,7.0,18.0,2.5714285714285716,0.0,1.0,0.5645580611269437,14.140039999998407,1.8167148717949226,42.60978999999497,23.0,10.0,5.0,8.0,1.6,0.0,0.0,0.539782054781371,6.584860000002664,1.9368086363634078,35.026340000003984,23.0,8.0,5.0,6.0,1.2,0.0,0.0,0.6566486821060203,7.143479999998817,1.5921063636365447,188.94398000000365,104.0,39.0,5.0,34.0,6.8,0.0,0.0,0.5504276981992122,7.83629999999539,1.8344075728155693,228.63845999999467,40.0,14.0,3.0,5.0,1.6666666666666667,0.0,0.0,0.17494869410859806,43.682419999997364,5.862524615384479,170.7204400000046,52.0,19.0,7.0,17.0,2.4285714285714284,0.0,0.0,0.3045915298718689,24.220769999999902,3.3474596078432275,,,,,,,,,,,,128.237589999997,53.0,22.0,7.0,14.0,2.0,0.0,0.0,0.4132953527900925,17.066800000000512,2.4661074999999424,134.00976999999693,50.0,22.0,9.0,16.0,1.7777777777777777,0.0,0.0,0.37310712495067444,16.09095000000525,2.73489326530606,,,,,,,,,,,,,,,,,,,,,,,,,,,,,,,,,,,,,,,,,,,,,,,,,,,,,,,,,,,,,,,,,,,,,,,,,,,,,,,,,,,,,,,,,2189.732600000003,887.0,359.0,30.0,305.0,10.166666666666666,4.0,20.0,0.4050722905618699,38.01705999999831,2.47148148984199,1632.123759999995,701.0,244.0,14.0,192.0,13.714285714285714,4.0,16.0,0.429501743176634,43.682419999997364,2.331605371428564,,,,,,,,,,,,2,MCI,15.0,,
194,16,261.8070599999992,127.0,57.0,17.0,46.0,2.7058823529411766,0.0,0.0,0.48509005066555655,13.410139999999956,2.077833809523803,217.05572599999869,37.0,7.0,1.0,0.0,0.0,7.0,2.0,0.17046313719454803,66.45422400000098,6.029325722222186,461.6595180000004,75.0,29.0,4.0,12.0,3.0,0.0,0.0,0.16245738921384034,67.16583199999877,6.23864213513514,943.9763719999974,191.0,68.0,5.0,14.0,2.8,0.0,0.0,0.20233557286537732,93.29074899999978,4.968296694736829,66.92324199999712,46.0,22.0,8.0,17.0,2.125,0.0,0.0,0.6873546263643651,4.989907000002859,1.4871831555554915,237.00706499999797,60.0,26.0,8.0,20.0,2.5,0.0,0.0,0.25315701031950466,106.99298000000272,4.01706889830505,679.9688049999968,110.0,37.0,4.0,9.0,2.25,0.0,14.0,0.16177212717868802,84.05043699999806,6.238245917431163,67.03936299999623,34.0,12.0,7.0,9.0,1.2857142857142858,0.0,1.0,0.5071647235073208,29.99559600000066,2.031495848484734,156.8324799999973,74.0,31.0,16.0,23.0,1.4375,0.0,0.0,0.47184103700968877,36.37647000000288,2.1483901369862646,44.531293000000005,20.0,10.0,4.0,4.0,1.0,0.0,0.0,0.44912237333867666,19.001704000002064,2.343752263157895,177.98314599999867,59.0,29.0,5.0,14.0,2.8,0.0,0.0,0.3314920616135218,19.113610000000335,3.06867493103446,486.0983399999968,56.0,17.0,4.0,6.0,1.5,0.0,0.0,0.11520302661391596,86.16914800000086,8.838151636363579,256.73574599999847,103.0,49.0,5.0,27.0,5.4,0.0,0.0,0.4011907247228464,22.048878999994486,2.5170171176470437,616.593710000001,100.0,26.0,7.0,8.0,1.1428571428571428,2.0,6.0,0.1621813495307953,65.99184700000478,6.228219292929303,280.0181970000049,66.0,15.0,7.0,9.0,1.2857142857142858,0.0,0.0,0.23569896780672026,30.002950000001874,4.307972261538537,618.7626200000013,178.0,49.0,5.0,15.0,3.0,0.0,0.0,0.28767090035270654,28.008220000003348,3.4958340112994426,,,,,,,,,,,,,,,,,,,,,,,,,,,,,,,,,,,,,,,,,,,,,,,,,,,,,,,,,,,,,,,,,,,,,,,,,,,,,,,,,,,,,,,,,3235.7438189999957,765.0,293.0,20.0,159.0,7.95,7.0,19.0,0.23642168317157528,106.99298000000272,4.235266778795806,3035.0299799999993,759.0,260.0,23.0,137.0,5.956521739130435,2.0,9.0,0.25007990201137986,86.16914800000086,4.003997335092348,,,,,,,,,,,,2,MCI,22.0,,
195,7,457.53001999999833,192.0,95.0,22.0,86.0,3.909090909090909,0.0,2.0,0.41964459512405483,21.0335699999996,2.3954451308900437,234.87552999999753,66.0,29.0,3.0,18.0,6.0,0.0,2.0,0.28099989811625203,34.332149999994726,3.613469692307654,478.7031199999983,232.0,115.0,34.0,87.0,2.5588235294117645,0.0,2.0,0.48464275728973905,24.302920000001905,2.0723078787878713,546.394490000006,158.0,64.0,6.0,39.0,6.5,0.0,2.0,0.289168362587255,45.04220999999961,3.480219681528701,109.24876999999833,63.0,30.0,11.0,25.0,2.272727272727273,0.0,0.0,0.576665531337341,14.767070000001695,1.7620769354838441,232.98167999999714,153.0,72.0,26.0,67.0,2.576923076923077,0.0,4.0,0.6567039949235575,15.133560000002035,1.532774210526297,,,,,,,,,,,,121.92700000000332,35.0,15.0,6.0,12.0,2.0,0.0,1.0,0.2870570095220833,16.89162000000215,3.5860882352942154,,,,,,,,,,,,,,,,,,,,,,,,,,,,,,,,,,,,,,,,,,,,,,,,,,,,,,,,,,,,,,,,,,,,,,,,,,,,,,,,,,,,,,,,,,,,,,,,,,,,,,,,,,,,,,,,,,,,,,,,,,,,,,,,,,,,,,,,,,,,,,,,,,,,,,,,,,,,,,,,,,,,,,,,,,,,,,,,,3489.2837599999984,1598.0,740.0,37.0,632.0,17.08108108108108,0.0,23.0,0.4579736444249523,62.861000000004424,2.1848990356919216,,,,,,,,,,,,,,,,,,,,,,,7,at risk,11.0,,
196,24,147.91136199999892,73.0,32.0,17.0,30.0,1.7647058823529411,0.0,0.0,0.4935388263141038,14.037948000001052,2.0543244722222074,215.97708300000522,15.0,3.0,1.0,0.0,0.0,3.0,2.0,0.0694518130888898,165.98201600000175,15.426934500000373,160.98479999999836,36.0,18.0,5.0,6.0,1.2,0.0,0.0,0.2236235967619326,23.909812999998394,4.599565714285667,516.006601999994,100.0,31.0,7.0,10.0,1.4285714285714286,0.0,4.0,0.19379597007559443,49.97126299999945,5.211987868686853,54.05431900000258,51.0,24.0,13.0,20.0,1.5384615384615385,0.0,0.0,0.9434953754573722,6.077337999995507,1.0810863800000516,224.07757699999638,54.0,20.0,8.0,15.0,1.875,0.0,0.0,0.24098796819817841,25.978750000002037,4.227878811320687,297.93147899999894,111.0,44.0,13.0,29.0,2.230769230769231,0.0,4.0,0.37256888856648945,29.994525000001886,2.708467990909081,61.041668999998365,23.0,11.0,6.0,9.0,1.5,0.0,0.0,0.37679179447076744,22.029331000005186,2.774621318181744,167.97724200000084,56.0,24.0,6.0,19.0,3.1666666666666665,0.0,0.0,0.3333784942129227,18.993232000000717,3.054131672727288,33.98139199999423,16.0,7.0,4.0,4.0,1.0,0.0,0.0,0.4708459265000891,17.00753199999599,2.265426133332949,122.97336100000393,33.0,13.0,4.0,5.0,1.25,0.0,0.0,0.26835080160164887,23.985399999997753,3.842917531250123,147.0480369999932,18.0,6.0,4.0,4.0,1.0,0.0,0.0,0.12240897850272447,63.04133499999443,8.649884529411365,266.01400999999896,49.0,21.0,6.0,10.0,1.6666666666666667,0.0,2.0,0.1842008246107045,45.02548200000456,5.541958541666645,530.9780719999981,84.0,31.0,4.0,10.0,2.5,2.0,4.0,0.1581986233133942,61.010008000004746,6.397326168674676,153.99185299999954,39.0,16.0,7.0,8.0,1.1428571428571428,0.0,0.0,0.25326015136657987,22.003759999999602,4.0524171842105146,163.00697599999694,56.0,26.0,8.0,18.0,2.25,0.0,0.0,0.3435435793864494,17.021828999997524,2.9637631999999443,116.0726899999936,13.0,6.0,1.0,0.0,0.0,0.0,0.0,0.11199878283169552,81.06251599999814,9.672724166666134,237.00679899999523,74.0,33.0,9.0,17.0,1.8888888888888888,0.0,2.0,0.312227329815975,30.94587699999829,3.2466684794519893,13.962389000000258,6.0,2.0,2.0,1.0,0.5,0.0,0.0,0.4297258871672956,9.984951000005822,2.7924778000000514,372.0038349999959,100.0,45.0,12.0,23.0,1.9166666666666667,0.0,2.0,0.26881443305551167,81.06251599999814,3.757614494949453,103.94266199999402,18.0,8.0,2.0,3.0,1.5,0.0,1.0,0.17317239768210896,30.94587699999829,6.114274235293766,243.99494199999754,68.0,31.0,9.0,15.0,1.6666666666666667,0.0,2.0,0.27869430178598,30.94587699999829,3.6417155522387694,119.94818800000212,38.0,19.0,10.0,9.0,0.9,0.0,0.0,0.3168034518370492,15.013998000002175,3.241842918918976,2.0089200000002165,3.0,3.0,3.0,2.0,0.6666666666666666,0.0,0.0,1.4933397049159134,1.0060410000005504,1.0044600000001083,1898.9493789999979,529.0,210.0,22.0,147.0,6.681818181818182,3.0,10.0,0.2785750930751907,165.98201600000175,3.5964950359848444,1945.048262999997,445.0,185.0,14.0,117.0,8.357142857142858,2.0,6.0,0.22878609670777136,66.06506399999489,4.380739331081074,469.0563389999952,129.0,61.0,15.0,33.0,2.2,0.0,2.0,0.27502026787447664,81.06251599999814,3.6645026484374625,5,old-old,14.0,10.0,4.0
197,23,473.0166989999998,143.0,68.0,18.0,49.0,2.7222222222222223,0.0,0.0,0.3023149083368832,40.911301000000094,3.331103514084506,219.01374299999588,17.0,3.0,1.0,0.0,0.0,4.0,2.0,0.07762069981151969,70.99845199999982,13.688358937499743,552.0066669999942,45.0,20.0,2.0,2.0,1.0,0.0,0.0,0.08152075453103264,84.98805600000196,12.545606068181685,720.0785820000019,123.0,38.0,6.0,11.0,1.8333333333333333,0.0,0.0,0.17081469033333874,53.002659999998286,5.9022834590164095,76.98510700000043,44.0,22.0,8.0,19.0,2.375,0.0,0.0,0.571539116000706,11.987425999999687,1.789043046511726,180.00713099999848,29.0,13.0,5.0,8.0,1.6,0.0,0.0,0.16110472867877798,99.0407950000008,6.428826107142803,246.99849600000016,54.0,19.0,6.0,7.0,1.1666666666666667,0.0,4.0,0.2186248130029098,47.95900499999698,4.660348981132079,129.0297470000005,32.0,14.0,5.0,10.0,2.0,0.0,1.0,0.24800482635992363,77.00917699999991,4.162249903225822,166.9899790000054,67.0,29.0,20.0,25.0,1.25,0.0,0.0,0.40122168049376083,37.00865700000577,2.5301511969697787,78.99297400000069,16.0,7.0,4.0,4.0,1.0,0.0,0.0,0.20254965966973038,37.03309199999785,5.266198266666712,236.9575960000002,50.0,24.0,5.0,9.0,1.8,0.0,0.0,0.21100821768971675,22.027113000003737,4.835869306122453,273.96447900000203,50.0,22.0,2.0,2.0,1.0,0.0,0.0,0.18250541158658612,25.003778000005696,5.591111816326572,345.990002999999,86.0,38.0,6.0,14.0,2.3333333333333335,0.0,1.0,0.24856209501521423,48.9678700000004,4.0704706235294,483.03693799999746,71.0,27.0,6.0,12.0,2.0,0.0,4.0,0.1469866886246293,43.93182700000034,6.900527685714249,132.91190300000017,28.0,12.0,6.0,6.0,1.0,0.0,0.0,0.21066585736869606,67.02967100000387,4.92266307407408,321.07750600000145,63.0,30.0,4.0,7.0,1.75,0.0,0.0,0.19621430596262235,51.089607000001706,5.178669451612927,160.0940530000007,16.0,8.0,1.0,0.0,0.0,0.0,0.0,0.09994125140925708,52.01187099999515,10.672936866666713,401.99898699999903,118.0,52.0,12.0,29.0,2.4166666666666665,0.0,5.0,0.29353307798260764,58.00444199999765,3.4358887777777696,80.95836699999927,45.0,22.0,11.0,15.0,1.3636363636363635,0.0,2.0,0.5558412510963864,6.984629999999015,1.8399628863636197,451.9712939999954,128.0,57.0,13.0,32.0,2.4615384615384617,0.0,5.0,0.2832038266571888,58.00444199999765,3.558829086614137,,,,,,,,,,,,217.02483799999754,52.0,21.0,6.0,11.0,1.8333333333333333,0.0,3.0,0.23960391114311344,58.00444199999765,4.255388980392109,51.05487699999503,19.0,8.0,5.0,5.0,1.0,0.0,1.0,0.3721485804382968,20.060267999993812,2.8363820555552794,5.942158999998355,8.0,5.0,5.0,4.0,0.8,0.0,0.0,1.34631200545159,2.9074929999987944,0.8455651428573349,3115.0776810000025,677.0,284.0,34.0,185.0,5.4411764705882355,4.0,9.0,0.2173300537990659,99.0407950000008,4.608103078402371,2322.0078330000033,522.0,232.0,23.0,114.0,4.956521739130435,0.0,5.0,0.22480544319507437,67.02967100000387,4.456828854126686,581.0291589999979,146.0,65.0,15.0,34.0,2.2666666666666666,0.0,5.0,0.2512782667418599,58.00444199999765,4.006937627586213,6,other medical,9.0,,
199,24,530.1080310000034,764.0,261.0,26.0,224.0,8.615384615384615,0.0,6.0,1.4412156679814478,9.562075000001641,0.694768061598956,185.20636599999852,182.0,77.0,4.0,54.0,13.5,0.0,0.0,0.9826876037295686,5.916556999996828,1.0232395911602128,607.2897900000025,210.0,68.0,4.0,33.0,8.25,0.0,0.0,0.34579866722277536,55.0337240000008,2.9056927751196295,451.8889030000064,298.0,110.0,11.0,71.0,6.454545454545454,0.0,4.0,0.659454122510275,34.004988000000594,1.5215114579124795,69.74609999999666,165.0,50.0,13.0,46.0,3.5384615384615383,0.0,4.0,2.3657236748722568,5.30314499999804,0.4252810975609552,247.83713700000226,68.0,22.0,3.0,13.0,4.333333333333333,0.0,0.0,0.27437373116523445,29.76889300000039,3.6990617462686903,469.7222430000038,477.0,169.0,8.0,133.0,16.625,0.0,4.0,1.015493745736874,11.417269999998098,0.9868114348739576,179.55958300000202,255.0,82.0,13.0,62.0,4.769230769230769,0.0,6.0,1.420141413449357,5.767217000000528,0.7069274921259923,78.59052399999928,76.0,28.0,9.0,23.0,2.5555555555555554,0.0,0.0,0.9670377054618022,15.88227999999799,1.0478736533333237,60.933294000002206,59.0,23.0,8.0,16.0,2.0,0.0,0.0,0.9682719598254095,13.457425000000512,1.0505740344827967,85.49714400000084,104.0,41.0,8.0,31.0,3.875,0.0,0.0,1.2164149015316696,3.9244289999987814,0.8300693592233092,188.61746899999707,72.0,30.0,4.0,15.0,3.75,0.0,0.0,0.3817249822178513,31.67524499999854,2.656584070422494,337.5417660000021,434.0,177.0,13.0,155.0,11.923076923076923,0.0,6.0,1.2857668108544449,8.900662000000011,0.7795421847575106,499.6418049999993,533.0,210.0,8.0,163.0,20.375,0.0,0.0,1.0667642192190079,17.526555999997072,0.9391763251879686,220.73068800000328,92.0,33.0,12.0,22.0,1.8333333333333333,0.0,0.0,0.4167975048399189,33.37132299999939,2.425611956043992,227.16039600000659,116.0,46.0,5.0,29.0,5.8,0.0,0.0,0.5106523938265922,31.583964000004926,1.975307791304405,800.2744220000022,566.0,206.0,16.0,171.0,10.6875,0.0,6.0,0.7072573912652158,54.76088800000434,1.4164149061946942,538.772656000001,485.0,179.0,14.0,151.0,10.785714285714286,0.0,2.0,0.9001941627861662,38.4282069999972,1.1131666446281012,882.708203000002,711.0,262.0,21.0,223.0,10.619047619047619,0.0,6.0,0.8054756912687243,54.76088800000434,1.2432509901408477,735.1479980000004,654.0,240.0,16.0,207.0,12.9375,0.0,6.0,0.8896167870676833,54.76088800000434,1.1258009157733544,437.5345430000016,406.0,147.0,14.0,122.0,8.714285714285714,0.0,2.0,0.9279267351469402,38.4282069999972,1.0803322049382755,194.1785149999996,238.0,83.0,5.0,63.0,12.6,0.0,1.0,1.225676280406205,10.316263000000617,0.8193186286919815,523.4743460000027,475.0,172.0,15.0,144.0,9.6,0.0,6.0,0.9073988126249029,38.4282069999972,1.104376257383972,73.88172199999826,137.0,55.0,12.0,52.0,4.333333333333333,0.0,0.0,1.8543151985548363,3.708162999995693,0.5432479558823402,3200.677567000006,2690.0,936.0,32.0,718.0,22.4375,0.0,24.0,0.8404470440055404,55.0337240000008,1.1902854470063242,1917.9275330000019,1657.0,650.0,22.0,500.0,22.727272727272727,0.0,6.0,0.8639533931754649,33.37132299999939,1.1581688001207742,885.6808020000026,720.0,266.0,21.0,227.0,10.80952380952381,0.0,6.0,0.812933958119144,54.76088800000434,1.2318230904033416,7,at risk,19.0,,
200,23,377.9793700000009,141.0,70.0,18.0,53.0,2.9444444444444446,0.0,0.0,0.37303623210970394,15.004465999998502,2.6998526428571497,169.03221399999893,16.0,1.0,1.0,0.0,0.0,6.0,2.0,0.09465651322534355,90.00739800000156,11.268814266666595,331.00963000000047,50.0,21.0,2.0,3.0,1.5,0.0,0.0,0.15105300712852351,36.94771700000274,6.755298571428581,607.9592639999973,101.0,32.0,7.0,13.0,1.8571428571428572,2.0,0.0,0.16612955173259839,67.03137300000526,6.079592639999974,59.041095000000496,45.0,20.0,8.0,18.0,2.25,0.0,0.0,0.7621809859725607,6.069319999995059,1.3418430681818294,186.91116899999906,47.0,24.0,8.0,15.0,1.875,0.0,0.0,0.2514563482292502,33.011419000002206,4.063286282608675,436.9672869999995,113.0,46.0,12.0,26.0,2.1666666666666665,0.0,4.0,0.25860059405316566,42.95960499999637,3.901493633928567,71.07160399999702,37.0,18.0,5.0,13.0,2.6,0.0,0.0,0.5206017300524348,13.007865999999922,1.9742112222221395,349.07002900000225,92.0,45.0,5.0,28.0,5.6,0.0,0.0,0.2635574307641273,41.06427000000258,3.8359343846154093,40.998419000003196,16.0,7.0,3.0,4.0,1.3333333333333333,0.0,0.0,0.39025895120489285,11.989350999996532,2.7332279333335463,147.03789700000198,49.0,21.0,4.0,9.0,2.25,0.0,0.0,0.3332474212413371,13.993845999997575,3.0632895208333744,651.0198690000034,60.0,22.0,4.0,8.0,2.0,0.0,0.0,0.09216308573218014,178.9276600000012,11.03381345762713,209.00323899999785,81.0,38.0,7.0,29.0,4.142857142857143,0.0,0.0,0.38755380245566834,19.040352000003622,2.612540487499973,360.99680100000114,88.0,31.0,7.0,14.0,2.0,3.0,4.0,0.24376947318156353,19.056174999997893,4.149388517241392,121.02608899999905,40.0,17.0,9.0,11.0,1.2222222222222223,0.0,0.0,0.33050725120928526,47.079077000002144,3.103233051282027,220.00840400000016,54.0,24.0,5.0,13.0,2.6,0.0,0.0,0.24544516944907233,29.906167999994068,4.151101962264154,479.0109980000052,109.0,43.0,9.0,20.0,2.2222222222222223,0.0,3.0,0.22755218659927057,59.98094700000365,4.435287018518567,235.92661000000226,91.0,42.0,11.0,32.0,2.909090909090909,0.0,1.0,0.38571316732775135,31.00397900000098,2.621406777777803,40.01249200000166,37.0,20.0,9.0,17.0,1.8888888888888888,0.0,0.0,0.9247112126882392,4.025781000003917,1.1114581111111572,433.0089819999994,96.0,38.0,9.0,18.0,2.0,0.0,3.0,0.2217044079699948,59.98094700000365,4.55798928421052,48.987890999997035,15.0,6.0,2.0,4.0,2.0,0.0,1.0,0.30619811740825725,9.958614000002854,3.4991350714283596,193.99410300000454,71.0,34.0,8.0,24.0,3.0,0.0,3.0,0.36599050642275627,29.926996000001964,2.7713443285714936,390.917429000001,160.0,73.0,13.0,55.0,4.230769230769231,0.0,7.0,0.4092935953490055,31.00397900000098,2.4586001823899433,,,,,,,,,,,,2667.997180999999,659.0,278.0,26.0,183.0,7.038461538461538,8.0,6.0,0.24700176023162007,90.00739800000156,4.054706962006077,2620.0503979999994,688.0,302.0,25.0,210.0,8.4,3.0,5.0,0.2625903686910683,178.9276600000012,3.813756037845705,839.0626380000031,260.0,113.0,13.0,76.0,5.846153846153846,0.0,11.0,0.3098695952184669,59.98094700000365,3.239624084942097,5,old-old,23.0,24.0,1.0
201,24,362.0759500000022,147.0,70.0,23.0,60.0,2.608695652173913,0.0,0.0,0.40599216821774303,34.087962999998126,2.4799722602739878,161.97339300000021,25.0,6.0,1.0,0.0,0.0,4.0,2.0,0.15434633761114067,26.00661499999842,6.748891375000009,335.9852580000006,48.0,13.0,3.0,5.0,1.6666666666666667,0.0,0.0,0.14286341098929975,57.021487000005436,7.148622510638311,516.9363599999997,78.0,24.0,4.0,10.0,2.5,0.0,0.0,0.1508889798349647,67.02414199999475,6.7134592207792165,49.00624500000413,49.0,23.0,9.0,20.0,2.2222222222222223,0.0,0.0,0.9998725672614964,7.068242000001192,1.020963437500086,110.0616880000016,58.0,27.0,9.0,24.0,2.6666666666666665,0.0,0.0,0.5269771984598234,8.929954999999609,1.930906807017572,360.00495099999534,103.0,39.0,7.0,20.0,2.857142857142857,0.0,4.0,0.28610717634269794,23.002136999995855,3.529460303921523,65.93815099999483,31.0,14.0,6.0,13.0,2.1666666666666665,0.0,1.0,0.470137538433591,18.00667400000384,2.1979383666664942,58.07984600000054,31.0,15.0,7.0,11.0,1.5714285714285714,0.0,0.0,0.5337479717146583,7.991289999998116,1.9359948666666849,30.07603200000449,11.0,5.0,3.0,3.0,1.0,0.0,0.0,0.3657397358799977,15.032940999997663,3.0076032000004487,172.9391650000034,45.0,21.0,4.0,9.0,2.25,0.0,0.0,0.2602071080891313,16.061119999998482,3.930435568181896,67.06673699999374,19.0,7.0,2.0,2.0,1.0,0.0,0.0,0.28329990170838004,16.03982199999882,3.7259298333329856,183.9104890000017,23.0,11.0,7.0,9.0,1.2857142857142858,0.0,1.0,0.12506083869963386,95.03376700000081,8.359567681818259,443.95319700000255,95.0,35.0,5.0,13.0,2.6,2.0,8.0,0.2139865207457881,40.07011299999431,4.722906351063857,76.99933299999975,34.0,15.0,7.0,10.0,1.4285714285714286,0.0,0.0,0.44156226651989455,12.044965000000957,2.3333131212121136,288.9538160000011,87.0,38.0,7.0,9.0,1.2857142857142858,0.0,0.0,0.3010861777302144,27.062641000004078,3.3599280930232687,118.11641000000236,17.0,8.0,3.0,3.0,1.0,0.0,0.0,0.1439258101393334,33.21064000000479,7.382275625000148,177.87308000000485,98.0,43.0,12.0,31.0,2.5833333333333335,0.0,4.0,0.5509546469876011,12.005639999995765,1.8337430927835552,14.528189999997267,24.0,12.0,7.0,11.0,1.5714285714285714,0.0,0.0,1.6519607741917277,1.4106099999989965,0.6316604347824899,254.0702799999999,150.0,67.0,17.0,48.0,2.823529411764706,0.0,6.0,0.5903878249750425,12.005639999995765,1.7051696644295296,130.55599000000075,79.0,33.0,8.0,25.0,3.125,0.0,3.0,0.6051043693973716,12.005639999995765,1.673794743589753,100.01180999999633,37.0,15.0,2.0,5.0,2.5,0.0,2.0,0.3699563081600199,12.005639999995765,2.7781058333332314,215.27096999999776,130.0,54.0,10.0,37.0,3.7,0.0,6.0,0.6038900646938199,12.005639999995765,1.6687672093023083,2.06478000000061,4.0,4.0,4.0,3.0,0.75,0.0,0.0,1.937252394927701,1.4140100000004168,0.6882600000002034,2405.984161999997,704.0,285.0,23.0,205.0,8.91304347826087,4.0,7.0,0.29260375488706186,67.02414199999475,3.422452577524889,1776.0173859999995,476.0,204.0,15.0,106.0,7.066666666666666,2.0,9.0,0.2680153943042538,95.03376700000081,3.7389839705263146,378.87998000000516,170.0,75.0,17.0,51.0,3.0,0.0,6.0,0.44869090206349166,33.21064000000479,2.2418933727810955,4,young-old,10.0,10.0,4.0
202,16,81.96628700000292,50.0,22.0,11.0,21.0,1.9090909090909092,0.0,0.0,0.6100068922238507,11.053048000001581,1.6727813673469984,281.0287790000002,44.0,11.0,1.0,0.0,0.0,6.0,2.0,0.1565675948085017,40.92909000000509,6.535553000000005,412.99190799999633,70.0,26.0,1.0,0.0,0.0,0.0,0.0,0.16949484637360165,20.033969000003708,5.985389971014439,513.9839370000045,90.0,31.0,7.0,12.0,1.7142857142857142,0.0,0.0,0.1751027483958107,72.0093840000045,5.775100415730388,132.03938100000232,68.0,33.0,10.0,29.0,2.9,0.0,0.0,0.5149978702187251,13.99621499999921,1.970737029850781,168.9832899999965,20.0,9.0,5.0,6.0,1.2,0.0,0.0,0.11835489769432478,67.05826499999966,8.893857368420868,619.9658459999991,167.0,58.0,8.0,26.0,3.25,0.0,4.0,0.2693696775031704,28.998514000006253,3.734734012048188,134.99677900000097,37.0,13.0,7.0,9.0,1.2857142857142858,0.0,3.0,0.274080613434486,41.01805199999944,3.749910527777805,245.03289500000392,90.0,39.0,4.0,26.0,6.5,0.0,0.0,0.3672976234476541,27.987002000001667,2.753178595505662,51.03080999999656,16.0,8.0,6.0,6.0,1.0,0.0,0.0,0.3135360775186809,25.993649999996705,3.402053999999771,62.97421200000099,29.0,13.0,7.0,9.0,1.2857142857142858,0.0,0.0,0.46050596075738975,10.05078499999945,2.249079000000035,289.9286429999993,64.0,24.0,1.0,0.0,0.0,0.0,0.0,0.22074397112947602,22.025227999998606,4.602041952380941,197.07593700000143,53.0,23.0,8.0,13.0,1.625,0.0,1.0,0.26893186863295043,33.02501800000027,3.7899218653846427,566.9901669999963,141.0,38.0,6.0,9.0,1.5,2.0,18.0,0.24868156135060615,47.986025999998674,4.049929764285688,192.99889000000258,48.0,19.0,6.0,6.0,1.0,0.0,0.0,0.24870609359462822,28.061875999999756,4.106359361702182,477.0766240000012,77.0,26.0,4.0,4.0,1.0,0.0,0.0,0.1613996497132918,91.95465300000069,6.277324000000015,,,,,,,,,,,,,,,,,,,,,,,,,,,,,,,,,,,,,,,,,,,,,,,,,,,,,,,,,,,,,,,,,,,,,,,,,,,,,,,,,,,,,,,,,2871.0165560000023,691.0,254.0,18.0,137.0,7.611111111111111,6.0,9.0,0.24068130103809804,72.0093840000045,4.160893559420293,2507.0572470000043,618.0,226.0,16.0,95.0,5.9375,2.0,19.0,0.24650414374841714,91.95465300000069,4.063301858995144,,,,,,,,,,,,5,old-old,18.0,,
203,16,302.2490600000019,166.0,77.0,21.0,68.0,3.238095238095238,0.0,0.0,0.5492159346996777,16.02335000000312,1.8318124848484965,188.52644000000146,37.0,12.0,2.0,4.0,2.0,4.0,2.0,0.19625894383832695,56.3134099999952,5.236845555555596,329.5534899999984,68.0,31.0,5.0,15.0,3.0,0.0,0.0,0.2063397963104573,65.89921000000322,4.918708805970126,497.9315099999949,108.0,39.0,8.0,21.0,2.625,0.0,0.0,0.2168972997912928,24.672969999999623,4.653565514018644,68.1739299999972,56.0,26.0,9.0,25.0,2.7777777777777777,0.0,0.0,0.8214283671192537,5.192869999998948,1.239525999999949,112.17644999999902,24.0,11.0,5.0,10.0,2.0,0.0,0.0,0.21394864964972782,35.50170999999682,4.877236956521696,484.02391999999963,186.0,81.0,12.0,55.0,4.583333333333333,0.0,10.0,0.3842785290445979,18.043799999999464,2.6163455135135116,85.21775999999954,34.0,15.0,6.0,13.0,2.1666666666666665,0.0,2.0,0.3989778656467875,37.191039999997884,2.58235636363635,73.22816999999486,32.0,16.0,6.0,12.0,2.0,0.0,0.0,0.4369903003175178,11.89882999999827,2.362199032257899,64.68131999999605,22.0,12.0,6.0,8.0,1.3333333333333333,0.0,0.0,0.3401291130113199,27.607389999997395,3.080062857142669,559.910649999998,133.0,64.0,10.0,40.0,4.0,0.0,0.0,0.23753790002029873,24.760370000003604,4.241747348484833,145.77818999999727,38.0,18.0,5.0,8.0,1.6,0.0,0.0,0.2606699945993342,27.998140000003332,3.939951081081007,279.89574999999604,74.0,29.0,8.0,21.0,2.625,0.0,2.0,0.26438415017020106,30.017970000000787,3.8341883561643293,532.3827500000043,170.0,69.0,9.0,53.0,5.888888888888889,0.0,8.0,0.319319136467135,18.477509999996983,3.150193786982274,227.0303300000014,33.0,16.0,7.0,11.0,1.5714285714285714,0.0,0.0,0.14535502811452458,107.32046000000264,7.094697812500044,104.52451000000292,33.0,14.0,5.0,10.0,2.0,0.0,0.0,0.315715424066557,14.360789999998815,3.2663909375000912,,,,,,,,,,,,,,,,,,,,,,,,,,,,,,,,,,,,,,,,,,,,,,,,,,,,,,,,,,,,,,,,,,,,,,,,,,,,,,,,,,,,,,,,,2496.42684,884.0,390.0,22.0,300.0,13.636363636363637,4.0,14.0,0.35410611111679924,65.89921000000322,2.827210464326161,2285.600599999998,736.0,328.0,25.0,254.0,10.16,0.0,10.0,0.3220160162716096,107.32046000000264,3.109660680272106,,,,,,,,,,,,8,younger adult,,,
205,24,213.93484799999715,112.0,54.0,20.0,52.0,2.6,0.0,0.0,0.5235238720902613,18.973002999999153,1.9273409729729472,167.0342640000017,44.0,10.0,1.0,0.0,0.0,4.0,2.0,0.2634190072523057,21.927160999999614,3.8845177674419005,237.93607299999712,41.0,14.0,2.0,1.0,0.5,0.0,0.0,0.1723151915682852,28.064013000002888,5.948401824999928,408.9925030000013,66.0,15.0,7.0,10.0,1.4285714285714286,0.0,0.0,0.16137215111740028,44.0039340000003,6.292192353846174,57.941020000005665,52.0,21.0,13.0,18.0,1.3846153846153846,0.0,0.0,0.89746435254324,8.032310999995389,1.13609843137266,81.01973500000167,27.0,11.0,6.0,7.0,1.1666666666666667,0.0,0.0,0.33325213912387447,22.973613999994996,3.116143653846218,288.07333999999537,89.0,30.0,5.0,9.0,1.8,0.0,10.0,0.3089491030305041,26.949014000005263,3.2733391363635747,46.90880499999912,21.0,10.0,7.0,9.0,1.2857142857142858,0.0,1.0,0.4476771471795198,29.921484000005876,2.3453066500002024,61.9839690000008,36.0,16.0,5.0,11.0,2.2,0.0,0.0,0.5807953343549126,5.994545999994443,1.7709705428571656,39.03244799999811,23.0,8.0,5.0,5.0,1.0,0.0,0.0,0.5892533309722493,6.015444000004209,1.774202181818096,228.0190819999989,97.0,29.0,6.0,18.0,3.0,0.0,0.0,0.42540299324597963,10.047001999999338,2.3751987708333218,229.99246100000164,59.0,22.0,6.0,5.0,0.8333333333333334,0.0,0.0,0.2565301477425366,16.03196599999501,3.965387258620718,112.00793999999587,22.0,10.0,8.0,8.0,1.0,0.0,0.0,0.1964146470330658,38.004227999997966,5.333711428571232,411.97075099999347,132.0,29.0,5.0,9.0,1.8,4.0,4.0,0.3204110963693199,36.00196899999719,3.144814893129721,69.01822200000606,33.0,12.0,8.0,10.0,1.25,0.0,0.0,0.4781346004537338,9.969541000005847,2.1568194375001895,365.92741599999863,78.0,35.0,6.0,7.0,1.1666666666666667,0.0,0.0,0.21315702674762224,27.07964599999832,4.752304103896086,402.9733879999985,123.0,53.0,11.0,36.0,3.272727272727273,0.0,4.0,0.30523107396858784,35.020456999998714,3.303060557377037,180.9832150000002,48.0,18.0,5.0,8.0,1.6,0.0,1.0,0.2652179651024541,16.01290799999697,3.8507067021276637,20.034398999996483,19.0,9.0,7.0,8.0,1.1428571428571428,0.0,1.0,0.9483688529914641,8.007020999997621,1.1106800555555512,39.973793999997724,32.0,16.0,8.0,15.0,1.875,0.0,1.0,0.8005244636023746,8.007020999997621,1.2881172903226181,206.00133600000117,61.0,22.0,6.0,12.0,2.0,0.0,3.0,0.2961145844219168,16.01290799999697,3.4333556000000196,70.96551100000215,19.0,6.0,2.0,3.0,1.5,0.0,3.0,0.267735689242052,35.020456999998714,3.9425283888890084,353.04206000000704,121.0,48.0,11.0,34.0,3.090909090909091,0.0,7.0,0.3427353669984749,35.020456999998714,2.942017166666725,6.000176999994437,12.0,8.0,8.0,7.0,0.875,0.0,0.0,1.9999410017423027,4.050632999998925,0.5454706363631306,1834.9318159999966,560.0,207.0,23.0,138.0,6.0,4.0,13.0,0.3051884517544389,44.0039340000003,3.28252083005367,1779.9752569999982,548.0,187.0,17.0,91.0,5.352941176470588,4.0,4.0,0.3078694480976151,38.004227999997966,3.2540681115173644,562.0093579999957,178.0,74.0,14.0,51.0,3.642857142857143,0.0,7.0,0.3167207048534615,35.020456999998714,3.175194112994326,8,younger adult,15.0,12.0,5.0
206,23,88.92046699999992,35.0,17.0,6.0,15.0,2.5,0.0,0.0,0.39361016851159847,15.020869999996648,2.615307852941174,197.01112200000352,37.0,12.0,3.0,3.0,1.0,2.0,4.0,0.1878066559105193,44.99401699999726,5.472531166666765,136.00751400000445,35.0,17.0,2.0,3.0,1.5,0.0,0.0,0.2573387232120047,12.027262000003248,4.000221000000131,586.0266510000001,83.0,29.0,7.0,12.0,1.7142857142857142,0.0,0.0,0.14163178391011433,52.00758599999972,7.1466664756097575,62.02251499999693,53.0,26.0,8.0,23.0,2.875,0.0,0.0,0.8545283918267846,9.012185999999929,1.192740673076864,218.04653900000267,72.0,32.0,10.0,26.0,2.6,0.0,0.0,0.33020473670531003,42.004703000005975,3.0710780140845446,419.9518470000039,90.0,36.0,7.0,13.0,1.8571428571428572,0.0,4.0,0.21431028495988294,21.02467600000091,4.71856007865173,63.05397699999594,26.0,10.0,5.0,6.0,1.2,0.0,1.0,0.4123451245589422,12.073409000004176,2.5221590799998377,35.963072999998985,30.0,14.0,7.0,11.0,1.5714285714285714,0.0,0.0,0.8341890027028793,4.980616000000737,1.2401059655172064,30.015408999999636,21.0,9.0,6.0,6.0,1.0,0.0,0.0,0.6996406412453102,8.995961999993597,1.5007704499999819,66.99214399999619,30.0,13.0,6.0,8.0,1.3333333333333333,0.0,0.0,0.44781370185736563,9.04571799999394,2.309693517241173,259.9868889999998,72.0,34.0,7.0,18.0,2.5714285714285716,0.0,0.0,0.2769370420059915,46.99495200000092,3.6617871690140817,192.93945600000006,75.0,35.0,8.0,27.0,3.375,0.0,0.0,0.38872297846636394,18.008034999998927,2.6072899459459467,390.07500399999844,95.0,35.0,6.0,7.0,1.1666666666666667,2.0,2.0,0.24354290591765368,26.98098399999435,4.149734085106366,126.00408699999389,33.0,15.0,7.0,12.0,1.7142857142857142,0.0,0.0,0.2618962669044346,44.96526100000483,3.937627718749809,145.98268500000268,35.0,18.0,7.0,8.0,1.1428571428571428,0.0,0.0,0.2397544612910727,21.02884799999447,4.29360838235302,359.16509000000224,88.0,39.0,7.0,17.0,2.4285714285714284,0.0,0.0,0.24501267648255973,24.456050000000687,4.128334367816118,160.5393200000035,141.0,68.0,11.0,60.0,5.454545454545454,0.0,3.0,0.878289505648815,14.460939999997208,1.1467094285714536,7.295730000005278,10.0,7.0,5.0,6.0,1.2,0.0,0.0,1.3706647587003309,1.4794200000033015,0.8106366666672531,343.9488799999963,82.0,37.0,6.0,16.0,2.6666666666666665,0.0,0.0,0.23840752148982397,24.456050000000687,4.246282469135757,,,,,,,,,,,,53.293259999998554,23.0,12.0,6.0,9.0,1.5,0.0,1.0,0.4315742741202288,14.460939999997208,2.4224209090908433,498.7193499999994,205.0,92.0,12.0,65.0,5.416666666666667,0.0,3.0,0.41105282961248696,24.456050000000687,2.4447026960784286,6.891150000003108,14.0,9.0,9.0,8.0,0.8888888888888888,0.0,0.0,2.031591243840823,1.2247900000002119,0.5300884615387006,2085.9770309999985,537.0,225.0,19.0,141.0,7.421052631578948,2.0,9.0,0.25743332357910337,52.00758599999972,3.8917481921641763,1602.0130649999992,526.0,229.0,17.0,140.0,8.235294117647058,2.0,2.0,0.32833689780176684,46.99495200000092,3.0514534571428555,547.9008200000026,261.0,123.0,15.0,94.0,6.266666666666667,0.0,3.0,0.4763635871178269,24.456050000000687,2.107310846153856,7,at risk,20.0,,
208,24,143.48483000000124,102.0,48.0,21.0,44.0,2.0952380952380953,0.0,0.0,0.7108765435342477,8.688940000000002,1.4206418811881312,237.2794700000013,35.0,10.0,2.0,1.0,0.5,3.0,2.0,0.14750538679136382,34.1142800000016,6.978807941176509,216.36591999999655,56.0,20.0,2.0,10.0,5.0,0.0,0.0,0.258820797656123,24.010309999997844,3.9339258181817556,472.1221799999985,113.0,39.0,6.0,21.0,3.5,0.0,0.0,0.23934482383352623,31.476340000001073,4.215376607142844,36.84286000000429,26.0,11.0,5.0,10.0,2.0,0.0,0.0,0.7056998289491362,6.128599999996368,1.4737144000001718,130.6389100000015,42.0,17.0,6.0,10.0,1.6666666666666667,0.0,0.0,0.32149686490800883,17.435449999997218,3.1863148780488166,345.52016000000003,132.0,46.0,8.0,31.0,3.875,0.0,11.0,0.3820327010730719,16.679260000004433,2.637558473282443,57.945520000001125,34.0,16.0,7.0,15.0,2.142857142857143,0.0,2.0,0.586758044452778,17.311350000003586,1.7559248484848826,111.06369999999879,70.0,32.0,9.0,28.0,3.111111111111111,0.0,0.0,0.6302689357548935,22.517009999995935,1.6096188405796925,40.5488800000021,35.0,13.0,7.0,12.0,1.7142857142857142,0.0,0.0,0.863155776435704,7.443579999999201,1.1926141176471206,95.92379000000074,49.0,20.0,7.0,16.0,2.2857142857142856,0.0,0.0,0.5108221849866401,10.478289999999106,1.998412291666682,125.6906999999992,43.0,19.0,5.0,11.0,2.2,0.0,0.0,0.3421096389788606,21.136529999996128,2.992635714285695,167.5231700000004,77.0,32.0,7.0,24.0,3.4285714285714284,0.0,2.0,0.45963791157963296,13.83458999999857,2.2042522368421102,270.3453900000022,113.0,27.0,3.0,18.0,6.0,3.0,4.0,0.41798382432191306,16.791019999996934,2.41379812500002,46.64103999999497,30.0,12.0,7.0,7.0,1.0,0.0,0.0,0.6432103572305256,6.619670000000042,1.6083117241377578,186.50859000000492,70.0,29.0,7.0,19.0,2.7142857142857144,0.0,0.0,0.37531783388635426,13.836300000002666,2.703023043478332,734.9612699999998,161.0,66.0,2.0,36.0,18.0,0.0,0.0,0.21905916212428453,37.6747899999973,4.593507937499998,149.79146000000037,76.0,33.0,7.0,28.0,4.0,0.0,3.0,0.5073720491141471,12.832839999995485,1.9972194666666716,128.7007999999987,62.0,25.0,5.0,19.0,3.8,0.0,5.0,0.4817374872572713,14.67174000000523,2.109849180327848,263.5408199999947,123.0,55.0,15.0,46.0,3.066666666666667,0.0,5.0,0.4667208669989054,18.843300000000454,2.1601706557376614,916.0830600000045,242.0,103.0,6.0,67.0,11.166666666666666,0.0,4.0,0.2641681857974743,37.6747899999973,3.8011745228215954,98.43950000000041,49.0,21.0,5.0,16.0,3.2,0.0,4.0,0.4977676644030069,14.67174000000523,2.050822916666675,1131.0743000000002,333.0,139.0,8.0,98.0,12.25,0.0,9.0,0.29441036720576175,37.6747899999973,3.40685030120482,33.89035000000149,26.0,13.0,11.0,10.0,0.9090909090909091,0.0,2.0,0.7671800379753781,9.15234000000055,1.3556140000000596,2179.81639,714.0,282.0,21.0,197.0,9.380952380952381,4.0,17.0,0.32755052364754444,34.1142800000016,3.057245988779804,1539.9040900000036,662.0,252.0,15.0,187.0,12.466666666666667,3.0,6.0,0.4298969035142951,33.618090000003576,2.3296582299546196,1164.9646500000017,358.0,152.0,16.0,109.0,6.8125,0.0,10.0,0.3073054620155208,37.6747899999973,3.2632063025210134,2,MCI,14.0,12.0,4.0
209,23,194.01300600000104,95.0,46.0,18.0,43.0,2.388888888888889,0.0,0.0,0.48965789437848045,14.988764000001538,2.063968148936181,126.99770400000125,15.0,3.0,1.0,0.0,0.0,4.0,2.0,0.11811237154334579,53.05194299999857,9.07126457142866,281.9931230000002,54.0,18.0,4.0,4.0,1.0,0.0,0.0,0.19149403157608194,27.054136999999173,5.320624962264155,426.98993399999745,59.0,17.0,4.0,8.0,2.0,0.0,0.0,0.138176559450229,66.95238100000279,7.361895413793059,62.0017880000014,48.0,24.0,13.0,21.0,1.6153846153846154,0.0,0.0,0.7741712222879592,9.08281999999599,1.319186978723434,290.0488719999994,105.0,49.0,5.0,34.0,6.8,0.0,0.0,0.36200795843812217,21.94502900000225,2.7889314615384557,452.9819179999977,153.0,62.0,14.0,48.0,3.4285714285714284,0.0,10.0,0.3377618265107014,44.98873399999866,2.9801441973684057,40.00241800000367,24.0,11.0,4.0,9.0,2.25,0.0,1.0,0.5999637321923339,10.024349999999686,1.739235565217551,29.038323000000673,17.0,9.0,4.0,6.0,1.5,0.0,0.0,0.5854332565967947,3.9506189999956405,1.814895187500042,25.996971000000485,13.0,6.0,3.0,3.0,1.0,0.0,0.0,0.5000582567869063,10.957054999998945,2.1664142500000403,139.98855000000185,37.0,16.0,4.0,7.0,1.75,0.0,0.0,0.26430733084955527,26.080205999998725,3.8885708333333846,361.9631719999961,74.0,28.0,2.0,1.0,0.5,0.0,0.0,0.20444068823664965,31.048040000001492,4.958399616438303,197.95459599999595,37.0,16.0,9.0,14.0,1.5555555555555556,0.0,1.0,0.18691154814107352,100.95113900000433,5.498738777777665,465.9847049999953,113.0,36.0,5.0,10.0,2.0,4.0,8.0,0.2424972296032788,69.90938200000528,4.160577723214244,109.98675099999673,50.0,20.0,6.0,6.0,1.0,0.0,0.0,0.4546002090742865,7.976424999993469,2.244627571428505,262.0369690000007,63.0,28.0,5.0,6.0,1.2,0.0,0.0,0.24042409069385867,33.960182999995595,4.226402725806462,225.34124999999767,58.0,25.0,3.0,17.0,5.666666666666667,0.0,0.0,0.2573874068773498,30.003059999995457,3.953355263157854,331.81764999999723,92.0,41.0,7.0,31.0,4.428571428571429,0.0,0.0,0.2772607183493728,30.003059999995457,3.6463478021977718,,,,,,,,,,,,47.437980000002426,15.0,9.0,6.0,6.0,1.0,0.0,0.0,0.31620233407913306,16.620020000002114,3.3884271428573163,25.67964999999822,10.0,5.0,2.0,2.0,1.0,0.0,1.0,0.38941340711422057,5.214140000003681,2.8532944444442467,184.8897100000031,69.0,29.0,6.0,24.0,4.0,0.0,2.0,0.37319545798410764,27.189590000001772,2.7189663235294574,515.2897999999986,183.0,83.0,14.0,68.0,4.857142857142857,0.0,2.0,0.3551399620174909,30.003059999995457,2.83126263736263,3.1180900000035763,8.0,3.0,3.0,2.0,0.6666666666666666,0.0,0.0,2.56567321661364,0.8395000000018626,0.44544142857193947,2427.0675709999996,713.0,287.0,30.0,204.0,6.8,4.0,13.0,0.29377014819007696,66.95238100000279,3.4088027682584263,2032.0833490000005,546.0,213.0,15.0,77.0,5.133333333333334,4.0,9.0,0.2686897662286784,100.95113900000433,3.728593300917432,591.338029999999,222.0,103.0,18.0,83.0,4.611111111111111,0.0,4.0,0.3754197916207087,30.003059999995457,2.675737692307688,6,other medical,14.0,,
210,22,132.58500899999854,115.0,43.0,20.0,41.0,2.05,0.0,0.0,0.8673680446030009,10.686918999999762,1.1630263947368293,123.7284839999993,48.0,11.0,2.0,4.0,2.0,4.0,2.0,0.3879462387981758,12.014416999998502,2.632520936170198,151.65933500000028,55.0,19.0,3.0,10.0,3.3333333333333335,0.0,0.0,0.36265489361403236,11.265202999999019,2.808506203703709,437.66282299999875,114.0,31.0,7.0,21.0,3.0,0.0,0.0,0.2604744885996413,22.876240000001417,3.873122327433617,51.964057000004686,63.0,24.0,10.0,20.0,2.0,0.0,0.0,1.2123764701434747,6.628568000000087,0.8381299516129788,93.27527299999929,37.0,12.0,6.0,11.0,1.8333333333333333,0.0,0.0,0.39667533323649756,18.00932599999942,2.590979805555536,472.9833379999982,176.0,54.0,8.0,36.0,4.5,3.0,12.0,0.37210613114663393,21.45982200000435,2.702761931428561,33.98675899999944,28.0,12.0,8.0,10.0,1.25,0.0,0.0,0.8238502529764743,7.489559999994526,1.258768851851831,29.48557499999879,23.0,11.0,6.0,9.0,1.5,0.0,0.0,0.7800424444834786,6.5901450000019395,1.340253409090854,24.629831999998714,17.0,6.0,5.0,5.0,1.0,0.0,0.0,0.6902198926895192,9.728452000003017,1.5393644999999196,65.5231449999992,38.0,15.0,7.0,14.0,2.0,0.0,0.0,0.5799477421299063,6.2453630000018165,1.7708958108107893,113.77847199999815,30.0,15.0,5.0,7.0,1.4,0.0,0.0,0.2636702661993957,30.03207200000179,3.9233955862068326,90.43889399999898,45.0,19.0,8.0,14.0,1.75,0.0,0.0,0.4975735329094196,23.363742000001366,2.055429409090886,269.39191800000117,116.0,29.0,7.0,18.0,2.5714285714285716,5.0,4.0,0.43059940647513967,17.074251999998523,2.3425384173913146,40.502212999999756,15.0,6.0,5.0,4.0,0.8,0.0,0.0,0.370350133707511,14.395796000004339,2.893015214285697,166.37549299999955,61.0,26.0,5.0,18.0,3.6,0.0,0.0,0.3666405364160223,14.976713999996718,2.7729248833333258,397.71172799999476,109.0,41.0,6.0,35.0,5.833333333333333,0.0,4.0,0.27406785449384946,53.9210299999977,3.6825159999999517,468.93672700000025,154.0,59.0,11.0,53.0,4.818181818181818,0.0,7.0,0.3284025138854179,53.9210299999977,3.0649459281045766,3.5354689999949187,6.0,4.0,4.0,3.0,0.75,0.0,0.0,1.6970874302698238,2.662322000003769,0.7070937999989837,,,,,,,,,,,,74.77929399999994,25.0,10.0,6.0,8.0,1.3333333333333333,0.0,2.0,0.33431714399443274,24.836260000003676,3.115803916666664,96.59544800000003,58.0,24.0,9.0,20.0,2.2222222222222223,0.0,3.0,0.600442372812433,18.576216000001295,1.6946569824561408,,,,,,,,,,,,461.86530199999834,150.0,58.0,11.0,52.0,4.7272727272727275,0.0,6.0,0.32477001270816513,53.9210299999977,3.0997671275167673,1871.179318999999,804.0,271.0,22.0,214.0,9.727272727272727,7.0,14.0,0.42967554837538285,22.876240000001417,2.330235764632626,994.0943200000038,447.0,163.0,14.0,124.0,8.857142857142858,5.0,4.0,0.44965552162092454,30.03207200000179,2.228911031390143,570.2977389999942,214.0,84.0,16.0,74.0,4.625,0.0,10.0,0.3752425888541041,53.9210299999977,2.677454173708893,3,middle-aged,15.0,16.0,4.0
211,24,258.54157000000123,154.0,68.0,22.0,60.0,2.727272727272727,0.0,0.0,0.5956488931354414,10.596180000000459,1.689814183006544,214.18877999999677,48.0,18.0,2.0,1.0,0.5,4.0,2.0,0.2241013744977712,36.697149999999965,4.557208085106314,170.33228000000236,48.0,20.0,3.0,14.0,4.666666666666667,0.0,0.0,0.2818021340405902,18.924200000001292,3.6240910638298374,518.5752500000017,121.0,39.0,6.0,24.0,4.0,0.0,0.0,0.2333316138786022,68.04365000000689,4.321460416666681,66.22569999999541,57.0,26.0,11.0,25.0,2.272727272727273,0.0,0.0,0.8606930542071122,7.489290000004985,1.1826017857142037,209.4910000000018,81.0,30.0,14.0,23.0,1.6428571428571428,0.0,0.0,0.38665145519377586,26.002140000004147,2.6186375000000224,653.3557199999996,259.0,98.0,7.0,69.0,9.857142857142858,0.0,21.0,0.3964149881476513,21.277909999997064,2.532386511627905,76.9464799999987,36.0,17.0,5.0,16.0,3.2,0.0,0.0,0.46785765898583803,17.273940000006405,2.19847085714282,64.54912999999942,32.0,14.0,5.0,10.0,2.0,0.0,0.0,0.49574641827086263,11.538960000005318,2.0822299999999814,27.61613000000216,21.0,8.0,4.0,6.0,1.5,0.0,0.0,0.760425157326474,4.1662300000025425,1.380806500000108,70.50426000000152,37.0,16.0,5.0,13.0,2.6,0.0,0.0,0.5247909842610815,11.929049999998824,1.958451666666709,369.44956999999704,81.0,29.0,2.0,14.0,7.0,0.0,0.0,0.21924507856376893,30.29573000000528,4.618119624999963,138.18991999999707,44.0,18.0,7.0,9.0,1.2857142857142858,0.0,1.0,0.31840238419705963,30.10663999999815,3.213719069767374,467.8807400000005,221.0,58.0,7.0,35.0,5.0,2.0,12.0,0.47234258884005303,13.660649999997986,2.126730636363639,131.54079999999522,46.0,20.0,6.0,14.0,2.3333333333333335,0.0,0.0,0.3497013854256753,15.98396999999386,2.9231288888887828,159.62279000000126,36.0,16.0,5.0,9.0,1.8,0.0,0.0,0.2255317050904806,35.51570000000356,4.5606511428571785,444.09211000000505,116.0,47.0,3.0,25.0,8.333333333333334,0.0,0.0,0.2612070725597865,23.54719999999361,3.8616705217391742,220.3226500000019,123.0,52.0,15.0,42.0,2.8,0.0,4.0,0.5582721522276486,12.244250000003376,1.8059233606557532,31.23239000000467,33.0,16.0,11.0,15.0,1.3636363636363635,0.0,0.0,1.0565954126467767,5.453930000003311,0.976012187500146,111.72234000000026,67.0,32.0,15.0,26.0,1.7333333333333334,0.0,0.0,0.5997010087687015,15.949760000003153,1.6927627272727312,155.08690000000206,78.0,30.0,10.0,23.0,2.3,0.0,3.0,0.5029438334249957,12.244250000003376,2.0141155844156113,43.12630000000354,33.0,14.0,11.0,13.0,1.1818181818181819,0.0,3.0,0.7651943245768196,7.014969999996538,1.3476968750001106,61.72993999999744,33.0,15.0,11.0,13.0,1.1818181818181819,0.0,2.0,0.5345866203660876,21.820709999999963,1.92906062499992,734.6225999999951,275.0,115.0,17.0,82.0,4.823529411764706,0.0,4.0,0.374341872956266,23.54719999999361,2.681104379562026,2811.5040599999993,1102.0,450.0,30.0,353.0,11.766666666666667,4.0,30.0,0.39196102032305097,68.04365000000689,2.553591335149863,1709.6766500000012,598.0,213.0,14.0,144.0,10.285714285714286,2.0,13.0,0.34977374230384417,35.51570000000356,2.863779983249583,812.8043200000029,321.0,136.0,18.0,102.0,5.666666666666667,0.0,7.0,0.394929003330099,23.54719999999361,2.540013500000009,5,old-old,12.0,11.0,4.0
212,8,,,,,,,,,,,,291.63096000000223,111.0,45.0,12.0,29.0,2.4166666666666665,2.0,1.0,0.3806180249175161,19.847909999996773,2.6511905454545657,322.45696000000316,125.0,52.0,17.0,32.0,1.8823529411764706,0.0,0.0,0.3876486337897584,25.185629999999946,2.600459354838735,,,,,,,,,,,,85.68458999999712,51.0,19.0,4.0,14.0,3.5,0.0,0.0,0.5952062091911943,5.763390000000072,1.7136917999999424,,,,,,,,,,,,,,,,,,,,,,,51.034590000002936,26.0,10.0,7.0,8.0,1.1428571428571428,0.0,1.0,0.5094583889083562,9.003750000003492,2.0413836000001173,,,,,,,,,,,,66.82267000000138,28.0,8.0,5.0,7.0,1.4,0.0,0.0,0.41901947348107194,13.107109999997192,2.4749137037037547,186.15952000000107,59.0,21.0,4.0,9.0,2.25,0.0,0.0,0.3169324888676102,15.026530000002822,3.2096468965517424,,,,,,,,,,,,42.072180000002845,20.0,9.0,4.0,7.0,1.75,0.0,1.0,0.47537351285335455,7.187559999998484,2.2143252631580443,,,,,,,,,,,,350.98045999999886,212.0,95.0,19.0,89.0,4.684210526315789,0.0,4.0,0.6040222296135822,9.323700000000827,1.663414502369663,,,,,,,,,,,,,,,,,,,,,,,,,,,,,,,,,,,,,,,,,,,,,,,,,,,,,,,,,,,,,,,,,,,,,,,,,,,,,,,,,,,,,,,,,,,,,,,,,,,,949.7798700000058,400.0,165.0,27.0,119.0,4.407407407407407,2.0,3.0,0.42115021873436587,25.185629999999946,2.380400676691744,1062.8060699999987,475.0,193.0,24.0,168.0,7.0,0.0,5.0,0.4469300782220792,19.204060000003665,2.2422068987341746,,,,,,,,,,,,1,dementia,32.0,,
214,12,130.01243100000283,47.0,21.0,10.0,19.0,1.9,0.0,0.0,0.3615038934238448,18.002378000004683,2.8263571956522355,715.0250149999993,120.0,40.0,7.0,15.0,2.142857142857143,4.0,10.0,0.16782629625901987,39.99562099999457,6.008613571428565,851.0739099999992,141.0,63.0,6.0,7.0,1.1666666666666667,0.0,0.0,0.16567303772712305,41.024364000004425,6.0790993571428515,829.0298269999985,155.0,57.0,5.0,17.0,3.4,0.0,0.0,0.18696552880479206,57.99704499999643,5.383310564935055,183.09050299999944,61.0,28.0,8.0,20.0,2.5,0.0,0.0,0.3331685641827101,26.05177299999923,3.051508383333324,253.04045000000042,137.0,56.0,19.0,48.0,2.526315789473684,0.0,4.0,0.5414154140177975,13.93299300000217,1.8605915441176502,247.01550699999643,55.0,21.0,7.0,17.0,2.4285714285714284,4.0,2.0,0.2226580859961994,26.00133300000016,4.574361240740675,63.971222000000125,22.0,8.0,4.0,5.0,1.25,0.0,1.0,0.34390463887027134,11.999838999996427,3.046248666666673,249.9976880000031,85.0,41.0,10.0,24.0,2.4,0.0,0.0,0.3400031443490747,12.028729999998177,2.9761629523809896,50.04931899999792,17.0,6.0,3.0,3.0,1.0,0.0,0.0,0.33966496127551116,16.021546000003582,3.12808243749987,55.05697700000019,26.0,10.0,5.0,6.0,1.2,0.0,2.0,0.4722380598557002,10.082111999996414,2.2022790800000074,623.0414230000024,147.0,61.0,7.0,30.0,4.285714285714286,0.0,0.0,0.2359393686734043,76.9361840000056,4.267407006849331,,,,,,,,,,,,,,,,,,,,,,,,,,,,,,,,,,,,,,,,,,,,,,,,,,,,,,,,,,,,,,,,,,,,,,,,,,,,,,,,,,,,,,,,,,,,,,,,,,,,,,,,,,,,,,,,,,,,,,,,,,,,,,,,,,,,,4267.064704000004,933.0,375.0,26.0,207.0,7.961538461538462,8.0,19.0,0.21865147700371013,77.00662000000011,4.578395605150219,1359.997629000005,388.0,166.0,12.0,103.0,8.583333333333334,0.0,2.0,0.28529461502465503,98.99173600000358,3.5142057596899354,,,,,,,,,,,,1,dementia,29.0,29.0,0.0
215,15,188.14489499999763,266.0,97.0,19.0,89.0,4.684210526315789,0.0,4.0,1.4138039727307157,3.546791000000667,0.7099807358490476,324.87703599999804,280.0,101.0,4.0,76.0,19.0,3.0,2.0,0.8618645486534224,9.729898999998113,1.1644338207885234,257.69014099999913,158.0,56.0,7.0,33.0,4.714285714285714,0.0,0.0,0.6131394836715951,16.869571000002907,1.6413384777070008,498.2685120000024,318.0,118.0,6.0,68.0,11.333333333333334,0.0,0.0,0.6382101062810055,15.943789999997534,1.5718249589905438,116.22102900000027,170.0,61.0,15.0,57.0,3.8,0.0,4.0,1.4627301226183396,9.94043700000475,0.6876983964497058,114.54955899999914,90.0,32.0,13.0,23.0,1.7692307692307692,0.0,3.0,0.7856861325847678,11.53995600000053,1.2870736966292038,613.9542550000042,735.0,274.0,13.0,232.0,17.846153846153847,2.0,13.0,1.1971575960492284,12.320471999999427,0.8364499386921038,130.09282900000107,191.0,76.0,13.0,65.0,5.0,0.0,1.0,1.468182385364211,5.591184999997495,0.6846991000000057,299.8617559999984,298.0,108.0,14.0,88.0,6.285714285714286,2.0,8.0,0.9937912856082973,15.564506999995501,1.0096355420875367,26.45375399999466,25.0,9.0,5.0,8.0,1.6,0.0,0.0,0.9450454555525483,13.693449000005785,1.1022397499997776,127.31253899999865,123.0,47.0,8.0,37.0,4.625,0.0,0.0,0.9661263608920823,15.396390999994765,1.0435454016393333,413.56709799999953,201.0,79.0,8.0,57.0,7.125,0.0,0.0,0.4860154518384831,22.357970999997633,2.0678354899999976,357.28919300000416,278.0,112.0,12.0,77.0,6.416666666666667,0.0,1.0,0.7780811887024995,8.528027000000293,1.2898526823104843,931.6131969999988,898.0,349.0,16.0,292.0,18.25,7.0,12.0,0.9639193636283376,24.82672199999797,1.0385877335562974,312.93337299999985,188.0,75.0,8.0,61.0,7.625,0.0,0.0,0.6007668603629569,20.255065999997896,1.6734404973262025,,,,,,,,,,,,,,,,,,,,,,,,,,,,,,,,,,,,,,,,,,,,,,,,,,,,,,,,,,,,,,,,,,,,,,,,,,,,,,,,,,,,,,,,,,,,,,,,,,,,2879.135184999999,2907.0,1077.0,23.0,861.0,37.43478260869565,5.0,30.0,1.009678189181659,16.869571000002907,0.9907553974535441,3019.781983999994,2517.0,970.0,26.0,777.0,29.884615384615383,9.0,25.0,0.8335038798615487,31.286661999998614,1.200231313195546,,,,,,,,,,,,2,MCI,24.0,27.0,0.0
216,23,326.9565500000026,139.0,68.0,19.0,54.0,2.8421052631578947,0.0,0.0,0.4251329419765375,15.997473999996146,2.3692503623188594,139.0080750000052,39.0,14.0,1.0,0.0,0.0,3.0,2.0,0.2805592408930096,13.961131999996724,3.658107236842242,289.01545500000066,41.0,15.0,1.0,0.0,0.0,0.0,0.0,0.14186092574184278,37.99497600000177,7.225386375000016,551.0245900000009,94.0,28.0,7.0,20.0,2.857142857142857,0.0,0.0,0.17059129793100494,50.90900099999999,5.924995591397859,66.93463400000473,64.0,30.0,9.0,24.0,2.6666666666666665,0.0,0.0,0.9561567185083207,5.020339000002423,1.062454507936583,140.9763779999994,39.0,18.0,5.0,11.0,2.2,0.0,0.0,0.27664209106010773,19.02188600000227,3.7099046842105103,554.985225999997,117.0,47.0,7.0,25.0,3.5714285714285716,0.0,8.0,0.21081642270599943,40.05098100000032,4.784355396551699,72.96723999999813,28.0,12.0,7.0,10.0,1.4285714285714286,0.0,1.0,0.3837338509720351,41.95004499999777,2.702490370370301,146.96802200000093,60.0,29.0,7.0,20.0,2.857142857142857,0.0,0.0,0.40825207540725844,19.000396000003093,2.4909834237288293,32.04936099999759,14.0,6.0,4.0,4.0,1.0,0.0,0.0,0.43682618196353595,11.049269000002823,2.465335461538276,92.04309599999397,36.0,15.0,5.0,7.0,1.4,0.0,0.0,0.39112113308316315,13.999701000000641,2.6298027428569704,288.9995010000057,55.0,23.0,1.0,0.0,0.0,0.0,0.0,0.19031174728567754,33.997511000001396,5.351842611111216,129.98268799999641,52.0,23.0,7.0,12.0,1.7142857142857142,0.0,1.0,0.40005327478688113,19.05905100000382,2.548680156862675,470.95763100000477,113.0,32.0,4.0,8.0,2.0,2.0,8.0,0.23993665791137558,56.97009400000388,4.204978848214329,91.05267400000594,22.0,9.0,4.0,4.0,1.0,0.0,0.0,0.24161838454078313,13.993654999998398,4.335841619047902,421.958584,74.0,31.0,4.0,4.0,1.0,0.0,0.0,0.17537266169231436,37.04451100000006,5.7802545753424655,330.01424500000576,48.0,23.0,4.0,6.0,1.5,0.0,0.0,0.14544826693768678,37.01357499999722,7.021579680851186,252.03258099999948,115.0,52.0,11.0,38.0,3.4545454545454546,0.0,3.0,0.4562902127324571,28.046048000003793,2.2108121140350834,11.919951000003493,12.0,7.0,5.0,5.0,1.0,0.0,0.0,1.0067155477397922,1.988731999997981,1.0836319090912268,35.072166999998444,16.0,7.0,3.0,4.0,1.3333333333333333,0.0,0.0,0.4562022072944825,13.937496999998984,2.338144466666563,,,,,,,,,,,,141.96159099999932,65.0,28.0,11.0,21.0,1.9090909090909092,0.0,3.0,0.45787032634764085,28.046048000003793,2.2181498593749893,175.0,88.0,39.0,10.0,30.0,3.0,0.0,5.0,0.5028571428571429,13.937496999998984,2.0114942528735633,10.989952000003541,13.0,7.0,6.0,5.0,0.8333333333333334,0.0,0.0,1.182898706017625,2.97395300000062,0.9158293333336284,2587.9490430000005,662.0,276.0,21.0,176.0,8.380952380952381,3.0,11.0,0.2558010181037401,50.90900099999999,3.9152027881996982,2180.9700250000024,517.0,210.0,14.0,91.0,6.5,2.0,9.0,0.2370504839927818,72.97748299999512,4.226686094961245,647.9957330000034,191.0,87.0,16.0,52.0,3.25,0.0,7.0,0.2947550273452171,37.01357499999722,3.4105038578947546,4,young-old,12.0,11.0,5.0
218,16,153.39263500000015,77.0,30.0,13.0,25.0,1.9230769230769231,0.0,0.0,0.501979772366515,12.927173000000039,2.018324144736844,243.6797039999983,96.0,29.0,5.0,19.0,3.8,2.0,2.0,0.3939597694192893,17.312945999998192,2.5650495157894557,217.0458660000004,64.0,18.0,3.0,8.0,2.6666666666666665,0.0,0.0,0.2948685509633244,14.002950000001874,3.4451724761904825,572.3535169999959,231.0,69.0,16.0,53.0,3.3125,0.0,0.0,0.40359671625814725,17.305152000000817,2.488493552173895,139.62959899999987,111.0,42.0,14.0,38.0,2.7142857142857144,0.0,1.0,0.7949603865868017,8.462635000003502,1.2693599909090898,161.43144200000097,49.0,12.0,4.0,8.0,2.0,0.0,0.0,0.3035344254683651,12.005961000002571,3.363155041666687,136.13899800000218,72.0,27.0,7.0,21.0,3.0,1.0,4.0,0.5288712349711788,9.511434000000008,1.9174506760563688,75.15992800000095,40.0,12.0,7.0,8.0,1.1428571428571428,0.0,0.0,0.5321984874706039,7.823030999999901,1.9271776410256654,280.3182650000017,108.0,38.0,7.0,23.0,3.2857142857142856,0.0,2.0,0.3852763572148941,38.029992999996466,2.619796869158894,30.756076000005123,28.0,9.0,4.0,8.0,2.0,0.0,0.0,0.9103892187025203,5.041352000000188,1.1391139259261156,289.08992600000056,200.0,60.0,7.0,44.0,6.285714285714286,0.0,0.0,0.6918262520154356,11.196090000004915,1.4527131959799022,686.0619329999972,105.0,26.0,3.0,7.0,2.3333333333333335,0.0,0.0,0.15304740716462464,31.73386600000231,6.596749355769204,168.61242800000036,54.0,17.0,6.0,10.0,1.6666666666666667,0.0,1.0,0.32026109012557413,15.640469000005396,3.1813665660377426,643.3898679999984,224.0,44.0,5.0,21.0,4.2,3.0,1.0,0.348155933347711,24.017030000002705,2.8851563587443874,162.06283900000562,76.0,33.0,7.0,20.0,2.857142857142857,0.0,0.0,0.4689538975680746,18.728219000004174,2.1608378533334083,146.0190039999943,59.0,22.0,6.0,10.0,1.6666666666666667,0.0,0.0,0.40405699521140614,14.352786000003107,2.5175690344826607,,,,,,,,,,,,,,,,,,,,,,,,,,,,,,,,,,,,,,,,,,,,,,,,,,,,,,,,,,,,,,,,,,,,,,,,,,,,,,,,,,,,,,,,,2159.450571999998,925.0,295.0,24.0,228.0,9.5,3.0,7.0,0.42834969783230625,17.312945999998192,2.3370677186147164,2874.061213000001,991.0,293.0,16.0,184.0,11.5,3.0,4.0,0.34480824399894217,38.029992999996466,2.903092134343435,,,,,,,,,,,,1,dementia,31.0,,
220,24,259.99151300000085,119.0,57.0,19.0,50.0,2.6315789473684212,0.0,0.0,0.45770724831313864,20.913550999997824,2.2033179067796684,177.0324959999998,23.0,4.0,1.0,0.0,0.0,4.0,2.0,0.12991965045784604,33.99064499999804,8.046931636363627,468.9812619999939,149.0,66.0,17.0,42.0,2.4705882352941178,0.0,0.0,0.3177099216386218,40.00087899999926,3.1687923108107694,656.9550040000031,102.0,31.0,4.0,8.0,2.0,0.0,0.0,0.15526177497538252,38.01746300000377,6.504504990099041,75.95585100000608,56.0,28.0,11.0,27.0,2.4545454545454546,0.0,0.0,0.7372703914540503,18.993118999998842,1.3810154727273833,217.0089500000031,50.0,20.0,4.0,5.0,1.25,0.0,0.0,0.2304052436546939,30.001039999995555,4.428754081632716,513.0024869999979,112.0,43.0,7.0,30.0,4.285714285714286,0.0,4.0,0.21832252832723684,74.06108799999492,4.621644027027008,77.01406400000269,36.0,18.0,8.0,13.0,1.625,0.0,0.0,0.46744708862525086,15.016804999999295,2.2004018285715055,123.05879000000277,41.0,19.0,5.0,10.0,2.0,0.0,0.0,0.33317408695469114,19.93069700000342,3.0764697500000695,37.060793000004196,12.0,5.0,3.0,3.0,1.0,0.0,0.0,0.3237923160467355,19.999353999999585,3.3691630000003814,121.01514300000417,40.0,19.0,5.0,10.0,2.0,0.0,0.0,0.33053714608260737,20.935818000005384,3.1029523846154916,319.9856790000049,56.0,23.0,3.0,3.0,1.0,0.0,0.0,0.17500783214738538,33.0634859999991,5.817921436363726,218.9572840000037,40.0,19.0,9.0,14.0,1.5555555555555556,0.0,0.0,0.1826840343890972,39.940479000004416,5.614289333333429,434.9307550000012,104.0,32.0,5.0,7.0,1.4,3.0,6.0,0.2391185235911857,36.96074799999769,4.2226286893204,132.02051899999788,49.0,21.0,7.0,9.0,1.2857142857142858,0.0,0.0,0.3711544263812566,11.040502999996534,2.7504274791666226,1.2941500000015367,5.0,2.0,2.0,1.0,0.5,0.0,0.0,3.8635397751373977,1.2222099999999045,0.32353750000038417,370.98889000000054,60.0,25.0,3.0,16.0,5.333333333333333,0.0,0.0,0.16172991056416788,45.32332999999926,6.287947288135602,332.4928199999995,139.0,63.0,11.0,49.0,4.454545454545454,0.0,2.0,0.4180541402367733,41.89774999999645,2.4093682608695617,11.338120000000345,15.0,7.0,6.0,6.0,1.0,0.0,0.0,1.3229706512190331,1.8741300000037882,0.809865714285739,376.34006000000227,149.0,67.0,13.0,51.0,3.923076923076923,0.0,3.0,0.39591852113750287,41.89774999999645,2.5428382432432586,123.6886599999998,45.0,20.0,5.0,12.0,2.4,0.0,1.0,0.36381669912181175,12.879249999998137,2.8111059090909047,172.27200999999332,55.0,25.0,9.0,19.0,2.111111111111111,0.0,2.0,0.31926254299814655,41.89774999999645,3.190222407407284,188.77958000000217,105.0,47.0,10.0,36.0,3.6,0.0,1.0,0.5562042250544195,10.519090000001597,1.8151882692307901,4.397420000001148,6.0,4.0,4.0,3.0,0.75,0.0,0.0,1.3644364195365541,2.32148999999481,0.8794840000002295,2903.999515000003,762.0,316.0,28.0,215.0,7.678571428571429,4.0,6.0,0.26239673803802244,74.06108799999492,3.8160309001314103,3383.4785669999983,1129.0,484.0,30.0,353.0,11.766666666666667,4.0,11.0,0.333680257653011,54.43699000000197,2.999537736702126,752.3657900000035,214.0,95.0,17.0,71.0,4.176470588235294,0.0,3.0,0.2844361118545794,45.32332999999926,3.532233755868561,4,young-old,10.0,12.0,4.0
221,16,597.9682059999977,252.0,96.0,20.0,82.0,4.1,0.0,4.0,0.4214270883826906,34.01699899999949,2.382343450199194,235.03636600000027,103.0,33.0,6.0,18.0,3.0,8.0,2.0,0.4382300567053521,19.068704999997863,2.304278098039218,245.08082399999694,55.0,10.0,4.0,6.0,1.5,0.0,0.0,0.22441576253228482,18.00231100000383,4.5385337777777215,470.99771400000463,89.0,18.0,4.0,12.0,3.0,0.0,0.0,0.18896057741800235,28.004202999996778,5.352246750000052,70.97691400000622,64.0,28.0,8.0,23.0,2.875,0.0,0.0,0.9017016434385186,9.014477999997325,1.1266176825397813,134.0042489999978,65.0,26.0,7.0,22.0,3.142857142857143,0.0,0.0,0.4850592461437627,20.001946000003954,2.0938163906249656,468.0011900000027,169.0,70.0,11.0,47.0,4.2727272727272725,0.0,2.0,0.3611101929035673,30.965038000002096,2.785721369047635,75.02197100000194,47.0,23.0,7.0,18.0,2.5714285714285716,0.0,1.0,0.6264831405189126,10.019775000000664,1.6309124130435204,48.96708000000217,18.0,8.0,5.0,5.0,1.0,0.0,0.0,0.3675939018622144,11.94792199999938,2.880416470588363,25.995435999997426,14.0,6.0,3.0,4.0,1.3333333333333333,0.0,0.0,0.538556075766584,12.054331999999704,1.9996489230767251,200.05887799999618,68.0,32.0,4.0,20.0,5.0,0.0,0.0,0.33989993685759495,25.02390299999388,2.9859534029850177,198.9724700000006,7.0,2.0,2.0,1.0,0.5,0.0,0.0,0.03518074636154428,135.9993669999967,33.16207833333343,188.99779699999635,23.0,9.0,4.0,6.0,1.5,0.0,3.0,0.1216945401749865,72.08015100000193,8.590808954545288,602.9660000000003,116.0,35.0,8.0,18.0,2.25,3.0,8.0,0.19238232338141775,42.003756000005524,5.243182608695655,121.98104899999453,34.0,17.0,7.0,10.0,1.4285714285714286,0.0,0.0,0.2787318216947087,30.970429000000877,3.6963954242422585,468.98232799999823,31.0,10.0,6.0,7.0,1.1666666666666667,0.0,0.0,0.06610057170427137,156.0076010000048,15.632744266666608,,,,,,,,,,,,,,,,,,,,,,,,,,,,,,,,,,,,,,,,,,,,,,,,,,,,,,,,,,,,,,,,,,,,,,,,,,,,,,,,,,,,,,,,,2757.9835590000002,1016.0,366.0,22.0,277.0,12.590909090909092,8.0,9.0,0.36838508216792454,35.00323000000208,2.7172251812807886,2425.9432579999993,453.0,186.0,14.0,125.0,8.928571428571429,3.0,11.0,0.1867314903207848,156.0076010000048,5.36713110176991,,,,,,,,,,,,3,middle-aged,12.0,,
222,23,187.75372100000095,304.0,109.0,21.0,98.0,4.666666666666667,0.0,4.0,1.6191423444545125,5.870057000000088,0.6196492442244256,201.93362799999886,85.0,29.0,3.0,14.0,4.666666666666667,4.0,2.0,0.4209303860969629,27.36779099999694,2.4039717619047485,303.10048700000334,195.0,74.0,8.0,38.0,4.75,0.0,0.0,0.6433509953416797,16.658709000003,1.562373644329914,460.7048339999965,223.0,84.0,6.0,43.0,7.166666666666667,0.0,0.0,0.4840409380206367,18.352649000000383,2.075246999999984,66.9270519999991,119.0,41.0,20.0,35.0,1.75,0.0,4.0,1.7780553071424932,4.184414999996079,0.5671784067796534,20.839951000001747,53.0,23.0,8.0,21.0,2.625,0.0,0.0,2.5431921600965164,1.5285279999952763,0.4007682884615721,493.91060599999764,405.0,142.0,10.0,93.0,9.3,3.0,22.0,0.8199864410281603,21.34220700000151,1.2225510049504893,129.6709090000004,193.0,81.0,14.0,70.0,5.0,0.0,2.0,1.4883831808412742,12.740222000000358,0.6753693177083354,67.93932700000005,88.0,35.0,9.0,30.0,3.3333333333333335,0.0,2.0,1.2952733547095623,5.63579700000264,0.7809118045977017,42.11385999999766,60.0,20.0,9.0,15.0,1.6666666666666667,0.0,0.0,1.4247091100175415,6.499920000002021,0.7137942372880959,143.05808000000252,145.0,54.0,8.0,43.0,5.375,0.0,0.0,1.0135743468666534,6.568197000000509,0.9934588888889064,228.35906899999827,111.0,42.0,6.0,25.0,4.166666666666667,0.0,0.0,0.48607660070641134,15.861573000001954,2.0759915363636208,207.26235799999995,220.0,95.0,11.0,77.0,7.0,0.0,0.0,1.0614566104666243,10.723776999999245,0.9464034611872144,425.468237999994,285.0,103.0,8.0,57.0,7.125,3.0,2.0,0.6698502368583481,23.371641999998246,1.4981275985915283,92.3759080000018,73.0,31.0,12.0,23.0,1.9166666666666667,0.0,0.0,0.7902493364395247,8.609475999997812,1.2829987222222472,308.54829299999983,168.0,66.0,6.0,33.0,5.5,0.0,2.0,0.5444852679836414,32.971270999994886,1.8475945688622744,362.7629010000019,271.0,104.0,19.0,77.0,4.052631578947368,3.0,8.0,0.7470444173121181,53.459861999996065,1.3435663000000069,,,,,,,,,,,,194.45888299999933,187.0,68.0,15.0,52.0,3.466666666666667,1.0,8.0,0.9616428785102126,31.38335700000607,1.0454778655913943,188.924500000001,88.0,33.0,13.0,21.0,1.6153846153846154,0.0,3.0,0.46579453697111567,53.459861999996065,2.1715459770115055,218.6298700000043,94.0,39.0,9.0,21.0,2.3333333333333335,0.0,3.0,0.42995039973265387,53.459861999996065,2.3508588172043474,134.7746380000026,71.0,26.0,5.0,13.0,2.6,1.0,7.0,0.5268053474571279,31.38335700000607,1.9253519714286085,407.8373189999984,268.0,99.0,15.0,65.0,4.333333333333333,3.0,11.0,0.657124759100334,53.459861999996065,1.5274805955056119,6.047757000000274,14.0,6.0,6.0,5.0,0.8333333333333334,0.0,0.0,2.314907824504087,2.639273000000685,0.465212076923098,2313.2955100000036,1896.0,710.0,28.0,510.0,18.214285714285715,7.0,34.0,0.819609942527402,29.30234300000302,1.2207364168865453,1732.187410999999,1310.0,516.0,22.0,364.0,16.545454545454547,3.0,6.0,0.7562692071776065,32.971270999994886,1.3232906119174934,446.19913400000223,347.0,131.0,22.0,97.0,4.409090909090909,3.0,11.0,0.7776796805705998,53.459861999996065,1.2895928728323764,4,young-old,10.0,14.0,4.0
223,20,116.0295119999937,43.0,19.0,8.0,12.0,1.5,0.0,2.0,0.3705953705984934,15.010107999994943,2.7626074285712785,46.02836400000524,31.0,14.0,10.0,11.0,1.1,5.0,0.0,0.673497758903542,8.925826999999117,1.5342788000001746,4.0372650000063,38.0,3.0,3.0,2.0,0.6666666666666666,0.0,0.0,9.412312543254084,0.9138049999965006,0.10911527027044055,456.99797899999976,1612.0,61.0,11.0,40.0,3.6363636363636362,0.0,0.0,3.5273678967407442,27.0302920000031,0.2836734816883921,,,,,,,,,,,,,,,,,,,,,,,263.05543999999645,58.0,23.0,7.0,7.0,1.0,4.0,3.0,0.22048584131162915,38.00938999999926,4.615007719298183,94.9708610000016,464.0,13.0,7.0,10.0,1.4285714285714286,0.0,0.0,4.885709101868542,23.928654000003007,0.20512065010799482,208.99733299999934,159.0,34.0,8.0,20.0,2.5,0.0,0.0,0.7607752583139447,34.00123999999778,1.3227679303797426,24.04106099999626,15.0,6.0,5.0,4.0,0.8,0.0,1.0,0.6239325294338022,7.909223000002385,1.7172186428568759,13.971392999999807,18.0,8.0,7.0,7.0,1.0,0.0,2.0,1.288346838429085,3.0050759999940055,0.8218466470588122,23.075380999995105,20.0,10.0,6.0,7.0,1.1666666666666667,0.0,0.0,0.8667245840926415,6.018708000003244,1.2144937368418476,11.934321000000637,22.0,11.0,9.0,10.0,1.1111111111111112,0.0,0.0,1.843422847432948,1.9934869999997318,0.5683010000000304,159.02638099999604,66.0,31.0,7.0,24.0,3.4285714285714284,4.0,2.0,0.41502547932598455,19.981316999997944,2.4465597076922467,,,,,,,,,,,,0.989132000002428,3.0,3.0,3.0,2.0,0.6666666666666666,0.0,0.0,3.0,0.9638709999999264,0.494566000001214,318.9510699999955,67.0,30.0,5.0,13.0,2.6,0.0,2.0,0.21006356868469178,73.90307200000098,4.832591969696902,375.0648150000052,90.0,40.0,5.0,19.0,3.8,0.0,2.0,0.23995852556843744,73.90307200000098,4.21421140449444,14.98407999999472,17.0,10.0,7.0,8.0,1.1428571428571428,0.0,0.0,1.1345374557534391,4.935175999999046,0.93650499999967,42.020173000004434,19.0,11.0,8.0,7.0,0.875,0.0,1.0,0.4521637738140201,13.066131999999925,2.3344540555558018,,,,,,,,,,,,130.03514200000063,46.0,19.0,4.0,14.0,3.5,1.0,1.0,0.3537505269152532,14.070512999998755,2.889669822222236,463.9228249999942,123.0,54.0,9.0,30.0,3.3333333333333335,1.0,4.0,0.2651303048087827,73.90307200000098,3.8026461065573294,6.064001999999164,6.0,5.0,5.0,4.0,0.8,0.0,0.0,0.9894455839560784,2.0681750000003376,1.2128003999998327,2065.0185619999975,5048.0,412.0,28.0,328.0,11.714285714285714,12.0,10.0,2.4445300845678335,50.96949499999755,0.40915763067168565,1482.0364120000013,1149.0,303.0,28.0,232.0,8.285714285714286,4.0,6.0,0.7752845953693066,218.04238199999963,1.2909724843205586,474.03339699999924,131.0,61.0,14.0,37.0,2.642857142857143,1.0,4.0,0.27635183687279363,73.90307200000098,3.6464107461538404,5,old-old,15.0,13.0,3.0
225,8,339.51436000000103,155.0,66.0,20.0,59.0,2.95,0.0,0.0,0.4565344452588089,15.74717000000237,2.204638701298708,258.49379000000044,63.0,21.0,2.0,6.0,3.0,3.0,2.0,0.2437195880024812,28.503429999997024,4.169254677419362,333.85894000000553,67.0,26.0,3.0,8.0,2.6666666666666665,0.0,0.0,0.2006835581518317,37.13791000000492,5.058468787878872,461.7613000000056,108.0,33.0,4.0,17.0,4.25,0.0,0.0,0.23388707542186557,24.009899999997288,4.315526168224351,56.942610000005516,56.0,21.0,9.0,19.0,2.111111111111111,0.0,0.0,0.9834463155095029,3.7657599999947706,1.035320181818282,149.84188999999606,22.0,7.0,2.0,2.0,1.0,0.0,0.0,0.1468214262380205,47.993679999999586,7.135328095237908,586.3796199999997,138.0,41.0,6.0,25.0,4.166666666666667,0.0,6.0,0.23534242203028827,35.24247999999352,4.28014321167883,110.74577999999747,45.0,18.0,8.0,16.0,2.0,0.0,0.0,0.4063360247225766,32.71226000000024,2.5169495454544877,,,,,,,,,,,,,,,,,,,,,,,,,,,,,,,,,,,,,,,,,,,,,,,,,,,,,,,,,,,,,,,,,,,,,,,,,,,,,,,,,,,,,,,,,,,,,,,,,,,,,,,,,,,,,,,,,,,,,,,,,,,,,,,,,,,,,,,,,,,,,,,,,,,,,,,,,,,,,,,,,,,,,,,,,,,,,,,,,2827.8169199999975,818.0,294.0,23.0,211.0,9.173913043478262,3.0,8.0,0.2892690804042578,47.993679999999586,3.4612202203182343,,,,,,,,,,,,,,,,,,,,,,,4,young-old,12.0,,
227,21,422.452793000004,222.0,85.0,24.0,65.0,2.7083333333333335,0.0,0.0,0.5255025027139492,20.091976000003342,1.9115510995475296,299.3575439999986,68.0,9.0,2.0,2.0,1.0,10.0,2.0,0.22715311961538648,29.476785000006203,4.468023044776099,222.94379400000616,71.0,19.0,2.0,8.0,4.0,0.0,0.0,0.31846591791650425,17.252951000002213,3.184911342857231,566.5357749999966,174.0,35.0,4.0,21.0,5.25,0.0,0.0,0.30712976598874275,36.44400999999925,3.2747732658959343,55.97486200000276,65.0,25.0,13.0,21.0,1.6153846153846154,0.0,0.0,1.1612355560608045,3.3878850000037346,0.8746072187500431,122.15290599999571,47.0,16.0,6.0,13.0,2.1666666666666665,0.0,0.0,0.38476366661306977,29.417007999996713,2.655497956521646,438.6248590000032,175.0,46.0,8.0,25.0,3.125,2.0,10.0,0.3989741949395502,17.30469200000516,2.520832522988524,31.643466000001354,28.0,10.0,5.0,8.0,1.6,0.0,0.0,0.8848588204591369,3.8654659999956493,1.1719802222222724,55.562284999999974,32.0,16.0,8.0,13.0,1.625,0.0,0.0,0.5759302375703234,15.768316000001505,1.7923317741935476,42.26323699999921,31.0,6.0,4.0,5.0,1.25,0.0,0.0,0.7334980044240478,5.811822000003303,1.4087745666666402,251.25527000000147,150.0,49.0,6.0,35.0,5.833333333333333,0.0,0.0,0.5970024031734702,13.809284000002663,1.6862769798657817,183.51801699999487,91.0,37.0,7.0,22.0,3.142857142857143,0.0,0.0,0.4958641199790348,18.14705700000195,2.039089077777721,106.963244999999,53.0,20.0,9.0,17.0,1.8888888888888888,0.0,0.0,0.4954973084446016,21.89446499999758,2.0569854807692116,473.0871990000014,196.0,51.0,7.0,21.0,3.0,9.0,20.0,0.4142999438883558,20.340621999996074,2.4260882000000072,71.85244799999782,24.0,8.0,5.0,5.0,1.0,0.0,0.0,0.3340178472416239,17.301322999999684,3.1240194782607746,,,,,,,,,,,,865.3851649999997,304.0,113.0,14.0,57.0,4.071428571428571,2.0,6.0,0.35128866578155415,25.85367199999746,2.8560566501650153,715.357597000002,275.0,100.0,12.0,54.0,4.5,2.0,9.0,0.38442312090242503,25.85367199999746,2.6107941496350437,724.6160549999986,282.0,102.0,15.0,57.0,3.8,2.0,6.0,0.38917161447658033,25.85367199999746,2.578704822064052,,,,,,,,,,,,,,,,,,,,,,,179.22892400000273,73.0,22.0,3.0,12.0,4.0,2.0,3.0,0.40730033060957777,11.316891999995278,2.4892906111111492,713.4230160000006,267.0,94.0,14.0,49.0,3.5,2.0,6.0,0.3742520131982955,25.85367199999746,2.682041413533837,92.93133900000248,58.0,26.0,11.0,20.0,1.8181818181818181,0.0,4.0,0.6241166932932974,7.134001999998873,1.630374368421096,2633.043126000004,1078.0,325.0,25.0,227.0,9.08,12.0,12.0,0.4094122080095388,36.44400999999925,2.4447939888579424,1528.9981599999956,723.0,232.0,19.0,155.0,8.157894736842104,9.0,20.0,0.47285864621315316,27.23342799999955,2.1177259833794952,975.5646200000047,377.0,145.0,19.0,83.0,4.368421052631579,2.0,10.0,0.3864428785865545,25.85367199999746,2.5945867553191615,6,other medical,15.0,,
228,16,191.98227000000043,105.0,46.0,14.0,41.0,2.9285714285714284,0.0,0.0,0.5469255051521151,15.08394699999917,1.8459833653846194,154.93824499999755,36.0,14.0,1.0,0.0,0.0,3.0,2.0,0.2323506375072247,41.01588100000663,4.42680699999993,228.06092800000624,38.0,16.0,4.0,13.0,3.25,0.0,0.0,0.16662214055359348,35.963080000001355,6.163808864865033,457.9379389999958,47.0,16.0,4.0,7.0,1.75,0.0,0.0,0.10263399469070945,100.00494299999991,9.955172586956431,68.01370699999825,57.0,25.0,9.0,21.0,2.3333333333333335,0.0,0.0,0.8380663621231742,6.001051999999618,1.2145304821428258,107.97853600000235,17.0,7.0,4.0,5.0,1.25,0.0,0.0,0.1574386968906453,52.001963999995496,6.748658500000147,253.0489480000033,42.0,16.0,6.0,6.0,1.0,0.0,2.0,0.16597579374247964,43.962886999994225,6.17192556097569,36.05599899999652,18.0,7.0,5.0,6.0,1.2,0.0,2.0,0.4992234440654865,17.00637700000516,2.1209411176468542,64.03486100000009,31.0,16.0,5.0,13.0,2.6,0.0,0.0,0.4841113030603745,8.004650000002584,2.1344953666666697,34.08879700000398,10.0,5.0,3.0,3.0,1.0,0.0,0.0,0.29335150782818276,27.02071000000433,3.787644111111553,103.00507699999434,29.0,15.0,4.0,8.0,2.0,0.0,0.0,0.2815395206199554,15.997812999994494,3.678752749999798,171.93583399999625,32.0,13.0,3.0,3.0,1.0,0.0,0.0,0.18611594369560389,41.01623500000278,5.54631722580633,241.04055399999925,39.0,16.0,4.0,5.0,1.25,0.0,0.0,0.16179849968317,110.05078499999945,6.343172473684191,383.00595500000054,104.0,34.0,4.0,15.0,3.75,2.0,8.0,0.2715362480460646,28.005056000001787,3.7185044174757333,131.0000579999978,37.0,17.0,7.0,15.0,2.142857142857143,0.0,0.0,0.28244262304067547,34.91518800000631,3.638890499999939,137.05858699999953,35.0,16.0,4.0,6.0,1.5,0.0,0.0,0.25536524756380363,31.982372999998915,4.031134911764692,,,,,,,,,,,,,,,,,,,,,,,,,,,,,,,,,,,,,,,,,,,,,,,,,,,,,,,,,,,,,,,,,,,,,,,,,,,,,,,,,,,,,,,,,1781.9780479999972,454.0,186.0,18.0,133.0,7.388888888888889,3.0,6.0,0.25477305992043325,100.00494299999991,3.933726375275932,1676.035877000002,447.0,184.0,14.0,106.0,7.571428571428571,2.0,8.0,0.2667007348315847,110.05078499999945,3.7579279753363277,,,,,,,,,,,,8,younger adult,9.0,,
229,16,587.1516499999998,204.0,92.0,18.0,76.0,4.222222222222222,0.0,0.0,0.34744005232719705,38.14077000000543,2.892372660098521,503.3096300000034,63.0,15.0,2.0,4.0,2.0,4.0,2.0,0.1251714575777133,38.681299999996554,8.11789725806457,368.04728000000614,112.0,45.0,4.0,21.0,5.25,0.0,0.0,0.3043087290306782,19.05754999999772,3.3157412612613166,655.5690199999954,143.0,45.0,4.0,25.0,6.25,0.0,0.0,0.21813111302910715,68.1296399999992,4.616683239436587,95.9212600000028,68.0,29.0,10.0,25.0,2.5,0.0,0.0,0.7089147911526393,10.11601000000519,1.4316605970149672,244.44968000000517,39.0,11.0,4.0,7.0,1.75,0.0,0.0,0.15954203744508552,23.463960000000952,6.4328863157896095,855.2687500000029,174.0,57.0,8.0,32.0,4.0,0.0,4.0,0.20344482362999866,33.71512000000075,4.9437500000000165,124.51335000000108,54.0,24.0,6.0,18.0,3.0,0.0,1.0,0.43368843581832417,14.137420000006387,2.349308490566058,164.63971999999922,59.0,25.0,5.0,20.0,4.0,0.0,0.0,0.3583582382185798,29.037709999996878,2.838615862068952,58.238530000002356,21.0,4.0,3.0,3.0,1.0,0.0,0.0,0.36058602440685145,13.015059999997902,2.911926500000118,373.2445299999963,141.0,41.0,7.0,27.0,3.857142857142857,0.0,0.0,0.3777684297208626,22.766069999997853,2.666032357142831,273.98577999999543,31.0,8.0,3.0,5.0,1.6666666666666667,0.0,0.0,0.11314455808619162,44.559079999999085,9.132859333333181,261.9655700000003,130.0,54.0,7.0,37.0,5.285714285714286,0.0,1.0,0.4962484192102033,13.999400000000605,2.0307408527131807,411.0772900000011,142.0,25.0,7.0,11.0,1.5714285714285714,4.0,4.0,0.34543382340581164,22.975789999996778,2.915441773049653,89.25529000000097,44.0,18.0,6.0,12.0,2.0,0.0,0.0,0.492967979825056,11.343970000001718,2.0757044186046736,170.7479200000016,30.0,9.0,5.0,4.0,0.8,0.0,0.0,0.17569760147004845,54.5844900000011,5.887859310344883,,,,,,,,,,,,,,,,,,,,,,,,,,,,,,,,,,,,,,,,,,,,,,,,,,,,,,,,,,,,,,,,,,,,,,,,,,,,,,,,,,,,,,,,,4112.165330000003,1018.0,380.0,21.0,266.0,12.666666666666666,4.0,7.0,0.24755813988636471,68.1296399999992,4.04342706981318,2359.5547000000006,737.0,231.0,17.0,164.0,9.647058823529411,4.0,5.0,0.31234707125035066,54.5844900000011,3.2059167119565224,,,,,,,,,,,,5,old-old,16.0,,
230,24,221.72694800000318,370.0,131.0,23.0,117.0,5.086956521739131,0.0,4.0,1.6687191310638285,6.756722999998601,0.600886037940388,188.77477599999838,130.0,56.0,6.0,40.0,6.666666666666667,0.0,0.0,0.6886513270183995,8.058849000000919,1.4633703565891347,295.08972099999664,79.0,33.0,4.0,16.0,4.0,0.0,0.0,0.2677151875446075,44.25659099999757,3.783201551282008,447.0318780000016,277.0,122.0,11.0,92.0,8.363636363636363,0.0,0.0,0.6196426108117484,28.437645999998495,1.6196807173913101,66.9133159999983,120.0,40.0,13.0,37.0,2.8461538461538463,0.0,4.0,1.7933650157167975,7.676938999997219,0.5622967731092294,185.21790500000498,42.0,18.0,3.0,12.0,4.0,0.0,0.0,0.22675993446745266,63.554158999999345,4.517509878048902,321.13175700000284,296.0,117.0,11.0,92.0,8.363636363636363,0.0,4.0,0.9217400445387822,15.151363000004494,1.0885822271186536,115.46057899999869,158.0,64.0,12.0,57.0,4.75,0.0,4.0,1.3684324240224173,7.301389000000199,0.7354177006369343,53.8911439999938,86.0,33.0,10.0,30.0,3.0,0.0,0.0,1.5958095081449726,4.462789999997767,0.6340134588234565,28.520297000002756,38.0,16.0,9.0,15.0,1.6666666666666667,0.0,0.0,1.3323844418589443,4.751612000000023,0.7708188378379124,167.05645000000368,183.0,77.0,8.0,61.0,7.625,0.0,0.0,1.0954380989180361,6.936764999998559,0.9178925824176026,223.62584999999672,98.0,35.0,4.0,27.0,6.75,0.0,0.0,0.43823198436138505,42.213111999997636,2.305421134020585,183.3261580000035,235.0,96.0,11.0,82.0,7.454545454545454,0.0,2.0,1.2818683518147778,8.818633000002592,0.7834451196581346,359.84663400000136,329.0,145.0,8.0,115.0,14.375,0.0,0.0,0.9142783867196012,13.881058999999368,1.0970933963414675,101.54675100000168,74.0,33.0,9.0,26.0,2.888888888888889,0.0,0.0,0.7287283863961219,7.700158999999985,1.391051383561667,147.56884300000092,57.0,27.0,6.0,18.0,3.0,0.0,0.0,0.38626039779955207,20.91882700000133,2.635157910714302,644.2581370000044,429.0,181.0,19.0,140.0,7.368421052631579,0.0,4.0,0.6658821602124322,52.17116000000533,1.5052760210280476,218.2379060000021,151.0,58.0,8.0,44.0,5.5,0.0,0.0,0.6919054657718285,33.03661899999861,1.4549193733333474,27.822048000001814,50.0,24.0,10.0,21.0,2.1,0.0,0.0,1.79713585426913,4.872002000003704,0.5677968979592207,228.00739199999953,242.0,107.0,18.0,87.0,4.833333333333333,0.0,4.0,1.061369098068542,13.845394999996643,0.9460887634854752,21.945646000000124,18.0,7.0,4.0,6.0,1.5,0.0,0.0,0.8202082545211883,8.791490999996313,1.2909203529411837,114.35375799999747,99.0,44.0,6.0,33.0,5.5,0.0,2.0,0.865734556795258,13.845394999996643,1.1668750816326272,436.46283499999845,387.0,160.0,19.0,128.0,6.7368421052631575,0.0,4.0,0.8866734323439048,33.03661899999861,1.1307327331606178,16.44774999999936,37.0,17.0,15.0,16.0,1.0666666666666667,0.0,0.0,2.2495478104908844,2.6470179999960237,0.45688194444442665,2124.8868720000028,1608.0,636.0,28.0,516.0,18.428571428571427,0.0,16.0,0.7567461690261682,63.554158999999345,1.3222693665214702,1423.8358679999947,1204.0,505.0,19.0,419.0,22.05263157894737,0.0,2.0,0.8456030832340322,47.92261399999552,1.1835709625935118,715.6697910000003,500.0,211.0,21.0,166.0,7.904761904761905,0.0,4.0,0.6986462280339563,52.17116000000533,1.4342079979959925,3,middle-aged,10.0,12.0,4.0
231,16,319.1355560000011,192.0,75.0,20.0,65.0,3.25,0.0,0.0,0.6016252228567078,12.824125999999524,1.6708667853403198,173.19577600000048,46.0,12.0,2.0,3.0,1.5,4.0,2.0,0.26559539188761666,22.142899000005855,3.848795022222233,329.8981530000019,57.0,20.0,2.0,10.0,5.0,0.0,0.0,0.17278059753186817,35.67555800000264,5.891038446428605,430.3006530000057,130.0,41.0,10.0,29.0,2.9,0.0,0.0,0.30211434515298835,21.997200999998313,3.33566397674423,60.79698199999984,65.0,26.0,15.0,23.0,1.5333333333333334,0.0,0.0,1.0691320171122995,4.756066000001738,0.9499528437499976,108.11943500000052,39.0,17.0,9.0,14.0,1.5555555555555556,0.0,0.0,0.36071220682941796,32.2836479999969,2.845248289473698,665.9314069999964,235.0,73.0,9.0,52.0,5.777777777777778,2.0,6.0,0.35288919779090894,28.870038999993994,2.845860713675198,131.16655100000207,75.0,30.0,9.0,26.0,2.888888888888889,0.0,1.0,0.5717921179462805,17.560122000002593,1.7725209594594875,188.73597999999765,142.0,64.0,9.0,55.0,6.111111111111111,0.0,0.0,0.752373765722899,6.499476000004506,1.3385530496453735,50.81029199999466,40.0,12.0,8.0,10.0,1.25,0.0,0.0,0.7872420807974141,7.378924999997253,1.302827999999863,290.3372390000004,169.0,60.0,8.0,49.0,6.125,0.0,0.0,0.5820817218696488,11.652366999995138,1.7281978511904785,168.30892599999788,34.0,13.0,2.0,2.0,1.0,0.0,0.0,0.20200948819553652,34.82283499999903,5.100270484848421,225.4665359999999,109.0,43.0,9.0,33.0,3.6666666666666665,0.0,2.0,0.4834420306169074,17.986738999999943,2.08765311111111,792.481538,425.0,125.0,16.0,88.0,5.5,5.0,14.0,0.5362900958835964,24.333980000003066,1.8690602311320754,56.91817599999922,37.0,12.0,8.0,8.0,1.0,0.0,0.0,0.650055968061951,11.556550000001153,1.5810604444444227,88.09520700000576,36.0,15.0,5.0,10.0,2.0,0.0,0.0,0.40864879289060124,12.123492999999144,2.5170059142858787,,,,,,,,,,,,,,,,,,,,,,,,,,,,,,,,,,,,,,,,,,,,,,,,,,,,,,,,,,,,,,,,,,,,,,,,,,,,,,,,,,,,,,,,,2704.091505000004,1069.0,354.0,24.0,278.0,11.583333333333334,6.0,11.0,0.39532685858572614,35.67555800000264,2.5319208848314645,2250.007399000002,1201.0,393.0,26.0,300.0,11.538461538461538,5.0,18.0,0.5337760224849816,34.82283499999903,1.875006165833335,,,,,,,,,,,,6,other medical,10.0,,
232,14,272.9761509999953,100.0,46.0,16.0,39.0,2.4375,0.0,0.0,0.3663323687203785,20.049666000006255,2.757334858585811,273.9287140000015,41.0,10.0,1.0,0.0,0.0,6.0,2.0,0.1496739768580806,46.99292499999865,6.8482178500000375,499.9530659999946,68.0,26.0,3.0,5.0,1.6666666666666667,0.0,0.0,0.13601276724643738,40.00205999999889,7.461986059701411,722.9721570000038,105.0,27.0,5.0,7.0,1.4,0.0,0.0,0.14523380877584674,50.004014000005554,6.951655355769267,93.96763099999953,58.0,28.0,9.0,24.0,2.6666666666666665,0.0,0.0,0.6172338217188884,12.974186999999802,1.6484391228069926,,,,,,,,,,,,1030.9300869999934,173.0,58.0,5.0,10.0,2.0,0.0,4.0,0.1678096334383159,60.07915700000012,5.993779575581357,62.99996000000101,21.0,8.0,5.0,6.0,1.2,0.0,1.0,0.333333544973674,37.96695600000385,3.1499980000000507,178.0745339999994,77.0,35.0,10.0,23.0,2.3,0.0,0.0,0.4324032093213298,18.00120600000082,2.3430859736842025,71.91490899999917,18.0,9.0,3.0,4.0,1.3333333333333333,0.0,0.0,0.2502958044485631,25.989747999999963,4.230288764705834,209.0235010000033,63.0,29.0,4.0,6.0,1.5,0.0,0.0,0.30140151561234735,14.984713000005286,3.371155032258098,625.9721089999948,92.0,30.0,3.0,4.0,1.3333333333333333,0.0,0.0,0.1469714044400032,57.961803999998665,6.878814384615327,323.9990640000033,52.0,21.0,4.0,11.0,2.75,0.0,1.0,0.16049429081066566,37.031417999998666,6.352922823529476,,,,,,,,,,,,159.0155539999978,34.0,11.0,7.0,8.0,1.1428571428571428,0.0,0.0,0.21381556171543115,28.99989399999322,4.818653151515084,235.95151800000167,50.0,19.0,5.0,6.0,1.2,0.0,2.0,0.2119079394945857,39.97111399999994,4.81533710204085,,,,,,,,,,,,,,,,,,,,,,,,,,,,,,,,,,,,,,,,,,,,,,,,,,,,,,,,,,,,,,,,,,,,,,,,,,,,,,,,,,,,,,,,,3607.994061999998,714.0,259.0,18.0,133.0,7.388888888888889,6.0,7.0,0.19789389553601777,60.07915700000012,5.060300227208973,2695.997006999998,589.0,233.0,23.0,121.0,5.260869565217392,0.0,3.0,0.21847205262865502,57.961803999998665,4.585028923469385,,,,,,,,,,,,1,dementia,21.0,,
233,24,496.6622959999986,210.0,81.0,21.0,65.0,3.0952380952380953,0.0,0.0,0.4228225127844224,16.816431999999622,2.3763746220095627,183.28492199999891,37.0,8.0,2.0,2.0,1.0,4.0,2.0,0.2018714883704412,29.991911999997683,5.091247833333303,179.68982099999994,48.0,20.0,3.0,12.0,4.0,0.0,0.0,0.26712698433819476,15.20046100000036,3.8231876808510625,499.2827099999995,116.0,34.0,5.0,15.0,3.0,0.0,0.0,0.2323333007065278,19.013937999996415,4.341588782608691,61.09792700000253,54.0,21.0,9.0,20.0,2.2222222222222223,0.0,0.0,0.8838270404820406,8.486881999997422,1.1527910754717459,124.70479299999715,34.0,13.0,4.0,12.0,3.0,0.0,0.0,0.2726438910812416,36.02174799999921,3.778933121212035,592.7799799999993,177.0,34.0,6.0,16.0,2.6666666666666665,3.0,12.0,0.29859308001596174,20.015905000000203,3.3680680681818145,258.45678000000044,81.0,24.0,7.0,14.0,2.0,0.0,1.0,0.3133986270354365,17.024640999996336,3.2307097500000053,84.64775199999713,45.0,16.0,6.0,11.0,1.8333333333333333,0.0,0.0,0.5316148265815911,10.905403999997361,1.92381254545448,34.57418599999801,34.0,12.0,8.0,11.0,1.375,0.0,0.0,0.9833926386582741,5.560231000003114,1.0477026060605457,203.7502900000036,111.0,40.0,6.0,31.0,5.166666666666667,0.0,0.0,0.5447845006748115,8.104729999999108,1.8522753636363962,256.0091639999955,53.0,20.0,2.0,11.0,5.5,0.0,0.0,0.20702383919351,22.220282999995106,4.923253153846067,166.95033700000204,80.0,34.0,5.0,23.0,4.6,0.0,1.0,0.47918441757921715,8.636806000002252,2.113295405063317,526.3056480000014,207.0,44.0,7.0,31.0,4.428571428571429,10.0,10.0,0.3933075785650688,25.524183000001358,2.5548817864077735,106.77813400000014,44.0,13.0,6.0,9.0,1.5,0.0,0.0,0.4120693849173272,17.031622999995307,2.4832124186046545,205.45992200000182,73.0,25.0,5.0,16.0,3.2,0.0,0.0,0.3553004366467118,23.230947999996715,2.853610027777803,515.3111960000024,105.0,40.0,2.0,20.0,10.0,0.0,0.0,0.20376037007354195,35.48909399999684,4.954915346153869,218.13086599999951,59.0,14.0,3.0,10.0,3.3333333333333335,2.0,9.0,0.27047983204724513,39.86017799999536,3.760876999999992,273.8881970000002,105.0,33.0,10.0,28.0,2.8,2.0,10.0,0.3833681084110387,39.86017799999536,2.6335403557692327,312.93522400000074,128.0,43.0,16.0,38.0,2.375,2.0,10.0,0.40903033657853644,39.86017799999536,2.4640568818897695,23.389212000001862,6.0,1.0,1.0,0.0,0.0,2.0,2.0,0.256528522636826,12.215791000002355,4.677842400000372,97.62207399999897,24.0,6.0,2.0,2.0,1.0,0.0,3.0,0.24584603682974665,39.86017799999536,4.244437999999955,261.9991030000019,90.0,26.0,8.0,21.0,2.625,2.0,10.0,0.34351262645353153,39.86017799999536,2.9438101460674373,8.076882000001206,10.0,5.0,5.0,4.0,0.8,0.0,0.0,1.2381015347257156,2.701993999995466,0.8974313333334673,2908.7850960000033,944.0,299.0,22.0,212.0,9.636363636363637,7.0,15.0,0.32453411608101795,39.007354000001214,3.0846077370095473,2023.8883940000014,824.0,260.0,15.0,191.0,12.733333333333333,10.0,11.0,0.407137074575269,25.940580000002228,2.4591596524908885,841.9558560000005,237.0,84.0,16.0,60.0,3.75,2.0,10.0,0.2814874417834085,39.86017799999536,3.567609559322036,4,young-old,10.0,10.0,4.0
234,8,292.74285399999644,176.0,61.0,20.0,55.0,2.75,0.0,0.0,0.601210234836346,10.262135999997554,1.6728163085714083,199.42393699999957,56.0,15.0,6.0,12.0,2.0,2.0,2.0,0.28080881785018674,20.02455999999802,3.625889763636356,261.2916169999953,79.0,24.0,3.0,11.0,3.6666666666666665,0.0,0.0,0.3023441812142079,12.45206099999632,3.3498925256409655,489.8596150000012,176.0,54.0,16.0,35.0,2.1875,0.0,5.0,0.3592866090828891,15.024928999999247,2.799197800000007,66.9278290000002,93.0,38.0,15.0,34.0,2.2666666666666666,0.0,0.0,1.389556502721756,3.327456999999413,0.7274764021739152,158.02287899999646,110.0,44.0,10.0,39.0,3.9,0.0,0.0,0.6961017334711542,13.730874000000767,1.449751183486206,632.8266999999978,250.0,92.0,16.0,77.0,4.8125,2.0,14.0,0.3950528636038917,21.65562299999874,2.5414726907630434,195.69751700000052,63.0,23.0,8.0,17.0,2.125,0.0,0.0,0.3219253926456299,33.39669899999717,3.1564115645161372,,,,,,,,,,,,,,,,,,,,,,,,,,,,,,,,,,,,,,,,,,,,,,,,,,,,,,,,,,,,,,,,,,,,,,,,,,,,,,,,,,,,,,,,,,,,,,,,,,,,,,,,,,,,,,,,,,,,,,,,,,,,,,,,,,,,,,,,,,,,,,,,,,,,,,,,,,,,,,,,,,,,,,,,,,,,,,,,,2836.6184799999974,1221.0,394.0,36.0,315.0,8.75,4.0,22.0,0.4304420945604222,33.39669899999717,2.3250971147540964,,,,,,,,,,,,,,,,,,,,,,,3,middle-aged,16.0,,
235,24,248.97952000000078,128.0,59.0,19.0,52.0,2.736842105263158,0.0,0.0,0.5140985089857977,23.21188699999766,1.960468661417329,155.26403199999913,23.0,2.0,2.0,1.0,0.5,4.0,2.0,0.14813475924675285,20.49388000000181,7.05745599999996,288.46306500000355,53.0,20.0,3.0,7.0,2.3333333333333335,0.0,0.0,0.18373236102167653,48.62119800000073,5.547366634615453,640.9364999999962,194.0,76.0,16.0,56.0,3.5,0.0,0.0,0.30268209097157234,53.542460999997274,3.320914507772001,66.04399199999898,54.0,23.0,9.0,20.0,2.2222222222222223,0.0,0.0,0.8176368260719435,5.932188999999198,1.2461130566037544,152.02948599999945,34.0,13.0,7.0,9.0,1.2857142857142858,0.0,0.0,0.22364082714849226,32.10960999999952,4.606954121212104,338.8692549999978,101.0,32.0,8.0,17.0,2.125,3.0,14.0,0.2980500547327631,27.703801000003295,3.388692549999978,51.772407999997085,28.0,13.0,8.0,11.0,1.375,0.0,0.0,0.5408286205270108,24.221239999998943,1.9174965925924847,126.65157900000486,56.0,26.0,5.0,21.0,4.2,0.0,0.0,0.44215792998520653,12.07651800000167,2.30275598181827,21.056502999999793,24.0,9.0,4.0,6.0,1.5,0.0,0.0,1.1397904010936781,3.45768500000122,0.9155001304347736,80.6085630000016,45.0,17.0,5.0,13.0,2.6,0.0,0.0,0.5582533458635047,5.981122000004689,1.8320127954545817,146.82318700000178,35.0,17.0,3.0,10.0,3.3333333333333335,0.0,0.0,0.23838196619447838,29.99945700000535,4.318329029411817,150.3241560000024,35.0,15.0,6.0,12.0,2.0,0.0,1.0,0.2328301780054527,49.77624099999957,4.421298705882424,383.6207209999993,146.0,43.0,7.0,23.0,3.2857142857142856,3.0,6.0,0.3805842385661964,32.14825500000006,2.6456601448275814,67.64062800000102,26.0,9.0,7.0,8.0,1.1428571428571428,0.0,0.0,0.3843843673361461,17.2900410000002,2.7056251200000405,154.50518100000045,52.0,22.0,7.0,19.0,2.7142857142857144,0.0,2.0,0.33655829314875757,53.77787800000078,3.0295133529411853,115.94894700000441,20.0,7.0,3.0,4.0,1.3333333333333333,0.0,0.0,0.17248970790566334,37.95345099999395,6.102576157894969,257.87616400000115,82.0,31.0,11.0,20.0,1.8181818181818181,2.0,8.0,0.3179820838346255,37.95345099999395,3.1836563456790268,391.8109140000015,132.0,52.0,14.0,37.0,2.642857142857143,2.0,12.0,0.33689720036741877,37.95345099999395,2.990923007633599,95.65415500000381,53.0,20.0,12.0,13.0,1.0833333333333333,2.0,6.0,0.5540794333502594,7.913966000000073,1.839502980769304,19.749289999999746,13.0,4.0,1.0,0.0,0.0,1.0,1.0,0.6582515118265095,4.280213999998523,1.6457741666666454,47.5250459999952,10.0,5.0,3.0,4.0,1.3333333333333333,0.0,1.0,0.21041536708877695,21.566665999998804,5.280560666666133,204.96479800000088,80.0,34.0,14.0,26.0,1.8571428571428572,0.0,6.0,0.3903109254887742,21.566665999998804,2.594491113924062,6.088991000004171,8.0,5.0,5.0,4.0,0.8,0.0,0.0,1.3138465798347412,1.8603470000016387,0.869855857143453,2479.5224070000004,841.0,334.0,37.0,262.0,7.081081081081081,7.0,18.0,0.339178221429156,53.542460999997274,2.9518123892857147,1530.4838990000062,547.0,203.0,16.0,158.0,9.875,3.0,9.0,0.3574033025485607,53.77787800000078,2.8030840641025754,415.21853900000133,152.0,61.0,20.0,46.0,2.3,2.0,12.0,0.36607228657485236,37.95345099999395,2.749791649006631,4,young-old,13.0,11.0,4.0
236,24,177.18332999999984,119.0,56.0,18.0,48.0,2.6666666666666665,0.0,0.0,0.6716207444571682,9.975320000005013,1.5015536440677952,196.78835999999865,32.0,10.0,2.0,4.0,2.0,4.0,2.0,0.16261124387641737,24.284249999996973,6.348011612903182,186.62342000000353,36.0,15.0,2.0,6.0,3.0,0.0,0.0,0.19290183407848446,18.223510000003444,5.3320977142858155,496.5378700000001,114.0,35.0,9.0,25.0,2.7777777777777777,0.0,0.0,0.22958973904649,30.019380000005185,4.394140442477877,59.75658000000112,53.0,26.0,10.0,23.0,2.3,0.0,0.0,0.8869316148949455,7.286700000004203,1.1491650000000215,124.45595999999932,36.0,14.0,7.0,12.0,1.7142857142857142,0.0,0.0,0.28925894750239517,18.04091999999946,3.555884571428552,647.2089899999992,179.0,66.0,9.0,55.0,6.111111111111111,0.0,4.0,0.2765721780224348,35.44634999999835,3.6360055617977483,58.69178000000102,28.0,13.0,8.0,12.0,1.5,0.0,1.0,0.47706850942328743,31.454229999995732,2.173769629629667,69.60747000000265,35.0,12.0,5.0,11.0,2.2,0.0,0.0,0.5028195968047491,12.027060000000347,2.0472785294118427,33.10465999999724,26.0,10.0,6.0,9.0,1.5,0.0,0.0,0.7853879181964766,3.7398599999942235,1.3241863999998895,199.88285000000178,113.0,31.0,8.0,26.0,3.25,0.0,0.0,0.5653311427168414,11.217679999994289,1.7846683035714446,116.30965000000288,33.0,10.0,5.0,5.0,1.0,0.0,0.0,0.28372538306150163,12.215449999996054,3.63467656250009,179.1681499999977,98.0,40.0,12.0,35.0,2.9166666666666665,0.0,1.0,0.5469722157649184,10.6160200000013,1.8470943298968834,448.05253000000084,184.0,39.0,6.0,20.0,3.3333333333333335,6.0,10.0,0.41066613327682727,13.644930000002205,2.4483744808743215,60.40984999999637,29.0,10.0,7.0,7.0,1.0,0.0,0.0,0.4800541633525285,8.026010000001406,2.157494642857013,197.29101000000082,62.0,18.0,5.0,9.0,1.8,0.0,0.0,0.31425658979595544,13.285429999996268,3.23427885245903,114.2931299999982,20.0,7.0,3.0,4.0,1.3333333333333333,0.0,0.0,0.17498864542427278,20.738420000001497,6.015427894736748,216.65264000000025,134.0,61.0,19.0,52.0,2.736842105263158,0.0,0.0,0.6185015793022409,10.88752000000386,1.6289672180451147,28.345249999998487,18.0,8.0,7.0,6.0,0.8571428571428571,0.0,0.0,0.6350270327480252,10.88752000000386,1.6673676470587344,412.79008999999496,205.0,88.0,20.0,74.0,3.7,0.0,6.0,0.49662044939112393,26.314809999996214,2.0234808333333087,134.34614000000147,97.0,47.0,16.0,42.0,2.625,0.0,0.0,0.722015533903683,9.828549999998359,1.3994389583333486,132.9286099999954,49.0,18.0,7.0,13.0,1.8571428571428572,0.0,5.0,0.36861891507029,26.314809999996214,2.7693460416665707,97.00005999999848,53.0,25.0,14.0,21.0,1.5,0.0,0.0,0.5463914146032572,9.146679999998014,1.86538576923074,116.20668999999907,84.0,39.0,15.0,34.0,2.2666666666666666,0.0,0.0,0.7228499495166816,9.828549999998359,1.4000806024096273,2417.907879999999,737.0,288.0,21.0,228.0,10.857142857142858,4.0,7.0,0.3048089656749042,40.83948999999848,3.2852009239130417,1567.3972799999974,686.0,204.0,18.0,151.0,8.38888888888889,6.0,11.0,0.43766823431006663,13.644930000002205,2.2881712116788284,533.8487600000008,235.0,101.0,20.0,85.0,4.25,0.0,6.0,0.44019958012078114,26.314809999996214,2.2814049572649604,4,young-old,14.0,11.0,4.0
237,23,179.21429999999964,96.0,44.0,15.0,42.0,2.8,0.0,0.0,0.5356715396037046,16.715219999998226,1.8864663157894699,164.2195400000055,37.0,12.0,3.0,4.0,1.3333333333333333,4.0,2.0,0.2253081454253176,17.91135000000213,4.561653888889042,216.30429000000004,44.0,18.0,2.0,11.0,5.5,0.0,0.0,0.20341713980799914,23.387790000000678,5.030332325581396,418.66024999999354,95.0,32.0,8.0,22.0,2.75,0.0,0.0,0.22691430581241345,40.164760000006936,4.453832446808442,72.75508000000264,57.0,25.0,9.0,24.0,2.6666666666666665,0.0,0.0,0.7834504477212854,8.504889999996522,1.2991978571429041,75.45872000000236,38.0,17.0,6.0,14.0,2.3333333333333335,0.0,0.0,0.5035865967511616,12.738830000002054,2.0394248648649285,453.31071999999403,116.0,35.0,7.0,25.0,3.5714285714285716,0.0,12.0,0.2558951175917515,48.622810000000754,3.941832347826035,55.59216999999626,32.0,15.0,8.0,12.0,1.5,0.0,2.0,0.5756206314666643,13.113779999999679,1.7932958064514921,52.36513000000559,37.0,18.0,6.0,16.0,2.6666666666666665,0.0,0.0,0.7065770676019719,4.125029999995604,1.4545869444445998,28.044549999998708,18.0,6.0,3.0,4.0,1.3333333333333333,0.0,0.0,0.6418359360375128,3.8183399999979883,1.6496794117646298,55.28086999999505,32.0,15.0,6.0,9.0,1.5,0.0,0.0,0.5788620909910221,10.83448999999382,1.7832538709675823,181.88518000000477,39.0,19.0,2.0,12.0,6.0,0.0,0.0,0.21442098801012252,50.00970000000234,4.786452105263283,144.29935000000114,51.0,21.0,8.0,14.0,1.75,0.0,1.0,0.35343194546614104,34.19442999999592,2.8859870000000227,371.8565400000007,132.0,34.0,5.0,24.0,4.8,4.0,6.0,0.35497560430159375,37.247819999996864,2.838599541984738,96.9986099999951,49.0,22.0,7.0,13.0,1.8571428571428572,0.0,0.0,0.5051618780929178,15.414570000000822,2.020804374999898,193.96506999999838,54.0,23.0,6.0,13.0,2.1666666666666665,0.0,0.0,0.2784006419300158,18.951710000001185,3.6597183018867616,78.48718000000372,16.0,8.0,2.0,2.0,1.0,0.0,0.0,0.20385494803099363,16.040469999999914,5.232478666666915,197.43173000000388,105.0,43.0,10.0,36.0,3.6,0.0,8.0,0.5318294075627962,12.829670000006445,1.8983820192308065,17.335429999999178,23.0,13.0,8.0,12.0,1.5,0.0,0.0,1.326762589679119,2.9889800000019022,0.7879740909090536,,,,,,,,,,,,27.784730000006675,3.0,2.0,1.0,0.0,0.0,0.0,0.0,0.10797297652340977,20.643300000003364,13.892365000003338,93.03869000000122,28.0,11.0,3.0,6.0,2.0,0.0,2.0,0.3009500671172351,12.829670000006445,3.445877407407453,200.17541999999958,107.0,45.0,10.0,38.0,3.8,0.0,6.0,0.5345311627171819,12.829670000006445,1.8884473584905621,4.706750000004831,11.0,6.0,6.0,5.0,0.8333333333333334,0.0,0.0,2.337069102881757,1.8888500000030035,0.4706750000004831,2138.7546199999997,702.0,276.0,18.0,220.0,12.222222222222221,4.0,16.0,0.32822839676671284,48.622810000000754,3.0510051640513547,1462.6877600000007,515.0,198.0,14.0,133.0,9.5,4.0,7.0,0.35209154960044226,50.00970000000234,2.845696031128406,362.90549000000465,167.0,73.0,16.0,58.0,3.625,0.0,9.0,0.46017490669539846,20.643300000003364,2.1861776506024375,8,younger adult,8.0,12.0,6.0
238,15,132.33118999999715,64.0,29.0,16.0,26.0,1.625,0.0,0.0,0.483635037212326,18.759299999997893,2.100495079365034,163.29927999999927,54.0,21.0,2.0,14.0,7.0,3.0,2.0,0.3306811885514758,21.016109999996843,3.081118490566024,141.4328200000018,47.0,22.0,3.0,16.0,5.333333333333333,0.0,0.0,0.33231324949894514,17.00159999999596,3.07462652173917,521.4355399999986,131.0,48.0,6.0,22.0,3.6666666666666665,0.0,0.0,0.25122951918467307,23.245239999996556,4.011042615384604,57.49354000000312,46.0,18.0,9.0,17.0,1.8888888888888888,0.0,0.0,0.8000898883595879,8.227419999995618,1.2776342222222916,172.53510999999708,66.0,26.0,7.0,16.0,2.2857142857142856,0.0,0.0,0.3825308367670854,10.552850000000035,2.654386307692263,465.0079199999964,154.0,54.0,6.0,35.0,5.833333333333333,0.0,4.0,0.33117715500415823,15.837930000001506,3.0392674509803683,22.537280000004102,16.0,8.0,5.0,7.0,1.4,0.0,0.0,0.7099348279826619,11.666369999999006,1.5024853333336068,170.9528399999981,71.0,33.0,6.0,24.0,4.0,0.0,0.0,0.4153192190314053,11.53566999999748,2.4421834285714015,41.0555899999963,16.0,7.0,6.0,5.0,0.8333333333333334,0.0,0.0,0.38971550524548404,7.739379999999073,2.7370393333330867,99.43478999999934,57.0,25.0,7.0,20.0,2.857142857142857,0.0,0.0,0.573240009859732,8.012179999997898,1.7756212499999882,266.56925000000047,87.0,37.0,2.0,20.0,10.0,0.0,0.0,0.3263692267581495,19.88315000000148,3.0996424418604707,117.9742299999998,42.0,19.0,6.0,15.0,2.5,0.0,0.0,0.3560099523429826,23.636749999997846,2.877420243902434,465.45436999999947,146.0,56.0,6.0,37.0,6.166666666666667,4.0,2.0,0.31367199323963846,24.438469999993686,3.2100301379310308,84.778330000001,48.0,20.0,7.0,11.0,1.5714285714285714,0.0,0.0,0.5661824194932765,7.898079999999027,1.8037942553191704,,,,,,,,,,,,,,,,,,,,,,,,,,,,,,,,,,,,,,,,,,,,,,,,,,,,,,,,,,,,,,,,,,,,,,,,,,,,,,,,,,,,,,,,,,,,,,,,,,,,2240.9685800000007,800.0,313.0,19.0,220.0,11.578947368421053,3.0,6.0,0.3569884946802778,28.889869999999064,2.8047166207759706,1801.4004799999966,656.0,261.0,15.0,175.0,11.666666666666666,4.0,2.0,0.36416111091521486,24.438469999993686,2.75022974045801,,,,,,,,,,,,6,other medical,20.0,,
239,24,365.9031779999932,116.0,51.0,20.0,43.0,2.15,0.0,0.0,0.31702375648675607,42.22873999999865,3.1817667652173323,197.60743999999977,15.0,1.0,1.0,0.0,0.0,4.0,2.0,0.075908073096843,86.46895499999664,14.114817142857126,374.19971200000145,50.0,17.0,4.0,6.0,1.5,0.0,0.0,0.13361848872828583,71.37872999999672,7.636322530612233,441.046709000002,90.0,28.0,8.0,21.0,2.625,0.0,0.0,0.20406001941168456,47.862355000004754,4.955357314606741,50.858516000000236,52.0,23.0,10.0,21.0,2.1,0.0,0.0,1.0224443041161437,4.017497000000731,0.9972258039215732,130.97082000000228,58.0,28.0,7.0,24.0,3.4285714285714284,0.0,0.0,0.44284673486811027,19.96148700000049,2.2977336842105665,594.7724000000017,137.0,36.0,8.0,16.0,2.0,0.0,24.0,0.2303402108100504,47.629939999998896,4.373326470588247,83.04092300000048,60.0,23.0,7.0,18.0,2.5714285714285716,0.0,2.0,0.7225353215305622,13.910538999996788,1.4074732711864488,123.57625499999995,74.0,28.0,8.0,18.0,2.25,0.0,0.0,0.5988205420207955,7.924739000001864,1.6928254109589034,36.07151900000463,22.0,4.0,2.0,1.0,0.5,0.0,0.0,0.6098994611232529,5.067589999998745,1.7176913809526013,222.61882500000502,132.0,39.0,6.0,28.0,4.666666666666667,0.0,0.0,0.5929417694123443,6.801325000000361,1.6993803435114887,285.5212840000022,62.0,11.0,5.0,5.0,1.0,0.0,0.0,0.21714668388784467,16.96485499999835,4.680676786885282,234.20304000000033,106.0,35.0,7.0,27.0,3.857142857142857,0.0,0.0,0.4525987365492773,13.474736000003759,2.230505142857146,624.3035299999974,249.0,48.0,8.0,18.0,2.25,4.0,10.0,0.39884445311401817,29.02355499999976,2.5173529435483766,124.48207399999956,53.0,22.0,7.0,9.0,1.2857142857142858,0.0,0.0,0.4257641144378763,12.01232699999673,2.39388603846153,520.1610230000006,88.0,28.0,6.0,9.0,1.5,0.0,0.0,0.16917838151821674,81.91769800000475,5.97886233333334,117.68081099999836,14.0,7.0,1.0,0.0,0.0,0.0,0.0,0.1189658694653302,58.001720000000205,9.052370076922951,202.01528400000097,45.0,13.0,2.0,1.0,0.5,0.0,4.0,0.22275542280256272,27.371289999995497,4.591256454545476,90.84062000000267,51.0,24.0,12.0,17.0,1.4166666666666667,0.0,0.0,0.5614228524640024,8.931586999999126,1.8168124000000534,106.68858000000182,53.0,25.0,12.0,17.0,1.4166666666666667,0.0,0.0,0.49677294420826573,9.362170000000333,2.0517034615384966,102.56052600000112,29.0,10.0,2.0,2.0,1.0,0.0,3.0,0.282759860260464,12.88043099999777,3.6628759285714687,101.43225399999938,24.0,9.0,2.0,4.0,2.0,0.0,4.0,0.23661112765965103,21.163620999999694,4.410097999999973,349.06103599999915,89.0,32.0,8.0,14.0,1.75,0.0,8.0,0.2549697354361838,27.371289999995497,3.966602681818172,3.637940000000526,7.0,4.0,4.0,3.0,0.75,0.0,0.0,1.924165874093302,1.2130869999964489,0.5610273333331861,2681.8800859999974,704.0,249.0,22.0,193.0,8.772727272727273,4.0,28.0,0.2625024152552661,86.46895499999664,3.814907661450921,2555.594323000005,929.0,255.0,15.0,148.0,9.866666666666667,4.0,10.0,0.3635162246367215,81.91769800000475,2.7538731928879363,556.2844009999972,147.0,58.0,17.0,28.0,1.6470588235294117,0.0,8.0,0.2642533203083664,58.001720000000205,3.8083056506849022,3,middle-aged,12.0,11.0,4.0
241,21,141.24072300000262,212.0,84.0,15.0,71.0,4.733333333333333,0.0,4.0,1.5009835371629758,4.771014999998442,0.669387312796221,,,,,,,,,,,,243.11302699999942,96.0,36.0,6.0,16.0,2.6666666666666665,0.0,0.0,0.39487805809764454,39.72151499999745,2.559084494736836,,,,,,,,,,,,43.103499000004376,71.0,25.0,10.0,23.0,2.3,0.0,4.0,1.647198061577154,3.318566000001738,0.615764271428634,141.7484589999949,48.0,15.0,7.0,11.0,1.5714285714285714,0.0,0.0,0.33862801993495906,38.7928630000024,3.0159246595743596,475.6863500000036,417.0,159.0,9.0,130.0,14.444444444444445,0.0,8.0,0.8766280554403061,22.462334000003466,1.143476802884624,65.72649899999669,83.0,33.0,6.0,27.0,4.5,0.0,2.0,1.262808779758742,13.647773000004236,0.801542670731667,87.21129999999539,57.0,23.0,6.0,19.0,3.1666666666666665,0.0,0.0,0.6535850285456474,17.071250000000873,1.5573446428570605,22.58114999999816,18.0,9.0,5.0,7.0,1.4,0.0,0.0,0.7971250357046238,4.332901000001584,1.3283029411763625,92.36993099999381,75.0,35.0,5.0,27.0,5.4,0.0,0.0,0.811952538970772,6.7344149999989895,1.2482423108107272,190.47771999999532,70.0,28.0,2.0,17.0,8.5,0.0,0.0,0.36749704899870556,19.127837,2.760546666666599,140.44893199999933,112.0,43.0,7.0,31.0,4.428571428571429,0.0,2.0,0.797442874111713,16.929931000006036,1.2653056936936877,395.78416099999595,401.0,156.0,8.0,124.0,15.5,0.0,6.0,1.0131784935173394,13.098672000000079,0.9894604024999899,154.7897909999956,85.0,33.0,7.0,18.0,2.5714285714285716,0.0,0.0,0.5491318222659943,19.210929999993823,1.8427356071428047,47.77978300000541,27.0,10.0,5.0,7.0,1.4,0.0,0.0,0.565092562266282,18.288258000000496,1.8376839615386695,306.8416799999977,107.0,32.0,8.0,15.0,1.875,0.0,0.0,0.3487140338952674,39.76106000000436,2.8947328301886577,440.3807799999995,225.0,74.0,8.0,46.0,5.75,0.0,0.0,0.5109214802698706,39.76106000000436,1.9659856249999978,277.25680199999624,285.0,106.0,12.0,88.0,7.333333333333333,0.0,7.0,1.0279278919187846,12.963612999999896,0.9762563450704093,,,,,,,,,,,,354.56519000000117,149.0,47.0,8.0,26.0,3.25,0.0,0.0,0.42023301836257393,39.76106000000436,2.395710743243251,100.68609399999696,86.0,31.0,4.0,24.0,6.0,0.0,1.0,0.854139798093693,12.963612999999896,1.1845422823529053,631.0189150000006,427.0,149.0,14.0,111.0,7.928571428571429,0.0,7.0,0.6766833605930809,39.76106000000436,1.4812650586854472,5.117683000004035,11.0,6.0,6.0,5.0,0.8333333333333334,0.0,0.0,2.149410192071554,2.4828710000001593,0.5117683000004035,2413.990202000001,1698.0,661.0,20.0,495.0,24.75,0.0,18.0,0.7033997066737057,53.45147200000065,1.4225045385975255,1491.0032890000002,1108.0,438.0,17.0,329.0,19.352941176470587,0.0,8.0,0.7431237799234659,19.516161999999895,1.3468864399277327,664.9890139999989,473.0,167.0,17.0,124.0,7.294117647058823,0.0,7.0,0.7112899462125563,39.76106000000436,1.4088750296610146,5,old-old,15.0,13.0,4.0
242,20,177.79344000000128,106.0,45.0,16.0,39.0,2.4375,0.0,2.0,0.596197475002448,13.65853999999672,1.6932708571428694,560.4746999999988,121.0,47.0,4.0,26.0,6.5,4.0,2.0,0.215888424580093,25.85261999999784,4.670622499999991,150.28373999999894,22.0,9.0,5.0,5.0,1.0,0.0,0.0,0.14638975580458774,45.59848000000056,7.156368571428521,708.3657899999962,171.0,57.0,4.0,28.0,7.0,0.0,0.0,0.24140070344165113,96.0642399999997,4.166857588235271,89.14651000000595,52.0,24.0,9.0,21.0,2.3333333333333335,0.0,0.0,0.5833094307337049,7.5877200000031735,1.7479707843138421,185.34700000000157,45.0,19.0,5.0,14.0,2.8,0.0,0.0,0.24278785197494224,38.13497999999527,4.212431818181854,962.7591699999975,293.0,106.0,15.0,66.0,4.4,2.0,3.0,0.3043336372480365,53.668219999999565,3.297120445205471,67.00653000000602,38.0,15.0,7.0,12.0,1.7142857142857142,0.0,1.0,0.56710890714676,10.668830000002345,1.81098729729746,456.406329999998,179.0,71.0,11.0,53.0,4.818181818181818,0.0,0.0,0.3921943852093392,33.72991000000184,2.5640805056179663,78.06865999999718,29.0,12.0,3.0,6.0,2.0,0.0,0.0,0.3714678848080785,8.956709999998566,2.7881664285713277,186.76019000000088,56.0,24.0,5.0,14.0,2.8,0.0,0.0,0.2998497699108131,12.339090000001306,3.395639818181834,318.7014100000015,81.0,22.0,4.0,10.0,2.5,0.0,0.0,0.25415639045964566,22.758890000004612,3.9837676250000187,70.76245000000199,20.0,9.0,4.0,5.0,1.25,0.0,0.0,0.28263577646053006,18.312019999997574,3.7243394736843154,,,,,,,,,,,,141.58980000000156,58.0,24.0,8.0,19.0,2.375,0.0,0.0,0.4096340273098723,12.851430000002438,2.4840315789473957,261.7975200000001,92.0,35.0,5.0,25.0,5.0,0.0,0.0,0.3514166215172702,16.439500000000407,2.876895824175825,161.4421599999987,59.0,25.0,5.0,20.0,4.0,0.0,0.0,0.36545596268038333,19.395590000000084,2.7834855172413566,5.659319999998843,4.0,2.0,2.0,1.0,0.5,0.0,0.0,0.7067986966633478,4.390160000002652,1.8864399999996142,177.3362799999959,73.0,30.0,13.0,26.0,2.0,0.0,1.0,0.41164729518405196,16.86022999999841,2.463003888888832,3.4343000000008033,5.0,3.0,2.0,2.0,1.0,0.0,0.0,1.4559007658034624,1.2947100000019418,0.8585750000002008,,,,,,,,,,,,231.86189000000013,64.0,26.0,8.0,17.0,2.125,0.0,1.0,0.27602638795017137,19.395590000000084,3.680347460317462,,,,,,,,,,,,,,,,,,,,,,,3806.8626800000056,1216.0,474.0,27.0,338.0,12.518518518518519,6.0,8.0,0.31942313191081484,96.0642399999997,3.1332203127572065,2528.4969800000035,762.0,285.0,19.0,196.0,10.31578947368421,0.0,1.0,0.301364805268622,43.380599999996775,3.3225978712220807,419.6003999999957,172.0,71.0,15.0,59.0,3.933333333333333,0.0,1.0,0.40991381323755116,19.395590000000084,2.453803508771905,1,dementia,22.0,,
243,22,114.92667000000074,78.0,36.0,22.0,34.0,1.5454545454545454,0.0,0.0,0.6786936400402056,10.019826000003377,1.4925541558441655,194.06538700000237,36.0,11.0,2.0,2.0,1.0,4.0,2.0,0.18550448669138284,38.94731399999728,5.5430533714286865,271.03604800000176,111.0,46.0,17.0,33.0,1.9411764705882353,0.0,0.0,0.40953961961546637,20.950635000001057,2.463964072727289,537.9704899999997,141.0,48.0,8.0,21.0,2.625,0.0,0.0,0.26209616070204905,20.015620999998646,3.842646357142855,46.009971999999834,51.0,22.0,9.0,20.0,2.2222222222222223,0.0,0.0,1.1084553583297156,4.044342000001052,0.9184344399999828,146.081560000006,63.0,25.0,9.0,18.0,2.0,0.0,0.0,0.43126593116884443,7.0530909999943106,2.3561541935484835,240.92445900000166,164.0,59.0,22.0,54.0,2.4545454545454546,0.0,12.0,0.6807112929949503,10.080816000001505,1.478064165644182,46.99198199999955,39.0,16.0,7.0,13.0,1.8571428571428572,0.0,1.0,0.8299288163670213,5.971581999998307,1.236631105263146,101.04762599999958,51.0,19.0,4.0,17.0,4.25,0.0,0.0,0.5047125006182749,9.018262000005052,2.020952519999992,20.001297000002523,16.0,4.0,3.0,2.0,0.6666666666666666,0.0,0.0,0.7999481233640989,4.937071000000287,1.329302533333248,90.94141800000216,65.0,23.0,6.0,18.0,3.0,0.0,0.0,0.7147458378095496,5.07389300000068,1.4209596562500337,123.03411999999662,59.0,20.0,13.0,16.0,1.2307692307692308,0.0,3.0,0.47954177263999304,17.003088999998,2.1212779310344243,136.94153899999947,72.0,26.0,18.0,24.0,1.3333333333333333,0.0,3.0,0.5257718039812616,12.002018999999564,1.9285399718309506,335.96645100000023,116.0,25.0,7.0,12.0,1.7142857142857142,4.0,8.0,0.3452725700876601,16.937245000000985,2.921402286956499,,,,,,,,,,,,54.52277999999933,31.0,13.0,11.0,11.0,1.0,0.0,0.0,0.568569687752539,6.405830000003334,1.8174259999999776,118.0098399999988,31.0,12.0,3.0,9.0,3.0,0.0,0.0,0.2626899587356471,15.017309999995632,3.9336613333332933,347.41415000000416,139.0,57.0,13.0,49.0,3.769230769230769,0.0,10.0,0.40009884456346506,15.017309999995632,2.5174938405797405,29.137470000001485,24.0,12.0,8.0,11.0,1.375,0.0,0.0,0.823681671744279,6.361000000004424,1.266846521739195,,,,,,,,,,,,63.36155000000144,29.0,13.0,9.0,10.0,1.1111111111111112,0.0,3.0,0.45769082353571433,6.020600000003469,2.2629125000000516,53.0361200000043,18.0,9.0,4.0,7.0,1.75,0.0,2.0,0.3393913431072737,12.074189999999362,3.1197717647061354,193.36762999999337,83.0,35.0,12.0,30.0,2.5,0.0,6.0,0.42923420016061037,12.074189999999362,2.3581418292682117,180.4939100000047,82.0,35.0,13.0,31.0,2.3846153846153846,0.0,4.0,0.4543089570168759,15.017309999995632,2.2283198765432677,2133.913309000003,859.0,331.0,40.0,258.0,6.45,4.0,15.0,0.40254681217698834,50.98008200000186,2.4870784487179525,3923.1698469999974,1542.0,553.0,39.0,440.0,11.282051282051283,4.0,23.0,0.39304951356596235,62.05773000000045,2.545859731992211,617.7672099999982,389.0,173.0,31.0,162.0,5.225806451612903,0.0,14.0,0.6296870304916332,15.017309999995632,1.5921835309278303,7,at risk,24.0,,
244,21,317.9800619999951,146.0,65.0,23.0,61.0,2.652173913043478,0.0,0.0,0.45914828458647905,50.05103199999576,2.1929659448275522,301.98586700000305,22.0,2.0,1.0,0.0,0.0,3.0,2.0,0.07285109140554508,80.00935099999333,14.380279380952526,333.06395400000474,66.0,29.0,3.0,5.0,1.6666666666666667,0.0,0.0,0.19816014073981436,24.00057000000379,5.124060830769304,623.0331680000018,98.0,31.0,5.0,11.0,2.2,0.0,0.0,0.1572949965321906,38.002081999999064,6.423022350515482,61.90578899999673,48.0,23.0,9.0,22.0,2.4444444444444446,0.0,0.0,0.7753717507744313,5.061118000005081,1.317144446808441,213.94430699999793,54.0,20.0,5.0,13.0,2.6,0.0,0.0,0.25240213566421527,20.002403999998933,4.03668503773581,312.0544050000026,78.0,32.0,5.0,17.0,3.4,0.0,2.0,0.24995641385033276,36.00321399999666,4.052654610389644,53.0286369999958,22.0,9.0,6.0,8.0,1.3333333333333333,0.0,1.0,0.41487017665571424,22.062282999999297,2.52517319047599,112.96192999999766,30.0,16.0,4.0,10.0,2.5,0.0,0.0,0.26557619899023166,15.964535000006435,3.895238965517161,27.9362140000012,10.0,6.0,3.0,4.0,1.3333333333333333,0.0,0.0,0.3579583117454488,7.948931000006269,3.104023777777911,45.05587399999786,20.0,10.0,6.0,7.0,1.1666666666666667,0.0,0.0,0.44389328681097057,10.063322999994853,2.3713617894735712,504.94758,93.0,44.0,1.0,0.0,0.0,0.0,0.0,0.18417753383430413,37.01246700000047,5.488560652173914,276.016475000004,39.0,12.0,4.0,5.0,1.25,0.0,0.0,0.14129591358631557,36.00844700000016,7.263591447368526,435.0463000000018,120.0,41.0,3.0,14.0,4.666666666666667,3.0,2.0,0.2758327102195778,21.924990999999864,3.6558512605042166,99.9506459999975,36.0,16.0,6.0,8.0,1.3333333333333333,0.0,0.0,0.36017776213273195,11.048660000000382,2.8557327428570716,4.267690000000584,8.0,5.0,5.0,4.0,0.8,0.0,0.0,1.8745504008020508,1.5103999999992084,0.6096700000000835,681.2853700000051,309.0,145.0,29.0,117.0,4.0344827586206895,0.0,5.0,0.45355443343807267,38.633090000002994,2.2119654870130034,,,,,,,,,,,,22.897759999999835,22.0,11.0,5.0,9.0,1.8,0.0,0.0,0.9607926714228885,3.1467699999993783,1.090369523809516,,,,,,,,,,,,,,,,,,,,,,,263.6478599999973,135.0,64.0,17.0,53.0,3.1176470588235294,0.0,3.0,0.512046636752528,21.518009999999776,1.967521343283562,580.5245299999951,247.0,117.0,25.0,94.0,3.76,0.0,3.0,0.4254772834491629,38.633090000002994,2.35985581300811,8.921249999999418,16.0,7.0,6.0,6.0,1.0,0.0,0.0,1.7934706459297793,1.4295600000041304,0.5947499999999611,2659.028981999996,658.0,262.0,25.0,182.0,7.28,3.0,5.0,0.2474587544755091,80.00935099999333,4.047228283105017,3780.420447999997,1177.0,519.0,34.0,344.0,10.117647058823529,6.0,9.0,0.31134103102809185,104.04856100000325,3.2146432380952357,692.5142699999997,327.0,154.0,30.0,126.0,4.2,0.0,5.0,0.47219243583240555,38.633090000002994,2.12427690184049,1,dementia,12.0,19.0,3.0
245,15,450.2620339999994,218.0,93.0,20.0,78.0,3.9,0.0,0.0,0.4841625176863131,14.696840999997221,2.0749402488479234,190.9426319999984,35.0,9.0,2.0,1.0,0.5,3.0,2.0,0.18330112889614034,21.63684800000192,5.615959764705836,373.0801899999933,90.0,38.0,3.0,14.0,4.666666666666667,0.0,0.0,0.2412350009792844,33.46686700000282,4.1919122471909365,898.2708500000008,286.0,85.0,16.0,58.0,3.625,0.0,0.0,0.3183894924342694,20.009394999993674,3.151827543859652,72.99494799999957,58.0,23.0,8.0,19.0,2.375,0.0,0.0,0.7945755369262041,7.87795300000289,1.28061312280701,,,,,,,,,,,,330.4904630000019,136.0,37.0,8.0,28.0,3.5,2.0,10.0,0.41150960534676373,16.177632999999332,2.448077503703718,109.5059540000002,37.0,13.0,7.0,12.0,1.7142857142857142,0.0,2.0,0.33788117128316086,24.035921000002418,3.0418320555555614,188.1087570000018,117.0,55.0,9.0,44.0,4.888888888888889,0.0,0.0,0.6219806130556638,28.657316000004357,1.6216272155172569,50.412468000002264,21.0,7.0,4.0,4.0,1.0,0.0,0.0,0.416563616762406,10.879142000005231,2.520623400000113,374.5260500000004,135.0,48.0,5.0,42.0,8.4,0.0,0.0,0.3604555677769273,16.938257000001613,2.7949705223880628,206.3576730000059,72.0,31.0,6.0,22.0,3.6666666666666665,0.0,0.0,0.34890876095505274,13.018957000000228,2.906446098591632,220.86298700000043,67.0,20.0,6.0,12.0,2.0,0.0,1.0,0.3033554916107327,23.682964999999967,3.3464088939394006,666.9502900000007,201.0,55.0,7.0,36.0,5.142857142857143,5.0,14.0,0.3013717858942678,21.24279799999931,3.3347514500000033,57.332212000001164,32.0,13.0,6.0,9.0,1.5,0.0,0.0,0.5581504512681169,5.615592000001925,1.8494261935484246,208.9921020000038,60.0,26.0,5.0,17.0,3.4,0.0,0.0,0.28709218877562614,37.65646399999969,3.542239016949217,,,,,,,,,,,,,,,,,,,,,,,,,,,,,,,,,,,,,,,,,,,,,,,,,,,,,,,,,,,,,,,,,,,,,,,,,,,,,,,,,,,,,,,,,3015.6407830000026,1087.0,375.0,30.0,278.0,9.266666666666667,5.0,14.0,0.3604540720259914,33.46686700000282,2.776833133517498,2665.3988640000025,933.0,331.0,16.0,240.0,15.0,5.0,15.0,0.3500414187915701,37.65646399999969,2.859870025751076,,,,,,,,,,,,5,old-old,12.0,,
246,23,145.67399000000296,102.0,46.0,17.0,45.0,2.6470588235294117,0.0,0.0,0.7001936309975304,9.826821999995445,1.4423167326732966,180.0775899999935,47.0,13.0,2.0,6.0,3.0,4.0,2.0,0.2609986062119206,20.81197499999689,3.9147302173911633,132.5943150000021,35.0,12.0,2.0,3.0,1.5,0.0,0.0,0.26396305150789795,12.24174800000037,3.899832794117709,439.1810519999999,101.0,32.0,4.0,9.0,2.25,0.0,0.0,0.22997349166147546,40.42789400000038,4.391810519999999,46.62261800000124,46.0,20.0,10.0,19.0,1.9,0.0,0.0,0.9866455804776724,5.05967299999611,1.0360581777778053,128.34581900000194,28.0,9.0,6.0,8.0,1.3333333333333333,0.0,0.0,0.21816059313938055,43.4139439999999,4.7535488518519236,326.1646070000061,102.0,32.0,8.0,23.0,2.875,2.0,12.0,0.31272553125299124,53.3899820000006,3.2293525445545157,49.4102469999998,33.0,15.0,9.0,14.0,1.5555555555555556,0.0,1.0,0.6678776570374184,13.978899000001547,1.5440702187499937,49.8250079999998,24.0,12.0,7.0,8.0,1.1428571428571428,0.0,0.0,0.4816858233118617,9.92978900000162,2.166304695652165,25.676572000003944,25.0,9.0,6.0,8.0,1.3333333333333333,0.0,0.0,0.9736502209094018,4.1000330000024405,1.069857166666831,182.36550200000056,104.0,37.0,7.0,26.0,3.7142857142857144,0.0,0.0,0.5702832984277897,7.393007999999099,1.7705388543689375,126.42868200000521,29.0,12.0,3.0,3.0,1.0,0.0,0.0,0.22937833046459194,24.738617999995768,4.5153100714287575,,,,,,,,,,,,386.76755300000514,138.0,30.0,7.0,16.0,2.2857142857142856,6.0,4.0,0.35680345708834105,18.753772999996727,2.823120824817556,101.28564200000255,32.0,9.0,5.0,6.0,1.2,0.0,0.0,0.31593816624077076,15.865694000000076,3.2672787741936307,224.1620230000044,71.0,25.0,5.0,10.0,2.0,0.0,2.0,0.31673518578121773,18.577032000001054,3.2023146142857772,158.6207859999995,40.0,17.0,2.0,12.0,6.0,0.0,0.0,0.25217375987533014,34.263872000003175,4.067199641025629,200.5791210000025,58.0,18.0,6.0,10.0,1.6666666666666667,2.0,6.0,0.2891626990428345,58.89039100000082,3.518931947368465,228.80925999999454,96.0,38.0,11.0,26.0,2.3636363636363638,0.0,4.0,0.41956343899719045,12.622136999998474,2.408518526315732,11.143239000004542,12.0,6.0,5.0,5.0,1.0,0.0,0.0,1.076886172861868,4.40926600000239,1.01302172727314,170.34962400000222,37.0,11.0,4.0,4.0,1.0,2.0,4.0,0.21720036200373133,58.89039100000082,4.731934000000062,188.18020799999795,65.0,27.0,7.0,16.0,2.2857142857142856,0.0,1.0,0.34541358355816415,12.622136999998474,2.940315749999968,237.4497029999984,79.0,25.0,10.0,15.0,1.5,2.0,6.0,0.33270203753424166,58.89039100000082,3.044226961538441,3.5700829999987036,6.0,4.0,4.0,3.0,0.75,0.0,0.0,1.6806331953632951,2.5462990000014543,0.7140165999997408,2114.3244919999997,777.0,290.0,33.0,238.0,7.212121212121212,6.0,19.0,0.3674932598756464,53.3899820000006,2.7246449639175254,1620.3873690000037,600.0,186.0,13.0,124.0,9.538461538461538,6.0,6.0,0.3702818298134973,36.02043499999854,2.705154205342243,613.2394239999994,207.0,80.0,16.0,56.0,3.5,2.0,10.0,0.3375516835656023,58.89039100000082,2.9768904077669873,7,at risk,13.0,,
247,17,148.7285899999988,135.0,63.0,21.0,59.0,2.8095238095238093,0.0,0.0,0.9076936720774471,9.084709000002476,1.1099148507462597,168.3807899999956,148.0,64.0,12.0,51.0,4.25,6.0,2.0,0.8789601236578345,6.073179999999411,1.1454475510203783,178.24583000000712,58.0,20.0,7.0,12.0,1.7142857142857142,0.0,0.0,0.3253933065362465,26.941139000002295,3.1271198245615284,461.5957810000036,187.0,74.0,10.0,45.0,4.5,4.0,0.0,0.40511635438885985,36.04048999999941,2.4816977473118476,62.189110999999684,64.0,28.0,10.0,24.0,2.4,0.0,0.0,1.0291190687707423,9.161929000001692,0.9871287460317411,62.380239999998594,39.0,17.0,9.0,14.0,1.5555555555555556,0.0,0.0,0.6251979793601448,20.38869999999588,1.6415852631578578,468.65473100000236,216.0,83.0,16.0,70.0,4.375,0.0,13.0,0.46089367227576095,27.107629999998608,2.1797894465116388,56.39744999999675,58.0,28.0,16.0,25.0,1.5625,0.0,0.0,1.0284152918261968,8.315378999999666,0.9894289473683641,,,,,,,,,,,,22.61681099999987,24.0,9.0,5.0,8.0,1.6,0.0,0.0,1.0611575610726083,5.268498999997973,0.9833396086956465,,,,,,,,,,,,116.13870000000315,69.0,33.0,5.0,24.0,4.8,0.0,0.0,0.594117206409217,9.515691000000515,1.7079220588235757,227.95000900000014,169.0,81.0,11.0,73.0,6.636363636363637,0.0,1.0,0.741390626573741,6.824158999996143,1.3568452916666676,408.629439999997,302.0,121.0,17.0,95.0,5.588235294117647,3.0,10.0,0.7390559035589854,11.4440190000023,1.3575728903654385,81.45248900000297,48.0,19.0,6.0,15.0,2.5,0.0,0.0,0.5893005921525399,5.984290000000328,1.733031680851127,51.95337899999868,44.0,20.0,6.0,11.0,1.8333333333333333,0.0,0.0,0.8469131526555976,2.984420000000682,1.208218116279039,,,,,,,,,,,,,,,,,,,,,,,103.94570000000385,110.0,43.0,9.0,40.0,4.444444444444445,0.0,0.0,1.0582448336005812,6.7963200000012876,0.9536302752293931,,,,,,,,,,,,,,,,,,,,,,,283.3719409999976,394.0,191.0,33.0,185.0,5.606060606060606,0.0,0.0,1.3903987762853462,8.5399000000034,0.7210481959287471,301.6926109999986,401.0,188.0,25.0,182.0,7.28,0.0,0.0,1.3291674551485846,6.7963200000012876,0.7542315274999964,,,,,,,,,,,,2211.1487199999974,1249.0,534.0,40.0,441.0,11.025,10.0,15.0,0.5648647640489788,36.04048999999941,1.7717537820512799,1327.5814299999984,931.0,397.0,31.0,321.0,10.35483870967742,3.0,11.0,0.7012752505885843,11.457388999995601,1.4275069139784928,461.8980209999936,603.0,281.0,35.0,271.0,7.742857142857143,0.0,0.0,1.3054829693674057,8.5399000000034,0.7672724601328798,4,young-old,8.0,24.0,1.0
248,23,261.0336399999942,157.0,75.0,19.0,69.0,3.6315789473684212,0.0,0.0,0.6014550461772035,12.000450000006822,1.673292564102527,164.61189999999624,24.0,4.0,2.0,1.0,0.5,4.0,2.0,0.14579747879710123,52.01963000000251,7.157039130434619,211.8825799999977,74.0,35.0,3.0,18.0,6.0,0.0,0.0,0.3492500421695866,14.479019999998854,2.902501095890379,455.3787999999986,91.0,34.0,8.0,20.0,2.5,0.0,0.0,0.19983363301058432,27.322329999995418,5.059764444444429,57.27614000000176,53.0,26.0,11.0,23.0,2.090909090909091,0.0,0.0,0.9253416867826353,6.46820000000298,1.1014642307692646,195.14303999999538,31.0,13.0,7.0,11.0,1.5714285714285714,0.0,0.0,0.15885783064566758,60.69176999999763,6.504767999999846,335.87687999999616,92.0,34.0,7.0,26.0,3.7142857142857144,0.0,4.0,0.27390989222003326,36.123460000002524,3.690954725274683,50.03986000000441,38.0,19.0,9.0,17.0,1.8888888888888888,0.0,2.0,0.7593946106163497,9.798399999999674,1.3524286486487678,51.82985999999801,35.0,16.0,6.0,12.0,2.0,0.0,0.0,0.6752864082596662,6.0510099999955855,1.5244076470587649,28.172500000000582,16.0,7.0,5.0,5.0,1.0,0.0,0.0,0.5679297186972995,15.220900000000256,1.8781666666667054,121.83296999999584,47.0,23.0,5.0,14.0,2.8,0.0,0.0,0.3857740642783444,15.684000000001106,2.648542826086866,96.02015000000392,25.0,10.0,2.0,6.0,3.0,0.0,0.0,0.2603620177639691,12.003870000000461,4.000839583333497,164.47495000000345,63.0,30.0,5.0,26.0,5.2,0.0,2.0,0.38303705214683864,42.210360000004584,2.6528217741936038,384.4802500000005,119.0,38.0,7.0,21.0,3.0,2.0,10.0,0.3095087458978708,18.01035000000411,3.258307203389835,89.08224999999948,38.0,16.0,7.0,11.0,1.5714285714285714,0.0,0.0,0.42657207243867573,14.955449999994016,2.407628378378364,184.85684999999648,55.0,24.0,5.0,13.0,2.6,0.0,0.0,0.29752751926694115,26.36576000000059,3.423274999999935,234.49616999999853,71.0,31.0,4.0,14.0,3.5,0.0,0.0,0.3027768001498721,34.092020000003686,3.3499452857142646,258.19168000000354,80.0,35.0,9.0,25.0,2.7777777777777777,0.0,2.0,0.3098473196347725,27.991220000003523,3.2682491139240955,25.497999999999593,26.0,12.0,8.0,11.0,1.375,0.0,0.0,1.0196878186524596,5.565310000005411,1.0199199999999837,263.9608799999987,140.0,61.0,13.0,49.0,3.769230769230769,4.0,4.0,0.5303816232162912,18.01987999999983,1.8989991366906382,,,,,,,,,,,,112.80141000000003,66.0,28.0,9.0,21.0,2.3333333333333335,4.0,3.0,0.5850990692403577,16.932569999997213,1.7354063076923083,359.824950000002,138.0,56.0,11.0,42.0,3.8181818181818183,4.0,6.0,0.3835198198457312,27.991220000003523,2.6264594890511095,2.3304300000017975,5.0,4.0,4.0,3.0,0.75,0.0,0.0,2.145526791191387,1.4380600000004051,0.5826075000004494,2240.47855,737.0,309.0,23.0,250.0,10.869565217391305,4.0,8.0,0.3289475813102518,60.69176999999763,3.044128464673913,1414.384109999999,509.0,209.0,15.0,153.0,10.2,2.0,14.0,0.3598739524866412,42.210360000004584,2.7842206889763763,643.2059999999983,245.0,107.0,18.0,74.0,4.111111111111111,4.0,6.0,0.3809044069862542,34.092020000003686,2.636090163934419,3,middle-aged,11.0,12.0,4.0
249,24,264.76035100000445,103.0,46.0,9.0,35.0,3.888888888888889,0.0,2.0,0.3890310600169822,13.484180999999808,2.595689715686318,298.0005769999989,66.0,22.0,7.0,14.0,2.0,4.0,2.0,0.22147608123591064,74.05837799999426,4.584624261538444,216.19364700000006,39.0,13.0,3.0,9.0,3.0,0.0,0.0,0.18039382998150721,32.506553999999596,5.689306500000002,445.00437099999544,92.0,32.0,6.0,25.0,4.166666666666667,0.0,0.0,0.20673954234036263,58.86713299999974,4.890157923076873,71.35070500000438,53.0,23.0,9.0,22.0,2.4444444444444446,0.0,0.0,0.7428097592027542,6.412336000001233,1.3721289423077765,138.38551700000244,34.0,17.0,5.0,11.0,2.2,0.0,0.0,0.24569045039589946,30.800107000002754,4.193500515151589,406.7051520000023,183.0,75.0,11.0,61.0,5.545454545454546,0.0,12.0,0.44995741780030113,16.961110000003828,2.2346436923077047,244.73650199999975,95.0,45.0,10.0,35.0,3.5,0.0,0.0,0.38817258244542574,37.25716700000339,2.6035798085106356,104.29059799999959,53.0,23.0,8.0,20.0,2.5,0.0,0.0,0.508195379222969,10.77287499999511,2.005588423076915,43.660923000003095,23.0,7.0,4.0,5.0,1.25,0.0,0.0,0.5267868478180906,5.428162000003795,1.9845874090910498,207.86408400000073,66.0,24.0,6.0,16.0,2.6666666666666665,0.0,0.0,0.3175151701532034,15.416373000000021,3.197908984615396,291.88127499999973,61.0,24.0,2.0,14.0,7.0,0.0,0.0,0.2089890829756039,49.66915199999494,4.864687916666663,266.49442100000306,68.0,28.0,8.0,24.0,3.0,0.0,2.0,0.25516481637714744,101.03972899999644,3.9775286716418368,468.47478099999717,176.0,55.0,7.0,32.0,4.571428571428571,4.0,10.0,0.3756872453717014,28.778725999996823,2.676998748571412,108.28534600000421,58.0,19.0,6.0,12.0,2.0,0.0,0.0,0.535621874450101,7.1925350000019534,1.8997429122807756,234.25028799999563,87.0,30.0,8.0,16.0,2.0,0.0,0.0,0.37139762235853313,19.18852599999809,2.723840558139484,663.0613650000014,283.0,93.0,16.0,66.0,4.125,2.0,12.0,0.42680815824640816,15.841544999995676,2.351281436170218,346.02443499999936,149.0,51.0,8.0,40.0,5.0,0.0,10.0,0.4306054281975788,12.918948999998975,2.338002939189185,24.046926999995776,34.0,15.0,10.0,13.0,1.3,0.0,1.0,1.413902075720776,3.4566720000002533,0.7286947575756296,471.90136599999823,232.0,81.0,16.0,64.0,4.0,2.0,12.0,0.4916281594319455,12.918948999998975,2.0428630562770485,194.45475799999986,97.0,33.0,9.0,25.0,2.7777777777777777,2.0,5.0,0.49883068430755534,9.740403000003425,2.025570395833332,257.7591539999994,121.0,43.0,8.0,36.0,4.5,0.0,7.0,0.46943046686132545,12.918948999998975,2.147992949999995,374.02504300000146,155.0,50.0,16.0,33.0,2.0625,2.0,4.0,0.41441075377404446,15.841544999995676,2.4287340454545547,10.246863000000303,16.0,8.0,8.0,7.0,0.875,0.0,0.0,1.5614534906926663,5.8538230000049225,0.6831242000000202,2681.2127330000003,958.0,382.0,22.0,314.0,14.272727272727273,4.0,16.0,0.357301003463495,74.05837799999426,2.8016851964472314,2356.782202999995,913.0,323.0,17.0,236.0,13.882352941176471,4.0,12.0,0.38739260625688027,101.03972899999644,2.5841910120613982,704.5629939999999,307.0,103.0,19.0,76.0,4.0,2.0,12.0,0.4357310880849357,15.841544999995676,2.302493444444444,8,younger adult,16.0,10.0,4.0
250,16,302.02490599999874,148.0,68.0,20.0,58.0,2.9,0.0,0.0,0.49002581263944045,16.0023349999974,2.054591197278903,188.05264400000306,18.0,2.0,1.0,0.0,0.0,4.0,2.0,0.09571787780872523,134.00580600000103,11.061920235294297,329.9553490000035,45.0,20.0,4.0,4.0,1.0,0.0,0.0,0.1363820896869277,111.04664699999557,7.498985204545534,506.9477740000002,72.0,20.0,7.0,15.0,2.142857142857143,0.0,0.0,0.14202646444602,76.00543599999946,7.140109492957749,68.0173930000019,48.0,22.0,8.0,20.0,2.5,0.0,0.0,0.7057018489373542,8.90318799999659,1.4471785744681256,165.0325410000005,40.0,17.0,4.0,9.0,2.25,0.0,0.0,0.24237644138315656,38.023480999996536,4.231603615384628,473.0611269999936,138.0,55.0,8.0,29.0,3.625,0.0,10.0,0.29171705752944244,19.974749000000884,3.4530009270072526,104.96696800000063,36.0,16.0,6.0,11.0,1.8333333333333333,0.0,2.0,0.3429650363912558,47.90848399999959,2.9990562285714466,75.05792099999962,33.0,15.0,6.0,11.0,1.8333333333333333,0.0,0.0,0.4396604590207097,11.98988300000201,2.3455600312499882,64.96813200000179,22.0,12.0,6.0,8.0,1.3333333333333333,0.0,0.0,0.3386275597395873,27.960738999994646,3.0937205714286566,559.9611129999976,116.0,55.0,9.0,29.0,3.2222222222222223,0.0,0.0,0.20715724236372196,30.997604999996838,4.869227069565196,145.91513400000258,28.0,14.0,4.0,6.0,1.5,0.0,0.0,0.19189236395451278,28.06571200000326,5.404264222222317,279.9895749999996,58.0,21.0,7.0,17.0,2.4285714285714284,0.0,2.0,0.20715056980246527,44.003184000001056,4.9120978070175365,491.95686399999977,125.0,47.0,5.0,25.0,5.0,0.0,8.0,0.25408731770434256,25.01234399999521,3.967394064516127,227.00303300000087,27.0,13.0,6.0,8.0,1.3333333333333333,0.0,0.0,0.11894114207716289,116.92529500000092,8.730885884615418,526.0347939999992,160.0,75.0,8.0,43.0,5.375,0.0,0.0,0.30416238968405623,19.026922999997623,3.308394930817605,,,,,,,,,,,,,,,,,,,,,,,,,,,,,,,,,,,,,,,,,,,,,,,,,,,,,,,,,,,,,,,,,,,,,,,,,,,,,,,,,,,,,,,,,2515.9878759999992,694.0,295.0,21.0,213.0,10.142857142857142,4.0,14.0,0.2758359873750044,134.00580600000103,3.6305741356421346,2699.997134999998,774.0,344.0,24.0,238.0,9.916666666666666,0.0,10.0,0.28666697085217485,116.92529500000092,3.4928811578266465,,,,,,,,,,,,4,young-old,15.0,,
251,23,369.0160820000019,162.0,75.0,17.0,59.0,3.4705882352941178,0.0,0.0,0.4390052572288683,16.028661999996984,2.291914906832294,298.98236899999756,19.0,0.0,0.0,0.0,0.0,6.0,2.0,0.06354889776125948,124.00867300000391,16.610131611110976,319.00247499999386,50.0,19.0,5.0,15.0,3.0,0.0,0.0,0.15673859583691618,118.01111300000048,6.51025459183661,514.914257000004,96.0,32.0,5.0,20.0,4.0,0.0,0.0,0.18643880742264873,33.04486100000213,5.420150073684253,51.99612999999954,42.0,21.0,8.0,19.0,2.375,0.0,0.0,0.807752423113035,6.009068999999727,1.2681982926829156,258.0014220000012,58.0,23.0,10.0,21.0,2.1,0.0,0.0,0.22480496250908158,107.06343200000265,4.526340736842126,478.0558049999963,132.0,53.0,9.0,29.0,3.2222222222222223,0.0,6.0,0.27611839165931895,55.041705000003276,3.6492809541984452,102.02806399999827,49.0,22.0,6.0,18.0,3.0,0.0,1.0,0.4802600194393655,15.012922999994771,2.1255846666666307,245.0082409999959,86.0,40.0,6.0,26.0,4.333333333333333,0.0,0.0,0.3510086013800713,19.926668000000063,2.882449894117599,44.95874700000422,13.0,6.0,3.0,4.0,1.3333333333333333,0.0,0.0,0.2891539659679301,17.025912999997672,3.746562250000352,220.00136199999542,58.0,28.0,7.0,19.0,2.7142857142857144,0.0,0.0,0.2636347314977132,17.0287410000019,3.8596730175437792,193.9695900000006,55.0,23.0,7.0,16.0,2.2857142857142856,0.0,0.0,0.2835496017700498,74.99803800000518,3.591491629629605,271.0103220000019,60.0,24.0,7.0,14.0,2.0,0.0,1.0,0.22139378145161415,47.95407300000079,4.593395288135626,514.9585619999998,108.0,42.0,6.0,15.0,2.5,0.0,8.0,0.20972561283484406,67.00119899999845,4.812696841121493,121.04000800000358,39.0,14.0,4.0,10.0,2.5,0.0,0.0,0.3222075134033273,28.02124300000287,3.185263368421147,239.04204200000095,67.0,32.0,10.0,26.0,2.6,0.0,0.0,0.2802854235992501,89.00213500000245,3.6218491212121355,531.7498899999991,80.0,33.0,9.0,23.0,2.5555555555555554,0.0,4.0,0.1504466695799413,86.71957000000111,6.731011265822774,392.4875799999936,52.0,22.0,7.0,14.0,2.0,0.0,0.0,0.13248826880076267,86.71957000000111,7.695834901960659,614.5631199999989,165.0,75.0,17.0,58.0,3.411764705882353,0.0,4.0,0.2684834065539115,86.71957000000111,3.747336097560969,22.40853999999672,8.0,5.0,5.0,4.0,0.8,0.0,0.0,0.35700674832011237,13.31989999999496,3.201219999999531,,,,,,,,,,,,516.2388100000026,84.0,36.0,7.0,23.0,3.2857142857142856,0.0,2.0,0.1627153913515328,86.71957000000111,6.219744698795211,749.8276600000027,164.0,69.0,11.0,51.0,4.636363636363637,0.0,8.0,0.2187169248997822,86.71957000000111,4.60016969325155,23.58237999999983,7.0,5.0,5.0,4.0,0.8,0.0,0.0,0.29683178712242153,14.07278000000224,3.9303966666666383,2743.075097000001,789.0,324.0,22.0,249.0,11.318181818181818,6.0,9.0,0.28763339394641435,124.00867300000391,3.4810372017766475,2184.9867959999974,601.0,260.0,16.0,174.0,10.875,0.0,9.0,0.2750588704244054,89.00213500000245,3.641644659999996,797.8632599999983,199.0,88.0,21.0,70.0,3.3333333333333335,0.0,8.0,0.24941617188890292,86.71957000000111,4.029612424242416,5,old-old,19.0,12.0,5.0
252,20,185.3910659999965,125.0,47.0,17.0,42.0,2.4705882352941178,0.0,0.0,0.6742503978050505,11.103955999999016,1.4950892419354556,249.8291820000013,49.0,14.0,2.0,7.0,3.5,4.0,2.0,0.196134012879247,51.61534400000528,5.204774625000027,327.2800319999951,68.0,27.0,3.0,13.0,4.333333333333333,0.0,0.0,0.2077731402812898,24.788108000000648,4.884776597014852,484.0068790000005,134.0,48.0,7.0,35.0,5.0,0.0,0.0,0.276855569236651,39.04236200000014,3.639149466165417,90.16863599999488,71.0,27.0,10.0,26.0,2.6,0.0,0.0,0.7874134859931122,6.032746999997471,1.2881233714284983,163.12508399999933,43.0,17.0,4.0,11.0,2.75,0.0,0.0,0.263601396827481,28.308713999998872,3.8839305714285555,678.3985230000035,260.0,91.0,11.0,63.0,5.7272727272727275,3.0,18.0,0.38325555139806616,19.051573000004282,2.61929931660233,116.51837599999999,39.0,16.0,8.0,13.0,1.625,0.0,1.0,0.33471115320041883,22.726212000001397,3.0662730526315785,,,,,,,,,,,,60.790515000000596,32.0,10.0,6.0,7.0,1.1666666666666667,0.0,0.0,0.5263979092790987,7.363524000000325,1.960984354838729,110.947030000003,70.0,24.0,6.0,16.0,2.6666666666666665,0.0,0.0,0.6309317157926455,10.43290700000216,1.6079279710145362,301.2791700000016,67.0,16.0,2.0,7.0,3.5,0.0,0.0,0.22238510548206716,27.101455999996688,4.564835909090934,236.76575199999934,61.0,28.0,9.0,20.0,2.2222222222222223,0.0,1.0,0.25763861320618775,81.89842399999907,3.9460958666666555,631.654048999997,300.0,74.0,7.0,42.0,6.0,9.0,22.0,0.4749435240301949,27.41627100000187,2.1125553478260772,114.37167700000282,39.0,14.0,7.0,10.0,1.4285714285714286,0.0,0.0,0.34099351363011876,43.88981800000329,3.009780973684285,330.6539130000019,84.0,28.0,5.0,15.0,3.0,0.0,0.0,0.2540420563539483,24.720690999994986,3.9837820843373724,746.5704289999994,146.0,60.0,2.0,30.0,15.0,0.0,0.0,0.1955609200803212,40.182623999993666,5.1487615793103405,1239.1479360000012,378.0,153.0,16.0,98.0,6.125,0.0,15.0,0.3050483231406517,40.182623999993666,3.286864551724141,280.1006799999959,123.0,46.0,12.0,37.0,3.0833333333333335,8.0,1.0,0.43912781646942733,17.825150999997277,2.2959072131147207,,,,,,,,,,,,,,,,,,,,,,,,,,,,,,,,,,1571.3854069999943,527.0,211.0,16.0,146.0,9.125,8.0,18.0,0.33537284847650484,40.182623999993666,2.987424728136871,281.86474499999895,126.0,52.0,16.0,42.0,2.625,0.0,4.0,0.44702291519288967,12.920105000004696,2.254917959999992,2674.189986999998,930.0,347.0,20.0,264.0,13.2,7.0,21.0,0.347768858802477,51.61534400000528,2.8785683390742713,2144.2702879999997,783.0,245.0,15.0,160.0,10.666666666666666,9.0,23.0,0.36515918929712843,81.89842399999907,2.742033616368286,1608.461712999997,549.0,221.0,17.0,154.0,9.058823529411764,8.0,18.0,0.34131990557365605,40.182623999993666,2.935149111313863,7,at risk,11.0,,
253,24,210.35262000000512,73.0,36.0,6.0,26.0,4.333333333333333,0.0,0.0,0.3470363240543342,22.250599999999395,2.921564166666738,247.97586000000592,35.0,3.0,1.0,0.0,0.0,21.0,2.0,0.14114277091326213,71.08060000000114,7.293407647058998,242.22172000000137,36.0,17.0,1.0,0.0,0.0,0.0,0.0,0.1486241613675264,45.60077000000456,6.920620571428611,708.9674400000004,134.0,45.0,6.0,14.0,2.3333333333333335,0.0,0.0,0.18900726950168534,68.05988999999681,5.330582255639101,77.20562000000064,59.0,29.0,9.0,25.0,2.7777777777777777,0.0,0.0,0.7641930729913122,6.757740000000922,1.3311313793103559,140.83516000000236,19.0,9.0,3.0,4.0,1.3333333333333333,0.0,0.0,0.13490949277154712,97.11817000000156,7.824175555555687,244.12493999999424,76.0,24.0,7.0,9.0,1.2857142857142858,0.0,12.0,0.3113160007330746,33.19632000000274,3.254999199999923,133.1904299999951,51.0,22.0,7.0,16.0,2.2857142857142856,0.0,2.0,0.38291039378731545,48.30249999999796,2.663808599999902,120.9392200000002,36.0,16.0,4.0,9.0,2.25,0.0,0.0,0.29767018507312965,31.205800000003364,3.4554062857142918,44.41146000000299,19.0,9.0,6.0,7.0,1.1666666666666667,0.0,0.0,0.4278175047611297,27.7705300000016,2.4673033333334993,162.43106999999873,44.0,20.0,6.0,13.0,2.1666666666666665,0.0,0.0,0.27088413565212827,16.6313799999989,3.777466744186017,233.1252999999997,44.0,17.0,1.0,0.0,0.0,0.0,0.0,0.18873970349850513,25.265029999995022,5.421518604651156,249.33583999999973,82.0,35.0,6.0,12.0,2.0,0.0,1.0,0.3288736990237749,16.7580700000035,3.078220246913577,424.6689899999983,85.0,26.0,9.0,16.0,1.7777777777777777,3.0,6.0,0.2001558908268775,41.69445000000269,5.0555832142856945,55.81158999999752,31.0,14.0,6.0,6.0,1.0,0.0,0.0,0.555440187244287,8.630890000000363,1.8603863333332507,196.7757200000051,36.0,16.0,4.0,4.0,1.0,0.0,0.0,0.18294940046464608,61.018669999997655,5.622163428571574,212.52193999999872,63.0,28.0,16.0,16.0,1.0,0.0,0.0,0.2964399816790698,44.50742999999784,3.427773225806431,294.65790999999444,53.0,14.0,3.0,5.0,1.6666666666666667,0.0,8.0,0.1798695986135278,57.3718000000008,5.6664982692306625,29.842420000000857,35.0,19.0,12.0,18.0,1.5,0.0,0.0,1.1728271366731986,5.308389999998326,0.8777182352941428,544.2146599999978,144.0,59.0,17.0,39.0,2.2941176470588234,0.0,9.0,0.26460147177953747,57.3718000000008,3.805696923076908,13.94358999999531,4.0,1.0,1.0,0.0,0.0,0.0,1.0,0.28687016758247663,5.459799999996903,4.64786333333177,187.66043999999965,27.0,6.0,3.0,3.0,1.0,0.0,3.0,0.14387688742496846,57.3718000000008,7.217709230769217,266.5496899999998,64.0,22.0,8.0,13.0,1.625,0.0,4.0,0.24010532520221667,57.3718000000008,4.2309474603174575,7.422469999997702,15.0,9.0,9.0,8.0,0.8888888888888888,0.0,0.0,2.02089061996945,1.1540699999968638,0.5301764285712645,2409.2717300000004,602.0,237.0,17.0,137.0,8.058823529411764,21.0,16.0,0.24986803792364257,97.11817000000156,4.008771597337771,1839.716800000002,469.0,193.0,15.0,94.0,6.266666666666667,3.0,7.0,0.2549305414833411,62.66111000000092,3.931018803418808,600.3023600000015,185.0,77.0,22.0,55.0,2.5,0.0,9.0,0.30817803215033096,57.3718000000008,3.2625128260869647,5,old-old,13.0,12.0,5.0
254,23,219.77792000000045,114.0,55.0,20.0,52.0,2.6,0.0,0.0,0.5187054277335947,11.016769999994722,1.9449373451327474,182.72154999999475,37.0,11.0,3.0,6.0,2.0,4.0,2.0,0.2024939039757547,27.634939999996277,5.075598611110966,353.01172999999835,104.0,39.0,7.0,27.0,3.857142857142857,0.0,0.0,0.29460777408161615,26.215510000001814,3.427298349514547,486.04415000000154,121.0,43.0,9.0,18.0,2.0,0.0,0.0,0.24894857802526707,41.41786000000138,4.050367916666679,58.61707999999635,56.0,26.0,14.0,23.0,1.6428571428571428,0.0,0.0,0.955352944909632,8.473280000005616,1.0657650909090246,143.89708000000246,45.0,16.0,4.0,11.0,2.75,0.0,0.0,0.3127235104423191,18.031060000001162,3.270388181818238,318.8728800000026,93.0,30.0,8.0,20.0,2.5,0.0,10.0,0.29165227221580975,20.889149999995425,3.4660095652174197,79.70512999999482,44.0,17.0,5.0,13.0,2.6,0.0,1.0,0.5520347310142127,12.30568000000494,1.8536076744184842,143.25850000000355,56.0,19.0,5.0,14.0,2.8,0.0,0.0,0.3909017615010531,15.758849999998347,2.6047000000000646,30.281230000000505,30.0,11.0,6.0,10.0,1.6666666666666667,0.0,0.0,0.9907127286440973,7.242519999999786,1.0441803448276037,112.65702000000601,57.0,22.0,6.0,17.0,2.8333333333333335,0.0,0.0,0.5059604807582959,9.637180000005173,2.0117325000001074,169.16945999999734,61.0,29.0,3.0,17.0,5.666666666666667,0.0,0.0,0.3605851789087756,22.618149999994785,2.819490999999956,215.87640999999712,84.0,34.0,7.0,23.0,3.2857142857142856,0.0,1.0,0.3891115291383673,22.370539999996254,2.600920602409604,378.84934000000067,134.0,40.0,7.0,21.0,3.0,3.0,6.0,0.353702609063539,30.012729999994917,2.848491278195494,97.03400999999576,44.0,17.0,7.0,9.0,1.2857142857142858,0.0,0.0,0.45344925969772787,15.082549999999173,2.2566048837208315,150.71510999999737,52.0,20.0,5.0,8.0,1.6,0.0,0.0,0.34502180969115115,11.421760000004724,2.9551982352940662,359.6065299999973,77.0,31.0,4.0,21.0,5.25,0.0,0.0,0.2141229192918176,31.58005000000412,4.731664868421017,,,,,,,,,,,,605.3522400000002,176.0,68.0,14.0,52.0,3.7142857142857144,0.0,6.0,0.29073981786207637,31.58005000000412,3.459155657142858,56.599020000001474,40.0,16.0,11.0,14.0,1.2727272727272727,0.0,2.0,0.7067260175175994,9.443509999997332,1.451256923076961,392.5992599999954,98.0,39.0,7.0,28.0,4.0,0.0,2.0,0.24961840223540194,31.58005000000412,4.047415051546344,139.88983000000007,35.0,13.0,4.0,9.0,2.25,0.0,3.0,0.25019688707892473,13.998050000001967,4.114406764705884,174.340280000004,62.0,27.0,9.0,23.0,2.5555555555555554,0.0,3.0,0.3556263647161665,13.998050000001967,2.8580373770492455,24.58114000000205,22.0,9.0,6.0,7.0,1.1666666666666667,0.0,0.0,0.8949951060039593,6.651830000002519,1.170530476190574,2207.4223300000012,778.0,303.0,23.0,228.0,9.91304347826087,4.0,13.0,0.3524472818031154,41.41786000000138,2.8409553796653815,1683.8939899999968,677.0,253.0,16.0,170.0,10.625,3.0,7.0,0.4020443115899483,30.012729999994917,2.4909674408283977,629.678230000005,189.0,76.0,16.0,60.0,3.75,0.0,6.0,0.30015330210796476,31.58005000000412,3.349352287234069,7,at risk,14.0,,
255,23,211.9435100000046,273.0,101.0,20.0,88.0,4.4,0.0,4.0,1.2880790735229122,9.948018999995838,0.7792040808823699,232.24905500000023,183.0,88.0,6.0,56.0,9.333333333333334,0.0,0.0,0.7879472319058514,13.010260000002745,1.27609370879121,377.436861999995,138.0,50.0,4.0,24.0,6.0,0.0,0.0,0.365624065621873,26.089148999999452,2.7550135912408393,952.5858420000004,624.0,264.0,17.0,197.0,11.588235294117647,0.0,4.0,0.6550590744555699,28.973108000005595,1.529030243980739,72.54079899999488,137.0,49.0,11.0,46.0,4.181818181818182,0.0,4.0,1.888592376822451,3.138558999999077,0.5333882279411388,279.7396709999957,66.0,28.0,3.0,10.0,3.3333333333333335,0.0,0.0,0.23593364417734305,44.20805100000143,4.30368724615378,641.343200000003,464.0,204.0,10.0,158.0,15.8,0.0,4.0,0.7234815930066739,26.54084000000148,1.3851904967602655,225.84898100000282,299.0,121.0,9.0,100.0,11.11111111111111,0.0,7.0,1.3238935091763653,14.205779000003531,0.7578824865771907,129.32183399999485,77.0,35.0,6.0,24.0,4.0,0.0,0.0,0.5954137643918896,12.816365999999107,1.7016030789473007,48.741593000006105,53.0,19.0,6.0,16.0,2.6666666666666665,0.0,0.0,1.0873670050134259,9.22659399999975,0.9373383269231943,76.61547900000005,75.0,30.0,7.0,25.0,3.5714285714285716,0.0,0.0,0.978914456698756,11.786315000004834,1.0353443108108116,786.0947420000011,318.0,130.0,16.0,82.0,5.125,0.0,0.0,0.4045313917135952,37.71726699999999,2.479794138801265,341.4975149999955,296.0,118.0,13.0,83.0,6.384615384615385,0.0,1.0,0.8667705825033717,13.880169000003661,1.157618694915239,582.270147999996,467.0,187.0,9.0,143.0,15.88888888888889,0.0,0.0,0.8020332170626807,31.668959999995423,1.2495067553647983,139.17071199999918,71.0,31.0,10.0,17.0,1.7,0.0,0.0,0.5101648111134217,16.48612100000173,1.9881530285714168,202.76383299999725,75.0,34.0,5.0,22.0,4.4,0.0,0.0,0.3698884504713472,37.87588699999469,2.74005179729726,713.0232180000021,312.0,135.0,19.0,107.0,5.631578947368421,0.0,3.0,0.4375734087245376,49.04563799999596,2.2926791575562766,256.0379840000023,193.0,83.0,18.0,70.0,3.888888888888889,0.0,3.0,0.7537944057550392,22.06741499999771,1.3335311666666787,667.9389699999956,277.0,121.0,19.0,94.0,4.947368421052632,0.0,3.0,0.41470854739917606,49.04563799999596,2.420068731884042,394.2878819999969,204.0,87.0,19.0,70.0,3.6842105263157894,0.0,3.0,0.5173884598360586,38.50717600000644,1.9423048374384084,,,,,,,,,,,,834.6771670000016,455.0,196.0,19.0,157.0,8.263157894736842,0.0,7.0,0.5451209377577224,49.04563799999596,1.8384959625550696,830.4368869999962,378.0,162.0,19.0,129.0,6.7894736842105265,0.0,5.0,0.4551820926037474,62.39363199999934,2.2027503633952152,3.3006060000043362,8.0,3.0,3.0,2.0,0.6666666666666666,0.0,0.0,2.4237973269119335,1.7084929999982705,0.4715151428577623,3675.259250000003,2512.0,1037.0,30.0,762.0,25.4,0.0,23.0,0.6834891987551621,44.20805100000143,1.4636635802469147,2830.3897029999935,1564.0,637.0,22.0,453.0,20.59090909090909,0.0,1.0,0.5525740848838877,47.089564999994764,1.8108699315419023,961.3132020000048,513.0,220.0,20.0,178.0,8.9,0.0,7.0,0.5336450169754325,62.39363199999934,1.8775648476562594,2,MCI,22.0,15.0,4.0
256,24,204.01263599999947,104.0,50.0,19.0,44.0,2.3157894736842106,2.0,0.0,0.5097723456698058,13.951500000002852,1.9805476310679455,351.9161249999961,47.0,15.0,6.0,9.0,1.5,6.0,2.0,0.13355455081804085,80.99319100000139,7.650350543478176,187.9349379999985,25.0,12.0,2.0,5.0,2.5,0.0,0.0,0.13302475987727305,50.06335100000433,7.830502916666471,408.07474999999977,106.0,34.0,3.0,2.0,0.6666666666666666,0.0,0.0,0.25975633140742,35.090001999997185,3.885888476190476,56.96672699999908,39.0,19.0,8.0,17.0,2.125,0.0,0.0,0.6846101584877894,9.004485999997996,1.499124394736818,172.98208500000328,10.0,4.0,2.0,1.0,0.5,0.0,0.0,0.057809454661156445,90.9773800000039,19.220231666667033,554.0710410000029,124.0,46.0,5.0,13.0,2.6,0.0,12.0,0.2237980165435128,47.975539999999455,4.504642609756121,64.99454600000172,22.0,11.0,5.0,8.0,1.6,0.0,1.0,0.33848994037129543,44.04081900000165,3.0949783809524627,63.95093900000211,27.0,13.0,3.0,5.0,1.6666666666666667,0.0,0.0,0.4221986482481377,8.002119999997376,2.459651500000081,25.995466000000306,14.0,7.0,4.0,5.0,1.25,0.0,0.0,0.5385554542472843,13.020658000001276,1.9996512307692542,74.01319800000056,26.0,12.0,5.0,6.0,1.2,0.0,0.0,0.35128869853725014,13.950596999995469,2.9605279200000223,197.9586000000054,31.0,11.0,3.0,6.0,2.0,0.0,0.0,0.15659839986744276,36.94832899999892,6.59862000000018,122.98347099999955,57.0,24.0,5.0,18.0,3.6,0.0,1.0,0.4634769171541776,22.000630000002275,2.196133410714278,317.0360139999975,114.0,38.0,12.0,29.0,2.4166666666666665,3.0,6.0,0.35958059957188615,32.03211700000247,2.8056284424778544,105.99930799999856,35.0,8.0,5.0,4.0,0.8,0.0,0.0,0.3301908348307375,14.002831000005244,3.117626705882311,286.0146689999965,67.0,30.0,10.0,20.0,2.0,0.0,0.0,0.23425371934332787,48.99865000000136,4.333555590909038,901.3787900000025,158.0,54.0,19.0,40.0,2.1052631578947367,0.0,11.0,0.17528701779193137,95.60205000000133,5.741266178343965,274.22875000000204,65.0,18.0,4.0,13.0,3.25,0.0,9.0,0.23702839326656858,31.16181000000506,4.284824218750032,10.004530000005616,4.0,3.0,2.0,1.0,0.5,0.0,0.0,0.3998188820462085,7.0231000000057975,3.3348433333352054,159.0839100000012,55.0,20.0,8.0,11.0,1.375,0.0,8.0,0.3457294958365028,18.010229999999865,2.9459983333333555,120.57997999999498,33.0,9.0,4.0,8.0,2.0,0.0,3.0,0.273677272130924,21.666059999995923,3.768124374999843,126.52685000000201,19.0,5.0,2.0,3.0,1.5,0.0,5.0,0.15016575533177107,31.16181000000506,7.029269444444556,343.9661699999997,92.0,31.0,8.0,21.0,2.625,0.0,12.0,0.2674681640929981,31.16181000000506,3.7798480219780184,7.789380000001984,9.0,6.0,5.0,4.0,0.8,0.0,0.0,1.1554193016642798,2.7800500000012107,0.973672500000248,3052.0474350000004,805.0,325.0,33.0,221.0,6.696969696969697,8.0,19.0,0.2637573685023673,90.9773800000039,3.796078899253732,1655.0447639999984,613.0,235.0,29.0,184.0,6.344827586206897,3.0,7.0,0.37038273123106935,48.99865000000136,2.704321509803919,926.0087100000019,170.0,60.0,21.0,44.0,2.0952380952380953,0.0,12.0,0.18358358637900896,95.60205000000133,5.479341479289952,4,young-old,14.0,10.0,4.0
257,20,221.26548899999761,196.0,72.0,11.0,50.0,4.545454545454546,0.0,2.0,0.8858136932506547,13.92091100000107,1.1346948153846033,,,,,,,,,,,,289.04711299999326,108.0,42.0,15.0,33.0,2.2,0.0,1.0,0.3736415108218103,63.294301000001724,2.7013748878504042,,,,,,,,,,,,76.52073199999722,114.0,35.0,8.0,28.0,3.5,0.0,4.0,1.4897923349714446,6.578005999996094,0.677174619469002,347.1799830000018,125.0,46.0,4.0,21.0,5.25,0.0,0.0,0.36004379895369526,30.291091000006418,2.7998385725806596,218.94895199999883,100.0,32.0,8.0,25.0,3.125,0.0,0.0,0.4567274658615426,53.73671300000569,2.211605575757564,60.76627599999483,49.0,19.0,7.0,15.0,2.142857142857143,0.0,1.0,0.8063683217975077,11.993435000003956,1.2659640833332257,255.59976600000664,102.0,39.0,6.0,30.0,5.0,0.0,0.0,0.39906139820173914,31.384407999998075,2.530690752475313,54.903323999998975,57.0,20.0,7.0,15.0,2.142857142857143,0.0,0.0,1.038188507493664,9.148590999997396,0.9804164999999817,205.75327599999582,123.0,51.0,6.0,30.0,5.0,0.0,0.0,0.5978033613423608,15.183866999999736,1.6865022622950476,379.02032399999734,98.0,38.0,5.0,15.0,3.0,0.0,0.0,0.2585613324524536,34.75047500000073,3.907426020618529,337.8307229999991,142.0,46.0,12.0,37.0,3.0833333333333335,0.0,5.0,0.4203288520919998,33.18826799999806,2.395962574468079,551.2580679999955,420.0,146.0,7.0,105.0,15.0,0.0,0.0,0.7618936109611795,15.381217000001925,1.315651713603808,298.2433700000038,113.0,41.0,8.0,29.0,3.625,0.0,0.0,0.37888520371801915,28.34101300000475,2.6628872321428907,1311.470220999996,1080.0,402.0,25.0,335.0,13.4,0.0,13.0,0.8235032581803498,30.50980599999457,1.2154496950880407,1338.3091600000043,571.0,237.0,13.0,170.0,13.076923076923077,0.0,0.0,0.42665776867282157,32.073968999997305,2.3479108070175516,,,,,,,,,,,,140.7727140000061,121.0,48.0,17.0,38.0,2.235294117647059,0.0,2.0,0.8595415728078863,15.145446999995329,1.1731059500000507,1246.1723609999972,554.0,230.0,17.0,166.0,9.764705882352942,0.0,0.0,0.4445612961239487,32.073968999997305,2.2534762405063242,,,,,,,,,,,,762.5330920000051,381.0,155.0,12.0,120.0,10.0,0.0,4.0,0.49965044664579283,31.80784400000266,2.006666031578961,951.746438000002,528.0,208.0,17.0,156.0,9.176470588235293,0.0,6.0,0.5547696097602826,31.80784400000266,1.805970470588239,1576.0446149999989,746.0,302.0,17.0,218.0,12.823529411764707,0.0,4.0,0.4733368541092985,32.073968999997305,2.115496127516777,2607.3442149999973,1534.0,567.0,22.0,429.0,19.5,0.0,13.0,0.5883381224369724,63.294301000001724,1.7008116210045645,3646.3314119999995,2308.0,847.0,27.0,648.0,24.0,0.0,20.0,0.6329649555178722,34.75047500000073,1.5805511105331598,1714.1764150000017,861.0,348.0,19.0,255.0,13.421052631578947,0.0,6.0,0.5022820244554579,32.073968999997305,1.9932283895348857,2,MCI,31.0,,
258,23,176.9879579999979,91.0,41.0,15.0,37.0,2.466666666666667,0.0,0.0,0.5141592740450799,9.002664000006916,1.963343144444419,158.42969699999958,19.0,2.0,1.0,0.0,0.0,4.0,2.0,0.11992701090629525,76.9633959999992,8.80164983333331,259.52743300000293,63.0,24.0,5.0,10.0,2.0,0.0,0.0,0.24274890431332277,36.426245999995444,4.178022419354801,620.3475130000006,110.0,34.0,8.0,17.0,2.125,0.0,0.0,0.17731996613968837,64.64714700000332,5.686765779816471,61.38120699999854,57.0,26.0,9.0,23.0,2.5555555555555554,0.0,0.0,0.9286229904211782,3.9851120000021183,1.0960929821428311,124.23753999999462,22.0,10.0,5.0,7.0,1.4,0.0,0.0,0.1770801321404219,44.85392999999749,5.9160733333330775,360.7755010000037,103.0,36.0,8.0,20.0,2.5,0.0,10.0,0.28549610412708964,23.33147199999803,3.5358262745098283,62.35002499999973,25.0,11.0,8.0,9.0,1.125,0.0,0.0,0.4009621487721955,18.424144999997225,2.597917708333322,135.04829400000017,64.0,23.0,10.0,19.0,1.9,0.0,0.0,0.47390454262235937,18.66588800000318,2.1413307460317146,54.57588399999804,23.0,7.0,5.0,5.0,1.0,0.0,0.0,0.4214315612368427,7.5072479999944335,2.480721999999911,165.96314800000255,70.0,24.0,5.0,9.0,1.8,0.0,0.0,0.421780382232801,10.279948999996122,2.4052630144927907,528.416449999997,144.0,52.0,5.0,14.0,2.8,0.0,0.0,0.2725123337852196,28.024420000001555,3.695219930069909,425.28080000000045,183.0,86.0,9.0,55.0,6.111111111111111,0.0,1.0,0.43030393095573516,19.06246000000101,2.336707692307695,504.8082510000022,173.0,46.0,7.0,8.0,1.1428571428571428,2.0,8.0,0.34270438261913283,20.46994000000268,2.93444191860464,186.11166400000366,60.0,26.0,9.0,16.0,1.7777777777777777,0.0,0.0,0.32238710197120596,24.574957999997423,3.1544349830509093,283.6001699999979,77.0,33.0,7.0,7.0,1.0,0.0,0.0,0.2715090050898086,44.62822299999971,3.731357434210574,,,,,,,,,,,,559.0349069999938,96.0,37.0,5.0,18.0,3.6,0.0,6.0,0.17172451808988926,128.43638500000088,5.884577968420988,257.91209900000104,144.0,65.0,15.0,56.0,3.7333333333333334,0.0,7.0,0.5583297586981347,27.301420000003418,1.803581111888119,62.90911000000051,37.0,17.0,5.0,12.0,2.4,0.0,2.0,0.5881501105324761,11.975533999997424,1.747475277777792,861.0296679999956,240.0,98.0,15.0,66.0,4.4,0.0,17.0,0.27873604002226,128.43638500000088,3.602634594142241,323.1748860000007,141.0,62.0,14.0,48.0,3.4285714285714284,0.0,8.0,0.4362962782943465,27.301420000003418,2.308392042857148,735.9650640000036,211.0,87.0,15.0,61.0,4.066666666666666,0.0,12.0,0.28669839143342674,128.43638500000088,3.5045955428571602,7.105416999998852,6.0,4.0,4.0,3.0,0.75,0.0,1.0,0.8444261610544419,3.9659650000030524,1.4210833999997703,2192.9726299999966,631.0,242.0,21.0,175.0,8.333333333333334,4.0,12.0,0.28773728927022724,76.9633959999992,3.4804532619047563,2450.1054369999983,868.0,324.0,18.0,160.0,8.88888888888889,2.0,9.0,0.35427046807537066,44.62822299999971,2.825771597462517,894.973149999998,273.0,116.0,17.0,83.0,4.882352941176471,0.0,17.0,0.30503708407341673,128.43638500000088,3.290342463235287,6,other medical,19.0,,
259,15,293.9995329999947,85.0,39.0,5.0,28.0,5.6,0.0,0.0,0.28911610550075784,29.010960999999952,3.499994440476127,331.95019099999627,93.0,38.0,8.0,13.0,1.625,6.0,2.0,0.28016251389956587,33.937942999997176,3.6081542499999593,170.03699000000051,42.0,18.0,2.0,2.0,1.0,0.0,0.0,0.24700507813035194,21.008740999997826,4.147243658536598,562.0754640000014,91.0,31.0,8.0,20.0,2.5,0.0,0.0,0.16189996864904918,82.98223000000144,6.245282933333349,60.91712800000096,54.0,26.0,9.0,22.0,2.4444444444444446,0.0,0.0,0.8864501950912582,6.006273999999394,1.1493797735849238,,,,,,,,,,,,753.0055299999949,171.0,70.0,10.0,38.0,3.8,0.0,12.0,0.22708996572707926,58.06949799999711,4.4294442941176175,67.09030399999756,22.0,9.0,4.0,6.0,1.5,0.0,2.0,0.32791623659956587,16.99355900000228,3.194776380952265,67.94892000000254,28.0,13.0,4.0,8.0,2.0,0.0,0.0,0.4120742463603388,20.00163800000155,2.516626666666761,49.94504800000141,13.0,7.0,4.0,5.0,1.25,0.0,0.0,0.2602860647966468,20.990806000001612,4.16208733333345,124.93256100000144,34.0,17.0,5.0,9.0,1.8,0.0,0.0,0.272146826478644,24.934625000001688,3.7858351818182254,884.0162130000026,155.0,70.0,7.0,17.0,2.4285714285714284,0.0,0.0,0.17533615076356018,44.93998499999725,5.740365019480536,296.95893899999646,44.0,18.0,9.0,11.0,1.2222222222222223,0.0,1.0,0.14816863283580267,51.051987999999255,6.90602183720922,530.043964000004,101.0,39.0,4.0,4.0,1.0,2.0,7.0,0.1905502314143874,42.977995999994164,5.30043964000004,244.92448400000285,53.0,23.0,6.0,17.0,2.8333333333333335,0.0,0.0,0.21639322918814186,108.95509000000311,4.710086230769286,268.0346970000028,50.0,24.0,4.0,4.0,1.0,0.0,0.0,0.18654301312340724,32.07370500000252,5.470095857142914,,,,,,,,,,,,,,,,,,,,,,,,,,,,,,,,,,,,,,,,,,,,,,,,,,,,,,,,,,,,,,,,,,,,,,,,,,,,,,,,,,,,,,,,,2821.087873999997,818.0,355.0,26.0,236.0,9.076923076923077,6.0,16.0,0.28995906421027734,82.98223000000144,3.4529839339045254,2609.9609550000023,563.0,244.0,15.0,114.0,7.6,2.0,8.0,0.2157120392630546,108.95509000000311,4.64405863879004,,,,,,,,,,,,2,MCI,16.0,,
261,16,175.4080099999992,89.0,41.0,7.0,33.0,4.714285714285714,0.0,0.0,0.5073884596262189,10.041720000001078,1.9932728409090819,127.77651999999944,17.0,2.0,1.0,0.0,0.0,2.0,2.0,0.13304478788434743,30.019099999997707,7.986032499999965,126.58322999999655,40.0,12.0,2.0,5.0,2.5,0.0,0.0,0.3159976246458642,12.011520000000019,3.2457238461537576,421.64544000000024,76.0,25.0,7.0,19.0,2.7142857142857144,0.0,0.0,0.18024622773105278,66.0515000000014,5.6219392000000035,54.64110000000073,50.0,25.0,10.0,24.0,2.4,0.0,0.0,0.915062105265072,9.431539999997767,1.1151244897959334,94.68527000000176,30.0,12.0,4.0,8.0,2.0,0.0,0.0,0.31683914509616373,18.494039999997767,3.2650093103448885,325.62343999999575,159.0,63.0,15.0,39.0,2.6,0.0,12.0,0.4882940859540151,16.892970000000787,2.060907848101239,69.0318299999999,44.0,19.0,6.0,15.0,2.5,0.0,0.0,0.6373871299659891,14.143660000001546,1.6053913953488348,56.398169999993115,42.0,19.0,6.0,16.0,2.6666666666666665,0.0,0.0,0.7447050143649186,6.078659999999218,1.3755651219510516,46.43564000000333,18.0,6.0,4.0,4.0,1.0,0.0,0.0,0.38763329201446795,17.550880000002508,2.7315082352943136,214.8026400000017,64.0,26.0,5.0,13.0,2.6,0.0,0.0,0.2979479209380271,54.611949999998615,3.4095657142857414,238.02178000000276,36.0,16.0,2.0,6.0,3.0,0.0,0.0,0.15124666322552324,53.914099999994505,6.800622285714365,134.99239999999554,67.0,32.0,5.0,12.0,2.4,0.0,1.0,0.49632423751264676,14.560039999996661,2.0453393939393263,359.78451000000496,81.0,28.0,5.0,6.0,1.2,3.0,2.0,0.22513476191623394,46.47433000000456,4.497306375000062,86.64018999999826,42.0,18.0,7.0,9.0,1.2857142857142858,0.0,0.0,0.48476347985849116,11.613180000000284,2.113175365853616,70.92713000000367,16.0,7.0,4.0,4.0,1.0,0.0,0.0,0.22558363774199197,30.067299999995157,4.728475333333578,,,,,,,,,,,,,,,,,,,,,,,,,,,,,,,,,,,,,,,,,,,,,,,,,,,,,,,,,,,,,,,,,,,,,,,,,,,,,,,,,,,,,,,,,1856.1985499999937,604.0,233.0,19.0,175.0,9.210526315789474,2.0,14.0,0.3253962244502357,66.0515000000014,3.078272885572129,1638.644269999997,481.0,191.0,15.0,95.0,6.333333333333333,3.0,3.0,0.29353533820980005,54.611949999998615,3.4138422291666606,,,,,,,,,,,,8,younger adult,,,
262,23,220.85229999999865,117.0,49.0,17.0,44.0,2.588235294117647,0.0,0.0,0.5297658208676148,22.438343000001623,1.9038991379310228,215.19447399999626,63.0,20.0,2.0,12.0,6.0,3.0,2.0,0.29275844694785746,32.01007400000526,3.4708786129031655,470.51896300000226,135.0,41.0,3.0,16.0,5.333333333333333,0.0,0.0,0.28691723525710344,20.18351899999834,3.511335544776136,790.9690379999956,223.0,52.0,5.0,24.0,4.8,0.0,0.0,0.2819326538543993,32.01764700000058,3.562923594594575,66.9602670000022,59.0,24.0,9.0,21.0,2.3333333333333335,0.0,0.0,0.8811195451176749,9.069339000001492,1.1544873620690035,207.4673879999973,28.0,10.0,5.0,7.0,1.4,0.0,0.0,0.13496097034778481,34.00638800000161,7.6839773333332335,507.3897810000053,117.0,33.0,8.0,22.0,2.75,2.0,12.0,0.2305919519494595,50.40116500000295,4.374049836206942,31.750209999998333,27.0,12.0,7.0,11.0,1.5714285714285714,0.0,0.0,0.8503880761733991,9.043516999998246,1.221161923076859,61.28724399999919,44.0,18.0,5.0,13.0,2.6,0.0,0.0,0.7179307981282465,6.382484999994631,1.4252847441860277,26.85060599999997,22.0,5.0,3.0,3.0,1.0,0.0,0.0,0.8193483603312351,5.204996000000392,1.2786002857142844,71.68960900000093,47.0,14.0,4.0,7.0,1.75,0.0,0.0,0.6556040778517761,7.597965999993903,1.5584697608695854,330.8657650000023,98.0,31.0,2.0,12.0,6.0,0.0,1.0,0.2961926266381755,17.212413000001106,3.4109872680412607,215.86438700000144,68.0,25.0,10.0,20.0,2.0,0.0,0.0,0.31501259167867995,26.579498999999487,3.221856522388081,524.5401679999995,206.0,36.0,4.0,9.0,2.25,3.0,4.0,0.39272492855113467,19.029120999999577,2.558732526829266,126.78453699999955,57.0,23.0,8.0,11.0,1.375,0.0,0.0,0.4495816394392023,9.82902599999943,2.264009589285706,288.52706499999476,95.0,35.0,6.0,11.0,1.8333333333333333,0.0,0.0,0.32925853940254,31.951467999999295,3.069436861702072,396.9804629999999,82.0,21.0,3.0,12.0,4.0,0.0,0.0,0.20655928349803962,33.835025000000314,4.900993370370369,745.5725740000053,232.0,85.0,19.0,68.0,3.5789473684210527,0.0,8.0,0.31117024430675794,33.835025000000314,3.2275869004329234,44.50965200000064,33.0,16.0,10.0,13.0,1.3,0.0,0.0,0.7414122222299002,16.793535999997403,1.39092662500002,198.5899750000026,75.0,28.0,11.0,23.0,2.090909090909091,0.0,4.0,0.3776625683144329,22.69251699999586,2.6836483108108458,,,,,,,,,,,,171.29816500000015,76.0,27.0,9.0,21.0,2.3333333333333335,2.0,1.0,0.44367083558659215,18.60822499999631,2.2839755333333356,46.64481199999864,35.0,15.0,9.0,11.0,1.2222222222222223,0.0,1.0,0.7503514002800787,18.562722000002395,1.3719062352940776,785.4562819999992,258.0,94.0,19.0,76.0,4.0,0.0,9.0,0.3284714960112831,33.835025000000314,3.0562501245136153,3140.3817100000015,1013.0,323.0,20.0,215.0,10.75,5.0,14.0,0.3225722518935443,50.40116500000295,3.10314398221344,1982.8268790000002,776.0,236.0,17.0,122.0,7.176470588235294,3.0,5.0,0.39136044009619253,31.951467999999295,2.5584862954838714,986.601966000002,341.0,124.0,19.0,99.0,5.2105263157894735,2.0,10.0,0.34563077284603677,33.835025000000314,2.9017704882353,2,MCI,15.0,16.0,4.0
263,16,212.03460300000006,85.0,38.0,16.0,35.0,2.1875,0.0,0.0,0.40087796424435485,13.998706000005768,2.524175226190415,269.94964900000195,67.0,23.0,4.0,6.0,1.5,6.0,2.0,0.24819443273289649,15.96316300000035,4.090146196969727,162.02058700000634,33.0,13.0,3.0,2.0,0.6666666666666666,0.0,0.0,0.20367782027600423,17.042241999995895,5.063143343750198,596.993862000003,129.0,38.0,8.0,23.0,2.875,0.0,0.0,0.21608262364345607,68.00331199999346,4.664014546875023,60.03382899999997,51.0,24.0,10.0,23.0,2.3,0.0,0.0,0.8495210258869216,6.046490000000631,1.2006765799999994,112.98569200000202,34.0,14.0,5.0,7.0,1.4,0.0,0.0,0.3009230584700883,32.96514000000025,3.4238088484849096,531.9722189999957,109.0,38.0,5.0,11.0,2.2,0.0,6.0,0.20489791779897606,23.04376599999523,4.925668694444404,64.01782499999536,45.0,18.0,7.0,15.0,2.142857142857143,0.0,1.0,0.7029292232281129,12.001464000000851,1.4549505681817125,77.96152199999779,37.0,18.0,5.0,13.0,2.6,0.0,0.0,0.4745930947833606,10.057942999999796,2.1655978333332717,16.05906899999536,12.0,6.0,4.0,4.0,1.0,0.0,0.0,0.7472413251355646,5.006188000006659,1.4599153636359419,106.0661970000001,32.0,15.0,6.0,12.0,2.0,0.0,0.0,0.30169838181338743,23.977592999995977,3.421490225806455,268.9279139999999,41.0,20.0,7.0,6.0,0.8571428571428571,0.0,0.0,0.15245721200960946,47.03267000000051,6.723116200000004,222.04300199999852,38.0,14.0,7.0,7.0,1.0,0.0,1.0,0.17113802127391636,99.04470399999991,6.0010739459459135,544.9588619999995,88.0,37.0,4.0,4.0,1.0,0.0,5.0,0.16148007883941903,41.986730999997235,6.263894965517236,126.00749899999937,38.0,15.0,6.0,5.0,0.8333333333333334,0.0,0.0,0.30156935342395924,25.023965000000317,3.405608081081064,121.01773200000025,26.0,11.0,4.0,4.0,1.0,0.0,0.0,0.2148445485658246,32.057723999998416,4.84070928000001,,,,,,,,,,,,,,,,,,,,,,,,,,,,,,,,,,,,,,,,,,,,,,,,,,,,,,,,,,,,,,,,,,,,,,,,,,,,,,,,,,,,,,,,,2714.031729000002,921.0,376.0,33.0,279.0,8.454545454545455,6.0,11.0,0.33934754341996837,68.00331199999346,2.9500302663043443,1689.9700789999988,370.0,158.0,13.0,73.0,5.615384615384615,0.0,6.0,0.218938787495539,99.04470399999991,4.579864712737124,,,,,,,,,,,,4,young-old,16.0,,
264,24,248.9804320000003,109.0,47.0,18.0,42.0,2.3333333333333335,0.0,0.0,0.4377854079713376,18.00202399999762,2.305374370370373,146.0642970000008,26.0,5.0,1.0,0.0,0.0,4.0,2.0,0.17800380061391632,25.089099000000715,5.842229999999981,252.07009999999718,46.0,18.0,4.0,7.0,1.75,0.0,0.0,0.18248891875712556,45.95875700000033,5.601557777777715,496.0041209999981,67.0,18.0,3.0,2.0,0.6666666666666666,0.0,0.0,0.13507952285743258,36.003600999996706,7.515213954545426,57.02442799999699,53.0,26.0,15.0,24.0,1.6,0.0,0.0,0.9294262451874624,3.061359999999695,1.0966236153845574,145.00707399999374,28.0,11.0,5.0,6.0,1.2,0.0,0.0,0.19309402795067232,35.050646000003326,5.370632370370139,238.01567899999645,64.0,23.0,7.0,12.0,1.7142857142857142,0.0,4.0,0.2688898490590654,23.913126999999804,3.7780266507935947,55.978165000000445,20.0,9.0,4.0,5.0,1.25,0.0,0.0,0.357282165287123,23.05291700000089,2.946219210526339,45.009203000001435,21.0,8.0,3.0,6.0,2.0,0.0,0.0,0.46657124766237984,9.947308999995585,2.250460150000072,43.99762600000395,15.0,7.0,4.0,4.0,1.0,0.0,0.0,0.34092748549657326,23.009032000001753,3.1426875714288536,143.9608769999977,51.0,23.0,5.0,16.0,3.2,0.0,0.0,0.35426291547251976,19.008813000000373,2.8792175399999542,151.007921000004,35.0,14.0,3.0,3.0,1.0,0.0,0.0,0.23177592121143814,19.913382999999158,4.441409441176588,348.00708699999814,54.0,21.0,5.0,10.0,2.0,0.0,1.0,0.15516925378016883,63.06101900000067,6.566171452830154,384.0157790000012,95.0,27.0,5.0,6.0,1.2,4.0,6.0,0.2473856679727728,23.03173699999752,4.085274244680864,104.02383499999996,44.0,15.0,6.0,11.0,1.8333333333333333,0.0,0.0,0.42297998338553866,16.991485999998986,2.417400930232509,134.9258850000042,57.0,20.0,5.0,7.0,1.4,0.0,0.0,0.4224541495503122,10.959174999996321,2.4093908035715037,254.53083999999944,79.0,37.0,3.0,19.0,6.333333333333333,0.0,0.0,0.3103749628139371,16.479380000004312,3.2632158974358902,61.785250000000815,21.0,11.0,9.0,9.0,1.0,0.0,0.0,0.33988694712734385,14.011380000003555,3.0892625000000407,142.5607400000008,70.0,33.0,10.0,24.0,2.4,0.0,2.0,0.4910187755759377,14.388469999998051,2.066097681159432,597.5631500000018,266.0,121.0,20.0,90.0,4.5,0.0,5.0,0.44514123737382266,16.479380000004312,2.254955283018875,9.812730000005104,7.0,2.0,1.0,0.0,0.0,0.0,2.0,0.7133590754047405,3.0976099999970756,1.6354550000008505,94.57744000000093,31.0,13.0,3.0,7.0,2.3333333333333335,0.0,2.0,0.3277737270114278,14.388469999998051,3.1525813333333645,227.51946999999927,121.0,53.0,16.0,40.0,2.5,0.0,5.0,0.5318226172028283,14.388469999998051,1.8959955833333273,115.51033000000461,62.0,29.0,16.0,26.0,1.625,0.0,0.0,0.5367485314949539,14.011380000003555,1.8936119672131904,2037.963085000003,562.0,219.0,22.0,153.0,6.954545454545454,4.0,6.0,0.27576554459522956,45.95875700000033,3.6327327718360127,1649.933106000004,475.0,171.0,14.0,104.0,7.428571428571429,4.0,7.0,0.28789045948145175,63.06101900000067,3.4808715316455783,613.2074300000022,270.0,123.0,20.0,91.0,4.55,0.0,5.0,0.44030777644034585,16.479380000004312,2.279581524163577,4,young-old,8.0,15.0,4.0
265,24,430.76366399999824,504.0,194.0,19.0,160.0,8.421052631578947,0.0,6.0,1.1700151199382547,9.055280000000494,0.8563889940357818,149.13890900000115,163.0,65.0,4.0,46.0,11.5,4.0,2.0,1.0929408099666247,8.258284000003187,0.9206105493827231,384.72475299999496,182.0,72.0,5.0,48.0,9.6,0.0,0.0,0.4730654801408174,31.983587000002444,2.1255511215469336,425.06852600000275,210.0,88.0,8.0,46.0,5.75,0.0,0.0,0.4940379895358299,34.049065999999584,2.0338206985646066,49.456522000000405,63.0,23.0,8.0,21.0,2.625,0.0,4.0,1.2738461471269549,4.081145000003744,0.7976858387096839,167.66621199999645,84.0,33.0,5.0,20.0,4.0,0.0,0.0,0.5009953943493504,25.75873600000341,2.0200748433734512,551.958756,589.0,225.0,10.0,182.0,18.2,2.0,14.0,1.0671087170868252,9.062372000000323,0.9387053673469388,95.819531000001,151.0,56.0,15.0,49.0,3.2666666666666666,0.0,5.0,1.5758791388782567,6.092648999998346,0.63879687333334,119.63962300000276,94.0,40.0,9.0,28.0,3.111111111111111,0.0,3.0,0.7856928803595263,10.78479900000093,1.2864475591398146,45.181024999998044,42.0,16.0,7.0,12.0,1.7142857142857142,0.0,0.0,0.9295937841162705,6.622542000004614,1.1019762195121474,237.84989700000006,241.0,96.0,8.0,74.0,9.25,0.0,0.0,1.013244079731512,6.0139149999959045,0.9910412375000003,150.91017500000453,84.0,39.0,5.0,30.0,6.0,0.0,0.0,0.5566225073955251,15.870177000004333,1.8181948795181269,153.95820199999434,103.0,40.0,9.0,32.0,3.5555555555555554,0.0,4.0,0.6690127493175309,22.696626999997534,1.5093941372548465,397.6111449999953,405.0,167.0,9.0,138.0,15.333333333333334,7.0,2.0,1.0185831184385055,11.075489999995625,0.9841860024752359,101.92763700000069,63.0,29.0,7.0,19.0,2.7142857142857144,0.0,0.0,0.6180855541662325,12.302624000003561,1.6439941451613014,197.1058570000023,112.0,50.0,7.0,28.0,4.0,0.0,2.0,0.5682225871146929,15.332555000000866,1.775728441441462,932.1343469999993,765.0,292.0,20.0,229.0,11.45,0.0,19.0,0.8206971478543753,24.363515999997617,1.220071134816753,260.27053899999737,263.0,99.0,13.0,88.0,6.769230769230769,0.0,8.0,1.0104870148211538,23.99169399999664,0.9933990038167838,73.71717300000455,105.0,43.0,14.0,39.0,2.7857142857142856,0.0,2.0,1.4243628143471199,11.15097099999548,0.7088189711538899,173.0902849999984,176.0,65.0,13.0,58.0,4.461538461538462,0.0,6.0,1.016810388867299,23.99169399999664,0.9890873428571337,235.86697599999752,279.0,100.0,9.0,87.0,9.666666666666666,0.0,13.0,1.1828701276095681,23.99169399999664,0.8484423597122213,152.4518160000007,208.0,84.0,15.0,77.0,5.133333333333334,0.0,6.0,1.3643655120513556,6.115606999999727,0.736482202898554,413.6283719999992,474.0,177.0,14.0,157.0,11.214285714285714,0.0,20.0,1.145956206311691,23.99169399999664,0.8744785877378419,368.63251099999616,408.0,151.0,13.0,134.0,10.307692307692308,0.0,18.0,1.1067933180749874,23.99169399999664,0.9057309852579758,2701.6209729999973,2226.0,868.0,25.0,662.0,26.48,6.0,31.0,0.8239497776507683,34.049065999999584,1.2142116732584258,1605.967485000001,1282.0,530.0,17.0,404.0,23.764705882352942,7.0,11.0,0.7982726997738682,25.13982599999872,1.253682658079626,1065.4748809999946,910.0,346.0,20.0,278.0,13.9,0.0,25.0,0.8540792619586914,24.363515999997617,1.1721395830583,3,middle-aged,12.0,16.0,3.0
266,23,336.0658220000041,128.0,58.0,19.0,48.0,2.526315789473684,0.0,0.0,0.38087776745115853,26.05495399999927,2.6461875748031822,152.93636200000037,21.0,6.0,1.0,0.0,0.0,4.0,2.0,0.13731201478429275,109.94940799999313,7.646818100000019,223.95832099999825,43.0,15.0,4.0,8.0,2.0,0.0,0.0,0.19200001057339744,50.9525450000001,5.332340976190435,397.9992439999987,51.0,10.0,4.0,7.0,1.75,0.0,0.0,0.12814094692099506,56.00602999999683,7.959984879999975,102.02105499999743,62.0,29.0,10.0,26.0,2.6,0.0,0.0,0.6077176912158139,10.97627300000022,1.6721119672130624,166.04423400000087,24.0,7.0,3.0,6.0,2.0,0.0,0.0,0.14453979775051914,27.01765300000261,7.219314521739168,312.9974999999977,94.0,34.0,14.0,26.0,1.8571428571428572,0.0,4.0,0.30032188755501465,36.053310000002966,3.365564516129007,80.03353000000061,26.0,11.0,8.0,9.0,1.125,0.0,2.0,0.32486384144245295,23.041763000001083,3.2013412000000243,70.98712399999931,29.0,14.0,5.0,10.0,2.0,0.0,0.0,0.40852479105929523,13.006885000002512,2.535254428571404,41.00268599999981,17.0,8.0,5.0,6.0,1.2,0.0,0.0,0.414606984527796,19.990398000001733,2.5626678749999883,182.99233999999706,59.0,29.0,5.0,18.0,3.6,0.0,0.0,0.32241786732712935,17.04556700000103,3.1550403448275355,209.0279789999986,31.0,16.0,4.0,4.0,1.0,0.0,0.0,0.14830550507308024,45.999128999996174,6.967599299999953,134.95697899999504,52.0,23.0,4.0,14.0,3.5,0.0,1.0,0.3853079728466796,10.975117999994836,2.6462152745097067,349.0154049999983,52.0,17.0,5.0,7.0,1.4,3.0,4.0,0.14899055816748333,73.04905899999721,6.843439313725456,109.98153399999865,35.0,14.0,7.0,8.0,1.1428571428571428,0.0,0.0,0.31823524119967656,18.944409999996424,3.23475099999996,220.9952740000008,26.0,11.0,5.0,6.0,1.2,0.0,0.0,0.11764957471443442,48.00171600000613,8.839810960000031,111.10253999999986,29.0,13.0,3.0,10.0,3.3333333333333335,0.0,0.0,0.2610201350932214,22.012599999994563,3.9679478571428524,249.0723300000027,73.0,23.0,6.0,14.0,2.3333333333333335,3.0,8.0,0.29308755412533866,21.517970000000787,3.459337916666704,,,,,,,,,,,,4.166319999996631,4.0,2.0,2.0,1.0,0.5,0.0,0.0,0.9600798786466797,1.8877599999977974,1.3887733333322103,62.63786999999866,11.0,2.0,2.0,1.0,0.5,3.0,2.0,0.1756126126255608,21.517970000000787,6.263786999999866,36.165820000001986,16.0,4.0,3.0,2.0,0.6666666666666666,0.0,5.0,0.4424066701653418,6.852180000001681,2.411054666666799,302.79471000000194,100.0,39.0,14.0,31.0,2.2142857142857144,3.0,8.0,0.33025676043019164,22.012599999994563,3.058532424242444,2.7218100000027334,4.0,4.0,4.0,3.0,0.75,0.0,0.0,1.4696102960882584,1.454169999997248,0.9072700000009112,2282.096940000003,636.0,249.0,30.0,192.0,6.4,4.0,8.0,0.27869105332571853,109.94940799999313,3.5938534488189027,1578.9974860000002,378.0,162.0,15.0,97.0,6.466666666666667,3.0,5.0,0.2393924014138677,73.04905899999721,4.188322244031831,397.41854000000603,128.0,51.0,18.0,40.0,2.2222222222222223,3.0,8.0,0.3220785824435822,22.012599999994563,3.1292798425197326,8,younger adult,9.0,13.0,6.0
267,23,249.5049199999994,178.0,68.0,19.0,62.0,3.263157894736842,0.0,0.0,0.7134127856075961,7.204660000003059,1.4096323163841775,164.63336600000184,45.0,11.0,2.0,2.0,1.0,4.0,2.0,0.27333462889897725,17.988204000001133,3.741667409090951,207.58833199999935,98.0,28.0,4.0,14.0,3.5,0.0,0.0,0.4720881903902012,10.294129000001703,2.14008589690721,476.38219099999696,227.0,67.0,16.0,52.0,3.25,0.0,2.0,0.4765081572917184,17.03987899999629,2.1078858008849424,55.796503999998095,74.0,24.0,9.0,22.0,2.4444444444444446,0.0,0.0,1.326247967076979,3.147626999998465,0.7643356712328506,126.59865300000092,51.0,13.0,4.0,10.0,2.5,0.0,0.0,0.402847888120892,14.61168799999723,2.5319730600000185,483.5988700000016,253.0,68.0,8.0,50.0,6.25,3.0,12.0,0.5231608585024178,13.943650999994134,1.9190431349206414,109.62586899999587,64.0,20.0,9.0,17.0,1.8888888888888888,0.0,0.0,0.5838038100295689,19.529756000003545,1.7400931587300932,80.22768899999937,49.0,17.0,5.0,12.0,2.4,0.0,0.0,0.6107617034812056,9.398870000004536,1.671410187499987,33.50423700000101,24.0,8.0,5.0,6.0,1.2,0.0,0.0,0.7163273110800665,8.99518800000078,1.4567059565217833,185.98107100000198,121.0,34.0,7.0,17.0,2.4285714285714284,0.0,0.0,0.6506038455924298,10.15044399999897,1.5498422583333498,188.26814500000182,80.0,24.0,2.0,13.0,6.5,0.0,0.0,0.424925841809294,12.007745000002615,2.38314107594939,193.04026100000192,74.0,21.0,10.0,17.0,1.7,0.0,0.0,0.38333972206968403,14.926407999999356,2.6443871369863277,495.084305999997,273.0,61.0,7.0,41.0,5.857142857142857,3.0,6.0,0.5514212361237758,16.78345800000534,1.8201628897058715,133.1019359999991,62.0,21.0,8.0,12.0,1.5,0.0,0.0,0.4658084011640553,11.45664399999805,2.181998950819658,349.2405729999955,94.0,25.0,7.0,20.0,2.857142857142857,0.0,0.0,0.2691554397375279,28.793594000002486,3.755274978494575,87.8461279999974,35.0,12.0,3.0,8.0,2.6666666666666665,0.0,0.0,0.39842393508796464,7.634827000001678,2.5837096470587473,208.97019300000102,120.0,42.0,10.0,30.0,3.0,0.0,7.0,0.5742445765937509,12.171163999999408,1.7560520420168153,11.497910999998567,22.0,10.0,9.0,9.0,1.0,0.0,0.0,1.913391049904869,2.6211760000005597,0.5475195714285032,293.3987049999996,178.0,73.0,16.0,61.0,3.8125,0.0,4.0,0.6066829776907169,13.046885000003385,1.6576198022598847,,,,,,,,,,,,120.19681099999434,50.0,18.0,4.0,13.0,3.25,0.0,3.0,0.4159844140956648,12.211722000000009,2.4529961428570273,335.8993380000029,184.0,68.0,14.0,52.0,3.7142857142857144,0.0,8.0,0.5477831575839498,13.046885000003385,1.8355155081967371,6.020657999994,12.0,8.0,8.0,7.0,0.875,0.0,0.0,1.9931376271517096,1.137033999999403,0.547332545454,2464.4862869999997,1273.0,370.0,30.0,289.0,9.633333333333333,7.0,16.0,0.51653766820087,19.529756000003545,1.9374892193396225,2193.89473,1014.0,261.0,16.0,176.0,11.0,3.0,6.0,0.4621917296824903,28.793594000002486,2.165740108588351,453.86204899999575,243.0,96.0,17.0,76.0,4.470588235294118,0.0,8.0,0.535404977207077,13.046885000003385,1.8754630123966767,6,other medical,14.0,,
268,22,,,,,,,,,,,,,,,,,,,,,,,268.42155300000013,81.0,28.0,3.0,18.0,6.0,0.0,0.0,0.3017641433584879,21.247400000000198,3.3552694125000015,417.48717300000135,126.0,35.0,5.0,19.0,3.8,0.0,0.0,0.3018056796681502,39.29613100000279,3.3398973840000106,75.45375500000227,67.0,28.0,8.0,23.0,2.875,0.0,0.0,0.8879611094238846,5.70694899999944,1.1432387121212466,116.52399900000455,106.0,42.0,8.0,39.0,4.875,0.0,0.0,0.9096838497621066,7.253096000000369,1.1097523714286148,450.6180910000039,187.0,55.0,9.0,40.0,4.444444444444445,2.0,10.0,0.4149855581364095,33.09857199999533,2.4226779086021715,115.45397300000332,58.0,21.0,7.0,16.0,2.2857142857142856,0.0,2.0,0.5023646955830471,14.616607999996631,2.025508298245672,82.203042000001,52.0,23.0,6.0,16.0,2.6666666666666665,0.0,0.0,0.6325799962487929,5.531672000004619,1.6118243529411962,34.21965099999943,23.0,8.0,5.0,6.0,1.2,0.0,0.0,0.6721284211811623,4.7765309999958845,1.555438681818156,219.94826499999908,125.0,32.0,5.0,23.0,4.6,0.0,0.0,0.5683154627293856,21.009771000004548,1.773776330645154,160.48353199999838,50.0,18.0,2.0,10.0,5.0,0.0,0.0,0.31155844700626667,16.606496000000334,3.2751741224489463,162.88914900000236,100.0,39.0,9.0,32.0,3.5555555555555554,0.0,2.0,0.6139144357614549,18.327564999999595,1.6453449393939632,416.311689999995,226.0,39.0,6.0,24.0,4.0,4.0,10.0,0.542862488439858,18.71579400000337,1.8502741777777556,155.73229100000026,63.0,18.0,7.0,8.0,1.1428571428571428,0.0,0.0,0.4045403788479545,23.424390999993193,2.5118111451612943,159.9452519999977,76.0,29.0,5.0,12.0,2.4,0.0,0.0,0.47516258875881534,17.977483000002394,2.1326033599999694,93.53284600000188,27.0,13.0,3.0,4.0,1.3333333333333333,0.0,0.0,0.2886686458786837,15.671207999999751,3.597417153846226,211.74168099999952,122.0,41.0,11.0,29.0,2.6363636363636362,0.0,8.0,0.5761737576835441,16.964722000004258,1.7499312479338802,11.921371000004001,7.0,2.0,1.0,0.0,0.0,0.0,0.0,0.5871807865049792,5.851117999998678,1.9868951666673336,8.644125999999233,13.0,7.0,5.0,5.0,1.0,0.0,0.0,1.5039114422905397,1.7497549999970943,0.7203438333332693,27.72048899999936,14.0,5.0,2.0,4.0,2.0,1.0,0.0,0.505041595766955,5.786491999999271,2.1323453076922587,127.79945800000132,41.0,13.0,4.0,9.0,2.25,0.0,2.0,0.3208151320954708,16.964722000004258,3.194986450000033,197.86551099999633,104.0,36.0,11.0,24.0,2.1818181818181817,0.0,6.0,0.5256095388953456,16.964722000004258,1.921024378640741,7.235561000001326,6.0,6.0,6.0,5.0,0.8333333333333334,0.0,0.0,0.8292377052724592,3.116093999997247,1.4471122000002652,1801.9344590000037,779.0,267.0,17.0,204.0,12.0,2.0,12.0,0.4323131710530202,39.29613100000279,2.3161111298200563,1689.5132319999975,848.0,257.0,16.0,179.0,11.1875,4.0,12.0,0.5019197150626408,24.050882999996247,1.9947027532467503,383.5582770000037,192.0,74.0,16.0,51.0,3.1875,1.0,9.0,0.5005758225366054,16.964722000004258,2.0081585183246267,8,younger adult,11.0,10.0,5.0
269,23,76.96537800000078,67.0,33.0,14.0,31.0,2.2142857142857144,0.0,0.0,0.8705212881563359,6.004084000000148,1.1661420909091027,162.05918199999724,27.0,5.0,1.0,0.0,0.0,4.0,2.0,0.16660580207050818,23.988769999996293,6.233045461538355,316.0291839999991,67.0,25.0,4.0,6.0,1.5,0.0,0.0,0.21200573678663864,25.97083599999314,4.788320969696955,467.9857740000007,57.0,13.0,5.0,4.0,0.8,0.0,0.0,0.12179857415922202,68.00369599999976,8.356888821428583,51.971817999998166,39.0,19.0,7.0,17.0,2.4285714285714284,0.0,0.0,0.7504066915650589,7.9690170000030776,1.3676794210525833,1.9903869999980088,4.0,3.0,3.0,2.0,0.6666666666666666,0.0,0.0,2.0096594280428888,0.9638500000000931,0.6634623333326696,532.0023619999993,60.0,21.0,6.0,11.0,1.8333333333333333,0.0,4.0,0.11278145415452137,90.01112100000319,9.016989186440666,67.9990140000009,28.0,11.0,6.0,10.0,1.6666666666666667,0.0,2.0,0.4117706765571576,46.99043399999937,2.5184820000000334,110.97934699999314,64.0,28.0,20.0,24.0,1.2,0.0,0.0,0.5766838761450268,21.008442999998806,1.7615769365078275,25.976959999999963,16.0,7.0,5.0,5.0,1.0,0.0,0.0,0.6159304244992494,12.978868999998667,1.7317973333333307,118.01178800000343,47.0,21.0,6.0,12.0,2.0,0.0,0.0,0.39826529871743516,12.987553999999363,2.5654736521739876,276.0486669999955,35.0,15.0,1.0,0.0,0.0,0.0,0.0,0.12678923749340393,61.99442999999883,8.119078441176338,253.906670999997,122.0,60.0,6.0,43.0,7.166666666666667,0.0,0.0,0.48049151099303505,12.943459000001894,2.098402239669397,299.9863150000019,103.0,35.0,14.0,28.0,2.0,1.0,6.0,0.3433489957700215,19.025032000005012,2.9410423039215874,97.01247599999624,31.0,13.0,5.0,5.0,1.0,0.0,0.0,0.31954652925260046,23.926289000002726,3.233749199999875,241.00541099999828,49.0,23.0,4.0,5.0,1.25,0.0,0.0,0.2033149371903536,37.97376400000212,5.020946062499964,450.06987300000037,137.0,61.0,19.0,43.0,2.263157894736842,0.0,5.0,0.30439717967969804,38.01062599999568,3.309337301470591,,,,,,,,,,,,121.03751600000396,50.0,24.0,12.0,17.0,1.4166666666666667,0.0,2.0,0.4130950605430333,13.910811000001559,2.470153387755183,457.9978429999974,137.0,60.0,17.0,42.0,2.4705882352941178,0.0,5.0,0.29912804633012385,38.01062599999568,3.3676311985293923,177.97580899999593,54.0,23.0,5.0,16.0,3.2,0.0,1.0,0.30341202157424235,32.00234300000011,3.358034132075395,104.99137899999914,28.0,12.0,2.0,6.0,3.0,0.0,3.0,0.2666885630676422,22.937555000004068,3.8885695925925607,360.01183600000513,110.0,46.0,10.0,29.0,2.9,0.0,7.0,0.30554550989817575,32.00234300000011,3.302860880733992,6.933706999996502,8.0,6.0,6.0,5.0,0.8333333333333334,0.0,0.0,1.1537839715471154,1.9903159999958007,0.9905295714280717,2123.961196000004,455.0,176.0,17.0,118.0,6.9411764705882355,4.0,8.0,0.2142223694372989,90.01112100000319,4.6783286255506695,1647.0321429999967,525.0,229.0,29.0,145.0,5.0,1.0,6.0,0.3187551634807415,61.99442999999883,3.1431911125954137,500.0089069999958,165.0,75.0,23.0,54.0,2.347826086956522,0.0,7.0,0.3299941214847226,38.01062599999568,3.0488347987804625,4,young-old,19.0,12.0,4.0
270,24,299.70217999999295,160.0,77.0,21.0,69.0,3.2857142857142856,0.0,0.0,0.5338633172438177,14.400139999997918,1.884919371069138,205.04041000000143,55.0,23.0,7.0,19.0,2.7142857142857144,2.0,2.0,0.2682398069726822,89.46974000000046,3.797044629629656,288.269690000001,63.0,29.0,5.0,16.0,3.2,0.0,0.0,0.21854534897512043,33.58968000000459,4.649511129032274,632.2666299999983,123.0,54.0,7.0,36.0,5.142857142857143,0.0,0.0,0.19453818083045177,38.7708300000013,5.182513360655723,72.45905000000494,62.0,31.0,10.0,29.0,2.9,0.0,0.0,0.8556557117433333,10.608739999996033,1.1878532786886056,51.217079999994894,22.0,10.0,4.0,8.0,2.0,0.0,0.0,0.4295442067373266,7.719749999996566,2.4389085714283283,349.1793700000053,131.0,58.0,8.0,41.0,5.125,0.0,4.0,0.3751653483995862,27.34888000000501,2.6859951538461946,60.22722999999678,34.0,15.0,6.0,11.0,1.8333333333333333,0.0,2.0,0.5645287023826567,11.912739999999758,1.8250675757574781,86.87357999999949,41.0,18.0,6.0,13.0,2.1666666666666665,0.0,0.0,0.4719501602213267,12.69314999999915,2.1718394999999875,45.79348999999638,18.0,10.0,5.0,7.0,1.4,0.0,0.0,0.39306897115728506,8.098219999999856,2.69373470588214,261.5014099999971,103.0,48.0,5.0,37.0,7.4,0.0,0.0,0.3938793293695859,36.72884999999951,2.563739313725462,127.58738000000449,31.0,13.0,4.0,8.0,2.0,0.0,0.0,0.24297073895552138,22.532610000002023,4.252912666666816,232.095150000001,84.0,39.0,9.0,26.0,2.888888888888889,0.0,1.0,0.3619205312993384,26.801100000004226,2.796327108433747,412.96922999999515,76.0,23.0,5.0,14.0,2.8,4.0,8.0,0.18403308159303028,26.027240000003076,5.506256399999935,63.99618999999802,34.0,16.0,7.0,13.0,1.8571428571428572,0.0,0.0,0.5312816278594249,6.534479999994801,1.939278484848425,143.54207000000315,53.0,25.0,5.0,13.0,2.6,0.0,0.0,0.3692297317434452,15.159109999993234,2.7604244230769837,263.55219999999827,63.0,29.0,3.0,12.0,4.0,0.0,0.0,0.2390418292846746,17.744870000002265,4.250841935483843,238.4438599999994,102.0,46.0,6.0,34.0,5.666666666666667,0.0,2.0,0.42777364869030493,19.44698999999673,2.3608302970296973,175.42925000000105,125.0,60.0,11.0,52.0,4.7272727272727275,0.0,3.0,0.7125379604598392,11.91996000000654,1.4147520161290408,145.22552999999607,39.0,19.0,3.0,9.0,3.0,0.0,0.0,0.26854782351285655,17.744870000002265,3.821724473684107,575.2835999999952,218.0,100.0,12.0,73.0,6.083333333333333,0.0,3.0,0.3789435332416947,19.44698999999673,2.6510764976958305,144.211470000002,94.0,44.0,11.0,37.0,3.3636363636363638,0.0,2.0,0.6518205521377647,11.91996000000654,1.5506609677419572,597.0926600000021,215.0,97.0,12.0,66.0,5.5,0.0,3.0,0.3600781158488856,19.44698999999673,2.7901526168224398,10.26875999999902,18.0,10.0,10.0,9.0,0.9,0.0,0.0,1.7528893459387227,1.889179999998305,0.6040447058822953,2532.5826399999933,862.0,397.0,32.0,314.0,9.8125,2.0,12.0,0.3403640167098367,89.46974000000046,2.9414432520325127,1820.3064900000027,648.0,289.0,18.0,216.0,12.0,4.0,9.0,0.35598400794582624,36.72884999999951,2.8134567078825388,760.6805999999997,331.0,154.0,16.0,116.0,7.25,0.0,5.0,0.43513663947785725,19.44698999999673,2.305092727272726,3,middle-aged,9.0,10.0,4.0
271,24,214.00136799999746,114.0,49.0,19.0,46.0,2.4210526315789473,0.0,0.0,0.5327068750326931,11.036223999995855,1.893817415929181,153.99021599999833,26.0,8.0,1.0,0.0,0.0,4.0,2.0,0.168841895773432,38.91189299999678,6.1596086399999335,364.0687790000011,77.0,29.0,3.0,3.0,1.0,0.0,0.0,0.21149849819997824,32.915217000001576,4.790378671052646,373.047556000005,49.0,13.0,7.0,10.0,1.4285714285714286,0.0,0.0,0.13135054555885992,44.00668600000063,7.7718240833334375,75.0233209999933,56.0,24.0,9.0,21.0,2.3333333333333335,0.0,0.0,0.7464345653267602,6.000469999999041,1.36406038181806,96.9938770000008,27.0,12.0,5.0,7.0,1.4,0.0,0.0,0.2783680870906911,31.047678000002634,3.7305337307692614,256.9385340000008,86.0,32.0,8.0,20.0,2.5,0.0,4.0,0.33471040198275487,17.007740000000922,3.0225642941176534,101.02820100000099,49.0,22.0,8.0,18.0,2.25,0.0,4.0,0.4850130905528004,30.959294000000227,2.1047541875000206,65.00439799999731,38.0,18.0,8.0,15.0,1.875,0.0,0.0,0.5845758313153145,13.92536100000143,1.7568756216215489,57.98468399999547,19.0,9.0,7.0,7.0,1.0,0.0,0.0,0.32767273509676254,25.99784599999839,3.2213713333330816,85.0681059999988,26.0,13.0,7.0,9.0,1.2857142857142858,0.0,0.0,0.3056374618238281,31.944349000004877,3.4027242399999524,185.98840900000505,24.0,10.0,1.0,0.0,0.0,0.0,0.0,0.12904029949521933,48.06530400000338,8.086452565217611,324.92105099999753,45.0,18.0,5.0,13.0,2.6,0.0,0.0,0.13849518171108077,70.00745199999801,7.384569340909035,412.9694410000011,96.0,30.0,5.0,6.0,1.2,3.0,10.0,0.23246272113388589,25.949795999993512,4.347046747368433,72.98430399999779,33.0,13.0,7.0,7.0,1.0,0.0,0.0,0.45215201339730526,6.94521099999838,2.280759499999931,167.98607900000206,32.0,13.0,4.0,4.0,1.0,0.0,0.0,0.19049197523087377,27.972013999999035,5.418905774193615,95.05952600000455,12.0,4.0,1.0,0.0,0.0,0.0,0.0,0.12623669089197254,22.02274100000068,8.641775090909505,205.04033199999685,75.0,33.0,5.0,26.0,5.2,0.0,2.0,0.36578169411080136,22.02274100000068,2.7708152972972546,6.016272000000754,13.0,6.0,6.0,5.0,0.8333333333333334,0.0,0.0,2.1608065592776344,1.0215150000003632,0.5013560000000629,123.99301099999866,61.0,28.0,10.0,24.0,2.4,0.0,2.0,0.4919632123459012,12.968643000000156,2.066550183333311,12.005528000001505,8.0,2.0,1.0,0.0,0.0,0.0,1.0,0.6663596969661807,6.002990000000864,1.7150754285716434,42.05574699999852,10.0,4.0,3.0,2.0,0.6666666666666666,0.0,1.0,0.23777963092654975,19.933679999994638,4.672860777777613,306.918445000003,128.0,56.0,13.0,48.0,3.6923076923076925,0.0,4.0,0.4170489004008826,22.02274100000068,2.416680669291362,4.0585509999946225,7.0,5.0,5.0,4.0,0.8,0.0,0.0,1.7247534896097831,1.9461389999996754,0.6764251666657705,1956.066826999995,585.0,232.0,23.0,159.0,6.913043478260869,4.0,10.0,0.2990695368507476,44.00668600000063,3.349429498287663,1635.9927580000003,404.0,164.0,16.0,95.0,5.9375,3.0,10.0,0.24694485841972164,70.00745199999801,4.059535379652607,310.9769959999976,134.0,60.0,16.0,52.0,3.25,0.0,4.0,0.43090003995022524,22.02274100000068,2.338172902255621,8,younger adult,12.0,10.0,5.0
273,24,95.72819999999774,60.0,24.0,7.0,22.0,3.142857142857143,0.0,0.0,0.6267745554601614,8.515919999998005,1.6225118644067413,159.86007000000245,55.0,17.0,2.0,8.0,4.0,4.0,2.0,0.34405089400998734,18.89777999999933,2.960371666666712,217.95231000000058,54.0,22.0,3.0,13.0,4.333333333333333,0.0,0.0,0.24776062249581046,24.01035000000411,4.112307735849067,400.3200399999987,90.0,33.0,8.0,18.0,2.25,0.0,0.0,0.22482012142085192,50.016929999997956,4.497977977528075,75.90993999999773,74.0,30.0,11.0,27.0,2.4545454545454546,0.0,0.0,0.9748393952096683,5.9575000000040745,1.0398621917807909,93.61195000000589,37.0,15.0,4.0,12.0,3.0,0.0,0.0,0.39524868352809306,16.71777999999904,2.600331944444608,274.99760999999853,126.0,42.0,8.0,33.0,4.125,0.0,12.0,0.4581858002329572,18.00662999999622,2.199980879999988,47.82820999999967,33.0,15.0,8.0,13.0,1.625,0.0,0.0,0.6899693716323531,11.463360000001558,1.4946315624999897,58.27505999999994,39.0,19.0,6.0,17.0,2.8333333333333335,0.0,0.0,0.6692399801904972,6.661650000001828,1.5335542105263142,36.71401000000333,35.0,11.0,5.0,8.0,1.6,0.0,0.0,0.9533145521286513,3.7337100000004284,1.0798238235295097,199.18996999999945,124.0,33.0,7.0,24.0,3.4285714285714284,0.0,0.0,0.6225213046620789,11.352789999997185,1.6194306504064995,141.2664799999984,47.0,20.0,2.0,15.0,7.5,0.0,0.0,0.33270454533871396,11.623090000000957,3.071010434782574,154.7271499999988,43.0,20.0,8.0,13.0,1.625,0.0,2.0,0.2779085635584985,28.03089000000182,3.6839797619047334,394.4768100000001,162.0,47.0,7.0,27.0,3.857142857142857,3.0,8.0,0.41067052838923523,22.74981999999727,2.4501665217391313,77.1695699999982,45.0,18.0,8.0,14.0,1.75,0.0,0.0,0.583131407885272,8.6869200000001,1.7538538636363228,116.12387999999919,44.0,18.0,5.0,12.0,2.4,0.0,0.0,0.37890569967176696,10.95737999999983,2.7005553488371903,131.50005000000237,66.0,29.0,13.0,23.0,1.7692307692307692,0.0,0.0,0.5019009498475385,15.67373999999836,2.0230776923077287,292.26082000000315,107.0,42.0,7.0,33.0,4.714285714285714,0.0,10.0,0.3661113384955221,23.31180999999924,2.757177547169841,7.319540000004054,6.0,3.0,2.0,2.0,1.0,0.0,0.0,0.8197236438350877,3.972910000004049,1.4639080000008107,42.968260000001465,45.0,21.0,9.0,19.0,2.111111111111111,0.0,1.0,1.0472846701262388,4.862580000000889,0.9765513636363969,183.88850999999704,67.0,29.0,7.0,24.0,3.4285714285714284,0.0,5.0,0.3643512038897976,23.31180999999924,2.7861895454545005,109.06545999999798,57.0,23.0,7.0,19.0,2.7142857142857144,0.0,8.0,0.5226219189833432,10.284460000002582,1.947597499999964,356.31693000000087,166.0,71.0,12.0,60.0,5.0,0.0,13.0,0.46587738617976865,23.31180999999924,2.1594965454545507,7.792860000001383,10.0,6.0,6.0,5.0,0.8333333333333334,0.0,0.0,1.2832259273229887,4.169439999997849,0.865873333333487,1788.0045800000007,666.0,256.0,17.0,197.0,11.588235294117647,4.0,14.0,0.3724822673552658,50.016929999997956,2.6887286917293243,1539.7332000000024,645.0,226.0,15.0,163.0,10.866666666666667,3.0,10.0,0.4189037425444869,38.16962000000058,2.3908900621118048,497.1012600000031,241.0,105.0,20.0,89.0,4.45,0.0,13.0,0.4848106802223726,23.31180999999924,2.071255250000013,8,younger adult,15.0,9.0,5.0
274,24,233.12131999999838,118.0,56.0,19.0,53.0,2.789473684210526,0.0,0.0,0.5061742100636734,18.192329999998037,1.9924899145299007,202.8185599999997,45.0,8.0,5.0,5.0,1.0,10.0,8.0,0.22187318557039387,38.35881000000518,4.609512727272721,229.26602999999886,57.0,20.0,5.0,12.0,2.4,0.0,0.0,0.2486194749392236,30.349950000003446,4.09403624999998,591.0290199999945,197.0,79.0,20.0,60.0,3.0,0.0,1.0,0.3333169663987089,30.012620000001334,3.0154541836734414,42.71510000000126,49.0,21.0,9.0,19.0,2.111111111111111,0.0,0.0,1.1471353221694098,3.6808400000008987,0.8898979166666928,124.48200000000361,29.0,12.0,4.0,8.0,2.0,0.0,0.0,0.2329654086534532,36.00583000000188,4.445785714285843,281.20010999999795,89.0,30.0,7.0,22.0,3.142857142857143,0.0,14.0,0.3165005874286488,36.096740000000864,3.195455795454522,28.705419999998412,18.0,9.0,6.0,8.0,1.3333333333333333,0.0,0.0,0.6270592800941772,11.389879999995173,1.6885541176469654,42.73031999999512,23.0,10.0,5.0,6.0,1.2,0.0,0.0,0.538259484132172,5.425090000004275,1.9422872727270508,47.42361000000528,25.0,8.0,4.0,5.0,1.25,0.0,0.0,0.5271635794912537,9.136139999995066,1.9759837500002202,126.29961000000185,60.0,22.0,5.0,16.0,3.2,0.0,0.0,0.475060849356535,12.06923999999708,2.1406713559322346,300.9372299999959,59.0,22.0,2.0,6.0,3.0,0.0,0.0,0.1960541738222313,27.671610000004875,5.188572931034412,124.16767000000254,38.0,14.0,5.0,12.0,2.4,0.0,1.0,0.30603779550666627,23.224410000002536,3.355882972973042,400.94980999999825,136.0,25.0,7.0,15.0,2.142857142857143,3.0,10.0,0.33919457400416425,36.69277999999758,2.96999859259258,104.3622600000017,26.0,8.0,7.0,7.0,1.0,0.0,0.0,0.24913220545434314,20.045359999996435,4.174490400000068,1249.0473300000012,583.0,258.0,27.0,221.0,8.185185185185185,1.0,12.0,0.4667557313460647,42.37163999999757,2.1461294329896927,39.53725000000122,4.0,2.0,1.0,0.0,0.0,0.0,0.0,0.10117041524131992,20.09900999999809,13.179083333333741,195.6826000000001,78.0,25.0,8.0,15.0,1.875,0.0,10.0,0.39860467921010845,26.62093000000459,2.541332467532469,228.36322999999538,119.0,46.0,16.0,41.0,2.5625,0.0,11.0,0.5210996533899193,11.2277799999938,1.9352816101694523,31.15006999999605,14.0,5.0,3.0,2.0,0.6666666666666666,0.0,0.0,0.4494371922760294,8.037350000005972,2.396159230768927,87.14924999999494,21.0,4.0,1.0,0.0,0.0,0.0,4.0,0.24096592913881898,26.62093000000459,4.357462499999746,188.20958999999857,86.0,33.0,10.0,29.0,2.9,0.0,11.0,0.45693739622938795,11.172950000000128,2.2142304705882183,346.55143999999564,139.0,49.0,12.0,36.0,3.0,0.0,17.0,0.4010948562210613,26.62093000000459,2.511242318840548,13.348330000000715,7.0,4.0,4.0,3.0,0.75,0.0,0.0,0.524410169661645,6.986430000004475,2.224721666666786,2140.7629400000005,736.0,288.0,33.0,236.0,7.151515151515151,10.0,23.0,0.34380266317577407,39.701249999998254,2.912602639455783,2747.006079999999,1062.0,409.0,27.0,321.0,11.88888888888889,4.0,23.0,0.3866027118512968,42.37163999999757,2.5890726484448625,676.4660000000003,223.0,84.0,18.0,66.0,3.6666666666666665,0.0,17.0,0.32965440982990996,26.62093000000459,3.047144144144146,2,MCI,14.0,13.0,5.0
275,14,314.0605069999947,422.0,157.0,19.0,133.0,7.0,0.0,6.0,1.3436901189235078,5.627921999999671,0.7459869524940491,150.60021899999992,107.0,42.0,4.0,33.0,8.25,4.0,2.0,0.7104903346787301,8.305095000003348,1.4207567830188672,324.99698999999964,131.0,50.0,6.0,25.0,4.166666666666667,0.0,0.0,0.40308065622392425,22.37038400000165,2.499976846153843,,,,,,,,,,,,65.37732299999334,92.0,33.0,9.0,28.0,3.111111111111111,0.0,2.0,1.4072157711322835,4.4033219999982975,0.7184321208790477,109.451264000003,82.0,29.0,7.0,21.0,3.0,0.0,0.0,0.7491918960387498,11.463389999997162,1.3512501728395432,434.58968900000036,372.0,132.0,7.0,106.0,15.142857142857142,8.0,13.0,0.8559798113387814,12.894031000003451,1.1714007789757421,102.95320699999866,103.0,41.0,8.0,33.0,4.125,0.0,1.0,1.0004545074540645,10.810543999999936,1.0093451666666535,,,,,,,,,,,,51.485821999995096,49.0,21.0,6.0,15.0,2.5,0.0,0.0,0.9517183196571023,4.083264000000781,1.0726212916665645,196.35912400000234,204.0,81.0,7.0,63.0,9.0,0.0,0.0,1.0389127627193813,9.96461100000306,0.9672863251231643,172.23537899999792,105.0,36.0,7.0,20.0,2.857142857142857,0.0,0.0,0.6096308470979198,16.45671500000026,1.6561094134615184,246.60934799999814,260.0,99.0,15.0,79.0,5.266666666666667,0.0,3.0,1.0542990446574716,12.919364000001224,0.9521596447876376,368.27834599999915,447.0,171.0,9.0,133.0,14.777777777777779,6.0,6.0,1.2137558584560413,9.757949999999255,0.8257362017937201,115.30217499999708,94.0,37.0,7.0,24.0,3.4285714285714284,0.0,0.0,0.8152491485958733,10.683332000000519,1.2398083333333019,382.998596999998,291.0,115.0,12.0,75.0,6.25,0.0,6.0,0.7597939059813359,11.16536300000007,1.3206848172413723,,,,,,,,,,,,,,,,,,,,,,,,,,,,,,,,,,,,,,,,,,,,,,,,,,,,,,,,,,,,,,,,,,,,,,,,,,,,,,,,,,,,,,,,,4034.3824019999956,3522.0,1351.0,29.0,1075.0,37.06896551724138,12.0,38.0,0.8729960745054836,26.596972999999707,1.145805851178641,2161.526724999996,2078.0,801.0,18.0,616.0,34.22222222222222,7.0,17.0,0.96135753306497,16.45671500000026,1.040696545498313,,,,,,,,,,,,5,old-old,19.0,,
276,9,,,,,,,,,,,,422.99612300000445,213.0,92.0,7.0,75.0,10.714285714285714,3.0,2.0,0.5035507145771115,12.06707599999936,1.995133830188659,125.97449399999459,53.0,24.0,4.0,18.0,4.5,0.0,0.0,0.42072008640100017,13.043345999998564,2.422052230769203,,,,,,,,,,,,142.01010300000053,97.0,42.0,10.0,39.0,3.9,0.0,0.0,0.6830499939852845,8.982858000003034,1.4792719062500055,,,,,,,,,,,,,,,,,,,,,,,205.06810700000642,108.0,52.0,15.0,46.0,3.066666666666667,0.0,0.0,0.5266542983204923,11.905655000002298,1.9165243644860412,,,,,,,,,,,,84.95552899999893,29.0,4.0,3.0,2.0,0.6666666666666666,0.0,0.0,0.3413550635415426,20.06007200000022,3.0341260357142477,199.98088799999823,45.0,12.0,5.0,6.0,1.2,0.0,0.0,0.2250215030548339,22.963588999999047,4.545020181818142,,,,,,,,,,,,114.07995200000005,55.0,21.0,5.0,17.0,3.4,0.0,2.0,0.4821180149164156,18.001680000001215,2.1125917037037047,,,,,,,,,,,,35.96040900000662,13.0,5.0,4.0,4.0,1.0,0.0,0.0,0.36150868028218497,21.979761000002327,2.9967007500005516,311.9792549999984,82.0,34.0,10.0,20.0,2.0,0.0,0.0,0.2628379890194956,44.99203200000193,3.851595740740721,,,,,,,,,,,,,,,,,,,,,,,,,,,,,,,,,,,,,,,,,,,,,,,,,,,,,,,,,,,,,,,,,,,,,,,,,,,,,,,,,,,,,,,,,1151.0593140000055,612.0,274.0,24.0,236.0,9.833333333333334,3.0,3.0,0.5316841561129118,13.043345999998564,1.8838559738134206,1063.9581429999962,309.0,111.0,13.0,82.0,6.3076923076923075,0.0,2.0,0.290424958945026,44.99203200000193,3.454409555194793,,,,,,,,,,,,1,dementia,36.0,28.0,1.0
277,16,198.1927299999952,94.0,45.0,13.0,38.0,2.923076923076923,0.0,0.0,0.474285812602724,36.89016999999876,2.1311046236558626,380.0003199999992,57.0,19.0,8.0,13.0,1.625,4.0,2.0,0.14999987368431722,63.22385999999824,6.785719999999985,178.0285900000017,13.0,4.0,2.0,2.0,1.0,0.0,0.0,0.07302197922255001,45.02929999999469,14.835715833333476,420.4327800000028,83.0,21.0,5.0,14.0,2.8,0.0,0.0,0.19741562491868364,35.963700000000244,5.127229024390278,73.06721999999718,52.0,24.0,14.0,21.0,1.5,0.0,0.0,0.7116734426190295,6.986170000003767,1.4326905882352388,132.49167000000307,39.0,17.0,4.0,11.0,2.75,0.0,0.0,0.29435812832609853,34.15827999999601,3.486622894736923,464.99519000000146,139.0,54.0,11.0,33.0,3.0,0.0,14.0,0.2989278233179134,74.04154999999446,3.369530362318851,34.81608000000415,25.0,11.0,6.0,10.0,1.6666666666666667,0.0,1.0,0.7180590118128468,14.880740000000515,1.4506700000001729,108.70389000000432,70.0,33.0,8.0,23.0,2.875,0.0,0.0,0.6439511962267148,8.040509999998903,1.5754186956522365,62.77901999999449,27.0,12.0,8.0,7.0,0.875,0.0,0.0,0.43007998531997427,16.99037999999564,2.41457769230748,146.00570000000153,55.0,25.0,7.0,16.0,2.2857142857142856,0.0,0.0,0.3766976220791341,13.715510000001814,2.7038092592592875,639.253690000005,307.0,136.0,29.0,99.0,3.413793103448276,0.0,7.0,0.48024752113671426,48.16500999999698,2.089064346405245,170.42281999999977,92.0,44.0,7.0,30.0,4.285714285714286,0.0,1.0,0.5398338086413552,10.166610000000219,1.8727782417582393,464.8040900000051,113.0,38.0,6.0,13.0,2.1666666666666665,3.0,6.0,0.24311317914607586,32.006209999999555,4.150036517857188,175.1145600000018,47.0,23.0,7.0,14.0,2.0,0.0,0.0,0.26839572905873454,28.65071000000171,3.8068382608696045,100.92545000000246,41.0,18.0,6.0,15.0,2.5,0.0,0.0,0.4062404477760466,30.20735999999306,2.5231362500000616,,,,,,,,,,,,,,,,,,,,,,,,,,,,,,,,,,,,,,,,,,,,,,,,,,,,,,,,,,,,,,,,,,,,,,,,,,,,,,,,,,,,,,,,,2506.178209999998,780.0,314.0,19.0,230.0,12.105263157894736,4.0,19.0,0.31123086015499296,74.04154999999446,3.2171735686777896,2552.7814600000056,959.0,407.0,31.0,276.0,8.903225806451612,3.0,14.0,0.37566866377978075,48.16500999999698,2.664698810020883,,,,,,,,,,,,8,younger adult,,,
279,24,248.5237699999998,110.0,50.0,22.0,49.0,2.227272727272727,0.0,0.0,0.44261359788643195,27.39089999999851,2.2800345871559613,195.02320999999938,42.0,10.0,2.0,3.0,1.5,4.0,2.0,0.2153589821437158,33.48189000000275,4.756663658536571,207.24526999999944,55.0,21.0,2.0,11.0,5.5,0.0,0.0,0.2653860326944984,17.422329999993963,3.83787537037036,509.86681999999564,136.0,45.0,7.0,26.0,3.7142857142857144,0.0,0.0,0.266736321457437,18.022429999997257,3.7767912592592268,72.85816999999952,53.0,24.0,11.0,21.0,1.9090909090909092,0.0,0.0,0.7274407249042949,8.693540000000212,1.4011186538461446,111.1811699999962,74.0,31.0,13.0,29.0,2.230769230769231,0.0,2.0,0.6655803316335179,10.710489999997662,1.523029726027345,565.2230500000005,131.0,52.0,8.0,38.0,4.75,0.0,6.0,0.23176691042589273,43.1695899999977,4.347869615384619,63.95208999999886,35.0,15.0,9.0,13.0,1.4444444444444444,0.0,1.0,0.5472846939013349,15.481260000000475,1.8809438235293783,137.0916700000016,64.0,28.0,8.0,22.0,2.75,0.0,0.0,0.46684091017345725,12.022869999993418,2.1760582539682796,54.65795000000071,25.0,8.0,5.0,5.0,1.0,0.0,0.0,0.4573900045647463,7.952539999998407,2.2774145833333628,154.66450999999506,54.0,21.0,6.0,15.0,2.5,0.0,0.0,0.3491427994696503,26.126989999997022,2.9181983018866995,128.23530000000028,43.0,18.0,4.0,11.0,2.75,0.0,0.0,0.3353210855357293,19.774709999997867,3.0532214285714354,223.67266999999993,52.0,22.0,8.0,16.0,2.0,0.0,1.0,0.23248258269550776,36.94961999999941,4.385738627450979,417.96779999999853,137.0,31.0,7.0,18.0,2.5714285714285716,3.0,2.0,0.32777644593674554,26.021179999996093,3.0732926470588127,89.00186000000394,26.0,10.0,6.0,6.0,1.0,0.0,0.0,0.2921287262985161,24.629789999999048,3.5600744000001576,176.57706000000326,50.0,22.0,7.0,16.0,2.2857142857142856,0.0,0.0,0.2831624900765653,26.012779999997292,3.6036134693878217,153.61347999999998,31.0,11.0,2.0,6.0,3.0,0.0,0.0,0.2018052061576888,50.584619999994175,5.120449333333332,213.9875600000014,45.0,16.0,3.0,12.0,4.0,0.0,2.0,0.21029259831739613,30.027499999996508,4.8633536363636685,6.730540000004112,4.0,3.0,3.0,2.0,0.6666666666666666,0.0,0.0,0.5943059546481495,4.283049999998184,2.243513333334704,40.45479999999952,24.0,12.0,7.0,9.0,1.2857142857142858,0.0,1.0,0.5932546941277743,7.413329999995767,1.7589043478260662,134.09038000000146,40.0,15.0,3.0,12.0,4.0,0.0,4.0,0.29830626179148395,13.29439000000275,3.438214871794909,88.82976000000053,28.0,8.0,3.0,4.0,1.3333333333333333,0.0,3.0,0.3152096774774561,19.316070000000764,3.289991111111131,362.44136000000435,102.0,35.0,9.0,26.0,2.888888888888889,0.0,7.0,0.2814248351788515,30.027499999996508,3.5885283168317264,4.865529999995488,5.0,4.0,4.0,3.0,0.75,0.0,0.0,1.0276372769265911,4.185489999996207,1.216382499998872,2439.1287599999996,778.0,305.0,31.0,236.0,7.612903225806452,4.0,11.0,0.31896635091949804,43.1695899999977,3.139161853281853,1785.2930699999997,565.0,201.0,15.0,145.0,9.666666666666666,3.0,3.0,0.31647465029369104,36.94961999999941,3.1654132446808507,548.3646599999993,150.0,57.0,15.0,43.0,2.8666666666666667,0.0,7.0,0.27354060343713654,50.584619999994175,3.6802997315436192,7,at risk,12.0,,
280,16,483.0976010000013,293.0,127.0,26.0,113.0,4.346153846153846,0.0,2.0,0.6065027013040357,18.366948000002594,1.6544438390411003,141.1268889999992,35.0,8.0,2.0,3.0,1.5,7.0,2.0,0.2480037663127414,29.8364619999993,4.150790852941153,320.46932899999956,75.0,31.0,3.0,12.0,4.0,0.0,0.0,0.2340317565928442,17.572541000001365,4.3306666081081024,502.6088959999979,110.0,38.0,8.0,25.0,3.125,0.0,0.0,0.2188580442475902,38.02345900000364,4.611090788990807,57.63038399999641,53.0,23.0,9.0,21.0,2.3333333333333335,0.0,0.0,0.919653771524467,7.809911999996984,1.1082766153845465,203.83683600000222,29.0,5.0,3.0,3.0,1.0,0.0,0.0,0.14227065416183993,50.03382299999794,7.2798870000000795,682.3665340000007,206.0,61.0,8.0,46.0,5.75,2.0,20.0,0.3018905379084722,26.013754999999946,3.3286172390243935,29.354338999997708,24.0,11.0,8.0,10.0,1.25,0.0,1.0,0.8175963355877942,7.839244999995572,1.2762756086955525,106.00467799999751,45.0,18.0,6.0,15.0,2.5,0.0,0.0,0.4245095673985355,13.778620999997656,2.4091972272726707,33.545703000003414,20.0,5.0,4.0,3.0,0.75,0.0,0.0,0.5962015462903837,6.014730000002601,1.7655633157896533,87.59453100000246,48.0,14.0,4.0,8.0,2.0,0.0,0.0,0.5479794166601412,7.830760000004375,1.8637134255319672,264.70732199999475,85.0,32.0,2.0,16.0,8.0,0.0,0.0,0.32110936470431933,17.99066699999821,3.1512776428570803,93.13910500000202,35.0,14.0,6.0,11.0,1.8333333333333333,0.0,1.0,0.3757820090712622,25.258430999994744,2.73938544117653,438.19978199999605,166.0,38.0,8.0,27.0,3.375,5.0,6.0,0.37882264396015036,34.83124800000223,2.6557562545454307,101.21328199999698,28.0,8.0,6.0,6.0,1.0,0.0,0.0,0.27664353380024603,20.849394999997457,3.748640074073962,419.6516429999974,135.0,51.0,9.0,33.0,3.6666666666666665,0.0,0.0,0.3216953924805695,24.347182000004977,3.1317286791044583,,,,,,,,,,,,,,,,,,,,,,,,,,,,,,,,,,,,,,,,,,,,,,,,,,,,,,,,,,,,,,,,,,,,,,,,,,,,,,,,,,,,,,,,,3292.388484999996,1065.0,393.0,26.0,304.0,11.692307692307692,11.0,27.0,0.3234733704276096,50.03382299999794,3.094350079887214,2070.2445649999936,737.0,246.0,16.0,166.0,10.375,5.0,7.0,0.3559965872920924,52.30228799999895,2.812832289402165,,,,,,,,,,,,2,MCI,25.0,,
281,24,367.0543800000014,240.0,107.0,20.0,93.0,4.65,0.0,1.0,0.6538540692526243,8.961459999998624,1.5357923849372443,131.36762000000454,45.0,16.0,4.0,7.0,1.75,3.0,2.0,0.34255016571053387,20.741220000003523,2.9856277272728304,197.18274999999994,37.0,17.0,3.0,12.0,4.0,0.0,0.0,0.18764318886920894,28.79641999999876,5.4772986111111095,500.68880999999965,137.0,53.0,6.0,25.0,4.166666666666667,0.0,0.0,0.2736230514119141,35.18503000000055,3.681535367647056,55.07568000000174,57.0,25.0,9.0,24.0,2.6666666666666665,0.0,0.0,1.0349395595296909,7.503779999999097,0.9834942857143167,198.6726800000033,48.0,18.0,5.0,8.0,1.6,0.0,0.0,0.2416034252922908,24.030319999998028,4.227078297872411,300.58955000000424,145.0,45.0,7.0,35.0,5.0,0.0,12.0,0.48238536569218043,21.43985999999859,2.087427430555585,33.70588999999745,28.0,11.0,6.0,9.0,1.5,0.0,2.0,0.830715343816826,4.248189999998431,1.2483662962962019,82.64934000000358,45.0,21.0,7.0,18.0,2.5714285714285716,0.0,0.0,0.5444689576468251,6.638249999996333,1.878394090909172,26.498709999999846,29.0,12.0,7.0,10.0,1.4285714285714286,0.0,0.0,1.0943928968617782,5.096870000001218,0.9463824999999945,116.84131999999954,64.0,28.0,7.0,21.0,3.0,0.0,0.0,0.5477514290321288,7.364029999997001,1.8546241269841197,286.81354999999894,65.0,28.0,4.0,18.0,4.5,0.0,0.0,0.22662806551503664,55.511969999999565,4.4814617187499834,127.30267999999342,27.0,13.0,6.0,9.0,1.5,0.0,0.0,0.2120929425837806,35.066650000000664,4.8962569230766695,391.7656199999983,147.0,40.0,7.0,31.0,4.428571428571429,1.0,12.0,0.37522434970174423,13.712570000003325,2.68332616438355,89.84474999999657,42.0,19.0,7.0,15.0,2.142857142857143,0.0,0.0,0.46747305769120184,14.219409999997879,2.1913353658535746,203.80737999999837,53.0,21.0,7.0,15.0,2.142857142857143,0.0,0.0,0.26004946435207804,49.0280500000008,3.919372692307661,706.4871500000008,167.0,68.0,6.0,41.0,6.833333333333333,0.0,4.0,0.23638080324603186,49.06605000000127,4.255946686746993,656.5564700000032,158.0,66.0,6.0,42.0,7.0,0.0,6.0,0.2406495209772272,49.06605000000127,4.181888343949065,19.300490000001446,6.0,4.0,2.0,2.0,1.0,0.0,0.0,0.3108729363865659,6.6171400000021094,3.8600980000002894,14.10924000000523,6.0,4.0,2.0,2.0,1.0,0.0,0.0,0.42525323830325207,6.3010100000028615,2.821848000001046,275.43071000000054,88.0,37.0,6.0,22.0,3.6666666666666665,0.0,4.0,0.3194995939269075,24.777040000000852,3.165870229885064,54.47073000000091,22.0,8.0,3.0,6.0,2.0,0.0,1.0,0.40388663783282563,15.07904000000417,2.5938442857143293,840.5813200000048,223.0,90.0,6.0,57.0,9.5,0.0,9.0,0.2652925953672141,49.06605000000127,3.786402342342364,13.42953000000125,13.0,5.0,4.0,3.0,0.75,0.0,0.0,0.9680160065168915,4.1616700000013225,1.1191275000001042,2356.9923199999976,950.0,376.0,23.0,289.0,12.565217391304348,3.0,17.0,0.4030560438992016,42.218589999996766,2.483658925184402,1688.362979999998,571.0,211.0,15.0,169.0,11.266666666666667,1.0,14.0,0.33819741771405143,55.511969999999565,2.96204031578947,869.2487900000051,250.0,102.0,15.0,68.0,4.533333333333333,0.0,9.0,0.287604656890001,49.06605000000127,3.490958995983956,4,young-old,18.0,13.0,5.0
282,24,378.9629599999971,170.0,80.0,18.0,61.0,3.388888888888889,0.0,0.0,0.4485926540155832,25.270700000000943,2.242384378698208,150.07166999999754,42.0,14.0,1.0,0.0,0.0,4.0,2.0,0.27986627989147245,17.803100999997696,3.6602846341462816,219.54554000000644,24.0,10.0,3.0,5.0,1.6666666666666667,0.0,0.0,0.10931672763655001,134.66700000000128,9.545458260869845,638.0195099999983,105.0,40.0,7.0,20.0,2.857142857142857,0.0,0.0,0.16457176991343148,130.12627000000066,6.134802980769214,65.1401709999991,65.0,27.0,9.0,24.0,2.6666666666666665,0.0,0.0,0.9978481634627716,9.687248999995063,1.017815171874986,112.47198000000208,17.0,6.0,3.0,4.0,1.3333333333333333,0.0,0.0,0.15114875722824198,33.02910100000008,7.02949875000013,215.7276899999997,76.0,24.0,5.0,17.0,3.4,0.0,12.0,0.3522959894485502,67.07656000000134,2.876369199999996,73.13607000000047,40.0,16.0,5.0,9.0,1.8,0.0,0.0,0.546925750864105,9.074040999999852,1.8752838461538583,112.11233999999968,69.0,35.0,12.0,27.0,2.25,0.0,0.0,0.6154541061224857,11.761331000001519,1.6487108823529364,41.83991999999853,20.0,7.0,4.0,4.0,1.0,0.0,0.0,0.4780123862569695,11.62391899999784,2.2021010526315017,348.5789589999986,163.0,60.0,8.0,38.0,4.75,0.0,0.0,0.46761284865734154,17.577049999999872,2.1517219691357936,135.7320999999938,35.0,13.0,2.0,2.0,1.0,0.0,0.0,0.2578608892075021,32.32284999999683,3.992120588235112,201.9916899999953,29.0,14.0,6.0,11.0,1.8333333333333333,0.0,1.0,0.14357026271724682,102.0710309999995,7.21398892857126,409.48999999999796,140.0,31.0,4.0,5.0,1.25,2.0,10.0,0.3418886908105221,15.713501000005635,2.945971223021568,44.04622100000415,30.0,15.0,6.0,11.0,1.8333333333333333,0.0,0.0,0.6811026989125167,7.512328999997408,1.5188352068966948,259.68845099999453,43.0,19.0,4.0,11.0,2.75,0.0,0.0,0.16558302779510556,81.98854999999458,6.183058357142727,228.98564999999508,24.0,7.0,1.0,0.0,0.0,0.0,0.0,0.10481006124183116,56.39503999999579,9.955897826086742,316.0480899999966,109.0,39.0,8.0,29.0,3.625,0.0,9.0,0.34488422315730866,26.304690999997547,2.926371203703672,3.554000999996788,4.0,3.0,3.0,2.0,0.6666666666666666,0.0,0.0,1.1254920862440994,2.1244900000019697,1.1846669999989292,43.82407000000239,31.0,15.0,6.0,10.0,1.6666666666666667,0.0,1.0,0.7073738244758715,9.030599000005168,1.460802333333413,170.80663900000218,67.0,25.0,8.0,19.0,2.375,0.0,7.0,0.3922564157473946,25.987189999999828,2.587979378787912,198.0847799999974,61.0,20.0,4.0,11.0,2.75,0.0,5.0,0.3079489499395198,25.987189999999828,3.3014129999999566,236.22862000000168,95.0,36.0,9.0,25.0,2.7777777777777777,0.0,6.0,0.40215279588053016,25.987189999999828,2.5130704255319327,148.91201099999307,57.0,21.0,8.0,17.0,2.125,0.0,5.0,0.38277637658121916,26.304690999997547,2.659143053571305,2261.2640699999974,702.0,292.0,22.0,204.0,9.272727272727273,4.0,14.0,0.3104458295310909,134.66700000000128,3.2257690014265297,2051.716880999993,764.0,296.0,28.0,203.0,7.25,2.0,11.0,0.37237106497248856,102.0710309999995,2.689012950196583,632.851149999995,181.0,67.0,13.0,45.0,3.4615384615384617,0.0,11.0,0.2860072230255115,56.39503999999579,3.515839722222194,3,middle-aged,14.0,11.0,5.0
283,23,219.71486800000275,292.0,109.0,18.0,88.0,4.888888888888889,0.0,8.0,1.3289951775134141,5.259976000001188,0.7550339106529305,193.83698000000004,130.0,63.0,9.0,44.0,4.888888888888889,0.0,0.0,0.670666660200752,18.092124000002514,1.5026122480620159,193.28831999999966,129.0,50.0,6.0,34.0,5.666666666666667,0.0,5.0,0.6673967676888093,15.698659999994561,1.5100649999999973,546.4766360000067,262.0,105.0,10.0,82.0,8.2,0.0,3.0,0.4794349524578701,165.0321380000023,2.0937802145594127,52.45076500000141,63.0,23.0,8.0,21.0,2.625,0.0,2.0,1.201126427803261,8.67995399999927,0.845980080645184,129.214516,61.0,29.0,7.0,22.0,3.142857142857143,0.0,0.0,0.4720831829761294,27.951971999995294,2.1535752666666665,274.30916699999943,249.0,101.0,9.0,84.0,9.333333333333334,0.0,4.0,0.9077348844123774,15.947911000002932,1.1060853508064494,98.38917500000389,95.0,42.0,8.0,38.0,4.75,0.0,4.0,0.9655533751553079,8.497637000000395,1.0466933510638712,55.055008000003,62.0,26.0,7.0,23.0,3.2857142857142856,0.0,0.0,1.1261464170524982,6.275798999995459,0.9025411147541476,27.86927899999864,32.0,14.0,8.0,11.0,1.375,0.0,0.0,1.1482177203077826,7.488256000004185,0.8990089999999562,51.84408000000258,59.0,25.0,8.0,18.0,2.25,0.0,0.0,1.138027716954319,4.8871319999962,0.8938634482759065,140.89130700000533,38.0,15.0,5.0,10.0,2.0,0.0,0.0,0.26971145920307604,30.489426000000094,3.807873162162306,134.68429900000046,51.0,19.0,5.0,13.0,2.6,0.0,1.0,0.3786632917026195,37.082539000002726,2.6936859800000095,433.10961600000155,364.0,155.0,8.0,115.0,14.375,0.0,0.0,0.8404338914516243,31.8540159999975,1.1931394380165332,109.79221699999471,60.0,26.0,7.0,15.0,2.142857142857143,0.0,0.0,0.5464868242892198,12.96137599999929,1.8608850338982155,174.89282699999603,89.0,39.0,7.0,27.0,3.857142857142857,0.0,0.0,0.5088830772916835,15.54930400000012,1.9874184886363186,377.11666400000104,44.0,19.0,5.0,11.0,2.2,0.0,0.0,0.11667476990621628,81.56720499999938,8.77015497674421,,,,,,,,,,,,155.7122889999955,163.0,67.0,12.0,59.0,4.916666666666667,0.0,4.0,1.046802413905846,11.842090000005555,0.9611869691357747,116.99119100000098,16.0,8.0,3.0,4.0,1.3333333333333333,0.0,0.0,0.13676243367759086,52.86215599999559,7.799412733333399,9.570941999998468,20.0,6.0,4.0,4.0,1.0,0.0,0.0,2.0896584683099326,4.425207000000228,0.5037337894736036,70.6854039999962,73.0,28.0,4.0,25.0,6.25,0.0,2.0,1.0327450346043707,7.31471700000111,0.9817417222221694,426.2328070000003,213.0,86.0,13.0,73.0,5.615384615384615,0.0,4.0,0.49972690159441396,81.56720499999938,2.0105321084905676,5.746826000002329,16.0,8.0,8.0,7.0,0.875,0.0,0.0,2.7841455439913294,1.277908000003663,0.3831217333334886,2089.221308,1550.0,642.0,27.0,518.0,19.185185185185187,0.0,29.0,0.7419032124862858,165.0321380000023,1.348754879276953,1409.5855450000017,918.0,391.0,15.0,298.0,19.866666666666667,0.0,1.0,0.651255259573479,37.082539000002726,1.5371707142857163,599.9236810000002,322.0,129.0,17.0,110.0,6.470588235294118,0.0,4.0,0.5367349384562798,81.56720499999938,1.8689211246105926,4,young-old,14.0,11.0,6.0
285,24,301.90424399999756,174.0,65.0,19.0,60.0,3.1578947368421053,0.0,2.0,0.5763416826959259,24.33623400000215,1.7451112369942055,191.55527199999779,78.0,21.0,6.0,14.0,2.3333333333333335,4.0,2.0,0.40719317816531253,12.60178000000451,2.4877308051947766,282.37233299999934,74.0,27.0,2.0,10.0,5.0,0.0,0.0,0.2620653348499273,27.050655999999435,3.8681141506849226,483.38953700000275,106.0,30.0,7.0,19.0,2.7142857142857144,0.0,0.0,0.2192848456295805,30.01557099999627,4.603709876190503,59.20750100000441,61.0,28.0,10.0,24.0,2.4,0.0,0.0,1.0302748633149617,5.217337000001862,0.9867916833334068,256.8908520000041,47.0,20.0,6.0,11.0,1.8333333333333333,0.0,0.0,0.18295707937470368,40.25928500000009,5.584583739130523,370.2830810000014,117.0,30.0,7.0,15.0,2.142857142857143,3.0,12.0,0.31597446927368406,14.800355999999738,3.192095525862081,111.7126419999986,48.0,19.0,7.0,14.0,2.0,0.0,0.0,0.4296738412112803,18.63765499999863,2.3768647234042253,81.38713900000585,52.0,23.0,9.0,21.0,2.3333333333333335,0.0,0.0,0.6389215868614851,13.600874000003387,1.5958262549020754,58.81737400000566,30.0,10.0,6.0,7.0,1.1666666666666667,0.0,0.0,0.510053373005009,11.090430999996897,2.0281853103450227,251.7814670000007,113.0,41.0,7.0,24.0,3.4285714285714284,0.0,0.0,0.4488018969243661,11.934667999994417,2.248048812500006,173.04701000000205,31.0,9.0,2.0,1.0,0.5,0.0,0.0,0.1791420724345346,21.660904999997,5.768233666666735,154.6416160000008,65.0,27.0,8.0,23.0,2.875,0.0,1.0,0.4203266991208865,36.147116000000096,2.4162752500000124,594.9093779999967,193.0,31.0,6.0,10.0,1.6666666666666667,5.0,14.0,0.3244191588454016,38.83516900000541,3.0984863437499826,48.79566899999918,24.0,8.0,7.0,7.0,1.0,0.0,0.0,0.49184693010357955,6.920225000001665,2.1215508260869207,212.49704300000303,81.0,33.0,7.0,21.0,3.0,0.0,0.0,0.3811817748447391,14.35218100000202,2.656213037500038,115.10516799999459,36.0,13.0,2.0,6.0,3.0,0.0,0.0,0.3127574602037129,9.47106000000349,3.2887190857141313,216.47976500000368,92.0,36.0,11.0,27.0,2.4545454545454546,2.0,6.0,0.4249819838819505,25.861386999997194,2.3788985164835568,400.6209910000034,205.0,78.0,17.0,59.0,3.4705882352941178,4.0,11.0,0.5117055885870899,25.861386999997194,1.9638283872549187,182.24945400000433,72.0,28.0,11.0,21.0,1.9090909090909092,2.0,4.0,0.3950629119580149,25.861386999997194,2.5668937183099203,28.57569700000022,8.0,1.0,1.0,0.0,0.0,2.0,2.0,0.27995817564834685,10.750444999997853,4.08224242857146,149.4039780000021,83.0,29.0,8.0,21.0,2.625,2.0,5.0,0.5555407634460632,10.072893000004115,1.8219997317073426,54.260379999999714,30.0,11.0,5.0,7.0,1.4,0.0,1.0,0.5528896037956269,10.072893000004115,1.8710475862068867,1.4742949999999837,7.0,5.0,5.0,4.0,0.8,0.0,0.0,4.7480321102629235,0.6380900000003749,0.2457158333333306,2712.636618999997,874.0,306.0,22.0,212.0,9.636363636363637,7.0,16.0,0.3221957537099815,46.6177269999971,3.107258441008015,2206.6830030000056,761.0,241.0,18.0,161.0,8.944444444444445,5.0,15.0,0.3448614952693312,68.06489299999521,2.9035302671052703,527.0827649999992,245.0,92.0,17.0,67.0,3.9411764705882355,4.0,11.0,0.4648226355874117,25.861386999997194,2.1601752663934395,4,young-old,10.0,11.0,4.0
286,15,213.20250099999976,127.0,55.0,14.0,48.0,3.4285714285714284,0.0,0.0,0.5956778152428903,10.345779000002949,1.6920833412698393,214.50871799999732,111.0,45.0,5.0,29.0,5.8,6.0,2.0,0.5174614861107948,11.440974999997707,1.9500792545454302,232.57556900000054,69.0,28.0,2.0,20.0,10.0,0.0,0.0,0.29667776498055065,38.00545399999828,3.420228955882361,511.1942380000037,142.0,51.0,7.0,28.0,4.0,0.0,0.0,0.2777809087902884,24.120515999995405,3.625491049645416,75.78096400000504,69.0,29.0,11.0,25.0,2.272727272727273,0.0,0.0,0.9105189002345683,8.17867799999658,1.1144259411765447,227.0577059999996,61.0,27.0,4.0,13.0,3.25,0.0,0.0,0.2686541719927361,14.575465000001714,3.7842950999999934,333.3434629999974,219.0,88.0,10.0,69.0,6.9,3.0,10.0,0.6569800350337204,16.756775000001653,1.5290984541284285,35.182308000003104,27.0,12.0,5.0,9.0,1.8,0.0,0.0,0.7674311759193745,7.362114999996265,1.3531656923078117,,,,,,,,,,,,,,,,,,,,,,,,,,,,,,,,,,,,,,,,,,,,,,,,,,,,,,,,,,,,,,,,,,,,,,,,,,,,,,,,,,,,,,,,,121.97824499999842,67.0,30.0,15.0,22.0,1.4666666666666666,0.0,0.0,0.5492782749907646,22.747158999998646,1.8481552272727033,245.34335000000283,172.0,70.0,11.0,59.0,5.363636363636363,0.0,19.0,0.7010583331482105,14.89761699999508,1.4347564327485545,228.5780220000015,139.0,52.0,11.0,41.0,3.727272727272727,2.0,19.0,0.6081074583802247,14.89761699999508,1.6563624782608806,78.95215199999802,60.0,25.0,11.0,21.0,1.9090909090909092,0.0,1.0,0.7599539528701067,14.89761699999508,1.3381720677965767,,,,,,,,,,,,166.25359700000263,100.0,37.0,11.0,30.0,2.727272727272727,2.0,16.0,0.6014907454904475,14.89761699999508,1.6793292626262892,168.37430299999687,125.0,54.0,11.0,45.0,4.090909090909091,0.0,5.0,0.7423935705913647,7.895852999994531,1.3578572822580393,3.9987509999991744,5.0,4.0,4.0,3.0,0.75,0.0,0.0,1.2503904344134036,2.7579320000004373,0.9996877499997936,2343.735514,1011.0,403.0,17.0,290.0,17.058823529411764,9.0,12.0,0.43136266612035473,38.00545399999828,2.320530211881188,,,,,,,,,,,,481.34054099999776,289.0,120.0,22.0,97.0,4.409090909090909,2.0,23.0,0.6004065217519281,22.747158999998646,1.6713213229166588,6,other medical,18.0,,
288,24,182.48254199999792,86.0,38.0,17.0,36.0,2.1176470588235294,0.0,0.0,0.47127795929103716,20.104095000002417,2.1468534352940933,228.586553000001,34.0,5.0,2.0,2.0,1.0,4.0,2.0,0.14874015795670995,44.02579100000003,6.926865242424273,248.64853300000686,42.0,10.0,2.0,2.0,1.0,0.0,0.0,0.16891312204121808,20.004453000001376,6.064598365853826,450.0494950000066,68.0,17.0,3.0,9.0,3.0,0.0,0.0,0.15109449239577305,47.384320000004664,6.717156641791143,50.58260099999461,54.0,25.0,9.0,23.0,2.5555555555555554,0.0,0.0,1.067560760665624,7.120088999996369,0.9543886981131059,175.08612100000028,44.0,18.0,6.0,13.0,2.1666666666666665,0.0,0.0,0.2513048992615464,50.1375229999976,4.07177025581396,363.41588000000047,167.0,56.0,12.0,43.0,3.5833333333333335,2.0,12.0,0.459528625991797,18.78964000000269,2.1892522891566295,320.05916499999876,90.0,40.0,8.0,34.0,4.25,0.0,1.0,0.28119800912434534,40.66682099999889,3.596170393258413,258.14293400000315,103.0,37.0,7.0,32.0,4.571428571428571,0.0,0.0,0.3990037550282075,20.37062000000151,2.5308130784314034,43.137940000000526,17.0,6.0,4.0,5.0,1.25,0.0,0.0,0.39408465031013984,11.202989999997953,2.696121250000033,199.07986399999936,66.0,21.0,7.0,12.0,1.7142857142857142,0.0,0.0,0.33152524154828744,15.900525000004563,3.0627671384615285,138.85647900000185,31.0,13.0,3.0,3.0,1.0,0.0,0.0,0.22325209614453487,27.669834000000264,4.628549300000062,251.05832100000407,40.0,12.0,5.0,6.0,1.2,0.0,1.0,0.1593255297839714,39.082759999997506,6.4373928461539505,472.2409439999974,167.0,32.0,5.0,9.0,1.8,5.0,2.0,0.35363303864647727,16.00415499999508,2.844824963855406,90.89950600000157,33.0,13.0,6.0,6.0,1.0,0.0,0.0,0.3630382765776464,18.68547199999739,2.840609562500049,328.197825999996,90.0,35.0,7.0,17.0,2.4285714285714284,0.0,0.0,0.2742248512030092,44.03000500000053,3.687616022471865,254.65999900000315,51.0,22.0,2.0,10.0,5.0,0.0,0.0,0.2002670234833362,56.81014899999718,5.093199980000063,552.0659670000023,164.0,64.0,14.0,42.0,3.0,6.0,6.0,0.2970659482800528,56.81014899999718,3.3869077730061488,279.5731950000045,105.0,38.0,13.0,28.0,2.1538461538461537,6.0,6.0,0.3755724864824695,19.258842000002915,2.6882037980769664,293.4798200000005,112.0,42.0,14.0,32.0,2.2857142857142856,6.0,6.0,0.38162760219765646,19.258842000002915,2.6439623423423466,103.76505600000382,37.0,16.0,7.0,12.0,1.7142857142857142,0.0,4.0,0.3565747605822006,19.258842000002915,2.882362666666773,182.69025700000202,59.0,20.0,7.0,14.0,2.0,6.0,4.0,0.32295099349495876,19.258842000002915,3.149832017241414,74.36936799999967,31.0,14.0,7.0,10.0,1.4285714285714286,0.0,2.0,0.41683828750568563,19.258842000002915,2.4789789333333223,4.851596000000427,4.0,3.0,3.0,2.0,0.6666666666666666,0.0,0.0,0.8244709575982105,4.821094999999332,1.617198666666809,2586.9991029999946,807.0,288.0,21.0,230.0,10.952380952380953,6.0,15.0,0.3119444452316077,50.1375229999976,3.2096763064516063,2117.179941000002,705.0,232.0,15.0,147.0,9.8,5.0,3.0,0.3329901187647797,44.03000500000053,3.0073578707386392,595.211417999999,179.0,72.0,15.0,48.0,3.2,6.0,8.0,0.3007334782008505,56.81014899999718,3.343884370786511,5,old-old,10.0,8.0,5.0
289,8,210.78325600000244,117.0,56.0,22.0,52.0,2.3636363636363638,0.0,0.0,0.5550725528217414,20.024249999994936,1.8170970344827797,294.36627900000167,136.0,56.0,17.0,44.0,2.588235294117647,2.0,1.0,0.4620094409658901,19.72908300000563,2.180490955555568,297.01188700000057,139.0,63.0,22.0,54.0,2.4545454545454546,0.0,1.0,0.46799473719380036,24.787566000006336,2.152260050724642,794.3433070000028,231.0,72.0,15.0,55.0,3.6666666666666665,0.0,0.0,0.2908062521133563,39.25452099999529,3.4536665521739254,92.92456999999558,70.0,29.0,10.0,25.0,2.5,0.0,0.0,0.7532991543571665,10.105188000001363,1.3467328985506606,226.51724300000205,62.0,21.0,4.0,13.0,3.25,0.0,0.0,0.27370984733378306,24.15531500000361,3.713397426229542,456.7157559999978,110.0,33.0,9.0,22.0,2.4444444444444446,1.0,7.0,0.24085002226198768,36.63814200000343,4.190052807339429,79.7692309999984,39.0,16.0,10.0,14.0,1.4,0.0,1.0,0.4889103168112625,9.430766999998013,2.099190289473642,,,,,,,,,,,,,,,,,,,,,,,,,,,,,,,,,,,,,,,,,,,,,,,,,,,,,,,,,,,,,,,,,,,,,,,,,,,,,,,,,,,,,,,,,,,,,,,,,,,,,,,,,,,,,,,,,,,,,,,,,,,,,,,,,,,,,,,,,,,,,,,,,,,,,,,,,,,,,,,,,,,,,,,,,,,,,,,,,3804.3068760000024,1206.0,433.0,31.0,346.0,11.161290322580646,3.0,10.0,0.3170091265791985,58.03650999999809,3.157101141908716,,,,,,,,,,,,,,,,,,,,,,,2,MCI,29.0,,
290,16,114.79436900000292,71.0,34.0,11.0,30.0,2.727272727272727,0.0,0.0,0.6184972365673982,12.900748000000021,1.6399195571428988,235.53954199999862,57.0,17.0,3.0,5.0,1.6666666666666667,6.0,2.0,0.24199758357346357,24.77332100000058,4.206063249999976,148.72431199999846,29.0,13.0,5.0,9.0,1.8,0.0,0.0,0.19499165677767802,22.830526999998256,5.3115825714285165,508.6749899999995,132.0,46.0,5.0,25.0,5.0,0.0,2.0,0.25949771975225305,30.552653999999166,3.883015190839691,61.77241199999844,55.0,22.0,9.0,20.0,2.2222222222222223,0.0,0.0,0.8903651034381075,6.262990000002901,1.1439335555555266,148.89182199999777,56.0,20.0,6.0,18.0,3.0,0.0,0.0,0.37611199357880676,19.00506999999925,2.707124036363596,303.71324599999934,83.0,26.0,7.0,14.0,2.0,0.0,8.0,0.2732840964071754,22.790806999997585,3.7038200731707236,67.43513399999938,41.0,19.0,8.0,15.0,1.875,0.0,1.0,0.6079916738951001,15.880873999994947,1.6858783499999845,235.89477500000066,123.0,53.0,5.0,45.0,9.0,0.0,0.0,0.5214189250270578,25.87217100000271,1.9335637295082022,60.24917599999753,45.0,16.0,6.0,15.0,2.5,0.0,0.0,0.7468981816448717,5.837168000005477,1.3692994545453985,204.49133400000574,118.0,30.0,6.0,22.0,3.6666666666666665,0.0,0.0,0.5770415679326376,9.479117999995651,1.7477891794872285,174.23399100000097,44.0,17.0,3.0,15.0,5.0,0.0,0.0,0.25253396164242004,25.247416999998677,4.05195327906979,122.32213000000047,50.0,26.0,7.0,17.0,2.4285714285714284,0.0,0.0,0.4087567801509,7.543023999998695,2.4963700000000095,307.0307959999991,106.0,23.0,6.0,13.0,2.1666666666666665,3.0,6.0,0.34524224078160654,20.34521500000119,2.9241028190476106,189.95120499999757,54.0,24.0,7.0,17.0,2.4285714285714284,0.0,0.0,0.2842835348162213,25.44264000000112,3.583984999999954,183.50692300000082,73.0,33.0,5.0,21.0,4.2,0.0,0.0,0.39780515528561106,8.91381199999887,2.5487072638889003,,,,,,,,,,,,,,,,,,,,,,,,,,,,,,,,,,,,,,,,,,,,,,,,,,,,,,,,,,,,,,,,,,,,,,,,,,,,,,,,,,,,,,,,,2172.1523830000006,684.0,261.0,18.0,194.0,10.777777777777779,6.0,13.0,0.3148950346914956,54.405698999995366,3.1803109560761356,2408.989523000004,838.0,317.0,15.0,236.0,15.733333333333333,3.0,6.0,0.34786369637523684,30.24740799999563,2.878123683393075,,,,,,,,,,,,9,younger adult (ESL),28.0,,
291,23,403.2115660000054,216.0,97.0,23.0,86.0,3.739130434782609,0.0,0.0,0.5356989189144369,25.351682000000437,1.8754026325581648,158.31245800000033,39.0,11.0,2.0,6.0,3.0,6.0,2.0,0.24634826906673332,19.09372400000575,4.166117315789482,154.88354200000322,36.0,16.0,2.0,12.0,6.0,0.0,0.0,0.23243270095152688,21.940498000003572,4.425244057142949,443.40074099999765,89.0,26.0,8.0,16.0,2.0,0.0,0.0,0.2007213605445925,84.38495500000136,5.038644784090883,53.100934999994934,61.0,27.0,15.0,24.0,1.6,0.0,0.0,1.148755666920099,4.874170000002778,0.8850155833332489,80.94265399999858,24.0,9.0,5.0,7.0,1.4,0.0,0.0,0.2965062153756463,16.872322000002896,3.519245826086895,256.14791400000104,117.0,32.0,9.0,17.0,1.8888888888888888,5.0,8.0,0.4567673348298262,15.187720000001718,2.208171672413802,61.647062999996706,42.0,16.0,10.0,12.0,1.2,0.0,1.0,0.681297663767084,8.936118999998143,1.503586902438944,127.45965000000433,57.0,26.0,5.0,18.0,3.6,0.0,0.0,0.4472003492869945,18.869932000001427,2.276065178571506,25.48734400000103,18.0,7.0,5.0,5.0,1.0,0.0,0.0,0.7062328660059389,9.921342999994522,1.4992555294118253,68.39182099999744,44.0,15.0,7.0,11.0,1.5714285714285714,0.0,0.0,0.6433517832490767,13.483076000004075,1.5905074651162194,205.85350099999778,43.0,16.0,2.0,6.0,3.0,0.0,0.0,0.20888641578167993,32.00663599999825,4.90127383333328,154.3303569999989,65.0,26.0,10.0,22.0,2.2,0.0,1.0,0.42117442908526714,23.137438000005204,2.411411828124983,455.38207500000135,146.0,29.0,8.0,17.0,2.125,4.0,4.0,0.3206098966455796,37.71434800000134,3.140566034482768,34.341724999998405,21.0,9.0,6.0,7.0,1.1666666666666667,0.0,0.0,0.6115010239002547,9.357017000002088,1.7170862499999202,139.897530000002,42.0,18.0,5.0,10.0,2.0,0.0,0.0,0.30021973940497304,27.061138999997638,3.4121348780488296,208.12515800000256,120.0,49.0,14.0,43.0,3.0714285714285716,0.0,5.0,0.5765761388635128,18.038164999998116,1.7489509075630467,199.52952299999743,90.0,36.0,6.0,27.0,4.5,0.0,5.0,0.45106106929349576,16.43507700000191,2.24190475280896,198.06330499999603,123.0,47.0,12.0,42.0,3.5,0.0,6.0,0.6210135693737033,18.038164999998116,1.6234697131147215,13.101993999996921,10.0,4.0,4.0,3.0,0.75,0.0,1.0,0.7632426026147127,8.75043800000276,1.455777111110769,,,,,,,,,,,,139.3626529999965,72.0,26.0,7.0,21.0,3.0,0.0,3.0,0.5166376963274502,7.942452999996021,1.9628542676055845,226.66184899999644,118.0,48.0,10.0,39.0,3.9,0.0,5.0,0.5205993003260194,16.43507700000191,1.9372807606837301,2.38777200000186,6.0,5.0,5.0,4.0,0.8,0.0,0.0,2.5128027299069284,0.7883099999962724,0.47755440000037197,2051.345813,764.0,296.0,23.0,238.0,10.347826086956522,11.0,11.0,0.372438423184575,84.38495500000136,2.688526622542595,1716.553313000004,553.0,186.0,16.0,128.0,8.0,4.0,5.0,0.3221571947762736,37.71434800000134,3.1096980307971087,378.79828400000406,190.0,79.0,16.0,67.0,4.1875,0.0,8.0,0.5015862215468694,18.038164999998116,2.0042237248677464,8,younger adult,9.0,10.0,4.0
293,24,295.2831789999982,421.0,154.0,20.0,127.0,6.35,0.0,6.0,1.425750025537359,7.723878999997396,0.7030551880952338,186.4288929999966,149.0,58.0,6.0,43.0,7.166666666666667,0.0,0.0,0.7992323378758823,15.144915999997465,1.2596546824324095,338.8162979999979,149.0,50.0,5.0,29.0,5.8,0.0,0.0,0.4397663302489685,38.54034200000024,2.289299310810797,587.8022180000044,248.0,87.0,11.0,51.0,4.636363636363637,0.0,0.0,0.42191062300482535,42.61085800000001,2.3797660647773458,70.11182299999928,157.0,52.0,21.0,47.0,2.238095238095238,0.0,4.0,2.239279957105118,4.25126900000032,0.4494347628205082,176.44153700000606,46.0,16.0,5.0,12.0,2.4,0.0,0.0,0.26070958563458,42.071881000003486,3.9209230444445793,480.5318219999972,267.0,99.0,10.0,75.0,7.5,0.0,4.0,0.5556343779455287,29.12029800000164,1.8065106090225458,105.17208100000425,172.0,61.0,11.0,58.0,5.2727272727272725,0.0,3.0,1.6354150109475636,7.284664999999222,0.61504140935675,164.16120399999636,135.0,49.0,20.0,40.0,2.0,0.0,1.0,0.8223623895936033,18.401732000005723,1.2250836119402713,43.113399000001664,48.0,21.0,8.0,16.0,2.0,0.0,0.0,1.1133429772029375,5.607415999998921,0.9173063617021631,86.63747399999556,112.0,45.0,8.0,40.0,5.0,0.0,0.0,1.292743137917499,5.431542999998783,0.7805177837837438,458.1931229999973,112.0,45.0,4.0,19.0,4.75,0.0,0.0,0.24443841336309333,58.775126000000455,4.127865972972948,253.81042599999637,259.0,106.0,12.0,85.0,7.083333333333333,0.0,2.0,1.020446654149675,10.443185000003723,0.9837613410852573,453.3342429999975,400.0,155.0,9.0,115.0,12.777777777777779,0.0,0.0,0.8823511706350455,18.40841299999738,1.1361760476190415,93.2796640000015,66.0,24.0,11.0,16.0,1.4545454545454546,0.0,0.0,0.7075497184466588,15.853339000001142,1.435071753846177,187.40921600000001,99.0,36.0,5.0,24.0,4.8,0.0,0.0,0.5282557715838264,21.721621000004234,1.9123389387755103,399.711421,125.0,37.0,6.0,19.0,3.1666666666666665,0.0,0.0,0.3127256151132094,33.21632099999988,3.223479201612903,591.1213940000016,202.0,65.0,11.0,37.0,3.3636363636363638,0.0,0.0,0.34172337873462155,49.69430899999861,2.940902457711451,51.77039999999397,76.0,34.0,17.0,32.0,1.8823529411764706,0.0,2.0,1.4680203359450352,4.413215000000491,0.6902719999999196,596.0682420000012,214.0,70.0,16.0,45.0,2.8125,0.0,0.0,0.3590192949752884,49.69430899999861,2.798442450704231,10.939190999997663,14.0,4.0,3.0,3.0,1.0,0.0,0.0,1.2798021352770046,5.357929000005242,0.841476230769051,142.65185300000303,132.0,58.0,6.0,42.0,7.0,0.0,0.0,0.9253297256503019,24.35676300000341,1.0889454427481147,891.8751340000017,477.0,175.0,20.0,127.0,6.35,0.0,2.0,0.5348282307868436,49.69430899999861,1.8736872563025246,42.5036540000001,76.0,26.0,10.0,22.0,2.2,0.0,0.0,1.7880815611758891,4.954007999993337,0.566715386666668,2629.352163000003,1836.0,666.0,28.0,520.0,18.571428571428573,0.0,17.0,0.6982708614829233,48.392369000001054,1.4328894621253423,1927.2270219999991,1367.0,533.0,28.0,405.0,14.464285714285714,0.0,3.0,0.7093092740996243,58.775126000000455,1.4108543352855045,944.4274929999956,559.0,207.0,23.0,157.0,6.826086956521739,0.0,2.0,0.5918929765844954,49.69430899999861,1.692522388888881,4,young-old,15.0,13.0,6.0
294,16,355.93061000000307,164.0,77.0,20.0,66.0,3.3,0.0,0.0,0.46076396744859505,24.907759999994596,2.183623374233148,228.3379000000059,63.0,22.0,2.0,9.0,4.5,4.0,2.0,0.2759068906213045,32.0251700000008,3.6828693548388047,247.6903300000049,83.0,41.0,4.0,30.0,7.5,0.0,0.0,0.3350958432652512,23.159899999998743,3.0206137804878646,615.1117000000013,166.0,57.0,3.0,30.0,10.0,0.0,0.0,0.26986968383140764,18.015670000000682,3.727949696969705,72.48795999999857,62.0,30.0,9.0,26.0,2.888888888888889,0.0,0.0,0.8553144549798508,5.663849999997183,1.1883272131147307,150.1238899999953,45.0,20.0,6.0,17.0,2.8333333333333335,0.0,0.0,0.29975242448088313,46.73533999999927,3.411906590908984,324.1195499999958,134.0,51.0,8.0,34.0,4.25,0.0,8.0,0.41342769974844695,14.350039999997534,2.436989097744329,92.7404400000014,52.0,24.0,7.0,18.0,2.5714285714285716,0.0,1.0,0.5607046936589821,10.638489999997546,1.8184400000000274,122.79561999999714,25.0,10.0,5.0,7.0,1.4,0.0,0.0,0.2035903234985139,73.9334600000002,5.116484166666548,39.416049999999814,19.0,7.0,5.0,6.0,1.2,0.0,0.0,0.48203713969309686,8.129759999996168,2.1897805555555454,390.85787999999593,129.0,54.0,7.0,38.0,5.428571428571429,0.0,0.0,0.33004323719916134,29.69890999999916,3.053577187499968,370.21158000000287,121.0,54.0,3.0,28.0,9.333333333333334,0.0,0.0,0.3268401274752104,13.111409999997704,3.085096500000024,290.01199999999517,70.0,28.0,7.0,18.0,2.5714285714285716,0.0,1.0,0.24136932264872202,32.00971999999456,4.203072463768046,818.9587000000029,240.0,87.0,6.0,44.0,7.333333333333333,5.0,6.0,0.29305507103105344,22.328690000002098,3.426605439330556,108.44421000000148,48.0,20.0,8.0,12.0,1.5,0.0,0.0,0.4426239077217617,10.624779999998282,2.307323617021308,296.0538500000039,66.0,25.0,6.0,10.0,1.6666666666666667,0.0,2.0,0.22293241584258788,18.08578999999736,4.554674615384675,,,,,,,,,,,,,,,,,,,,,,,,,,,,,,,,,,,,,,,,,,,,,,,,,,,,,,,,,,,,,,,,,,,,,,,,,,,,,,,,,,,,,,,,,2808.8812700000053,1073.0,459.0,21.0,344.0,16.38095238095238,4.0,11.0,0.38200261843036104,46.73533999999927,2.6202250652985124,3050.5299400000004,923.0,374.0,16.0,235.0,14.6875,5.0,9.0,0.30257037896831784,73.9334600000002,3.308600802603037,,,,,,,,,,,,5,old-old,15.0,,
295,23,261.01037599999836,101.0,47.0,16.0,39.0,2.4375,0.0,0.0,0.38695779665096774,18.070751000006567,2.6101037599999835,187.99247399999877,13.0,2.0,1.0,0.0,0.0,3.0,2.0,0.06915170444536033,96.95310899999458,15.666039499999897,211.98941000000195,8.0,3.0,2.0,1.0,0.5,0.0,0.0,0.037737734163229786,82.9537610000043,30.28420142857171,727.0307160000011,105.0,33.0,2.0,6.0,3.0,0.0,0.0,0.14442305901144326,45.00476499999786,6.990679961538472,57.99369999999908,53.0,26.0,11.0,25.0,2.272727272727273,0.0,0.0,0.9138923710679063,7.93992199999775,1.1152634615384438,,,,,,,,,,,,620.0291799999977,89.0,32.0,6.0,12.0,2.0,0.0,6.0,0.14354163137934947,73.94979299999977,7.045786136363611,33.995168000001286,14.0,7.0,5.0,6.0,1.2,0.0,1.0,0.41182323323124836,11.06691100000171,2.615012923077022,84.90991100000247,54.0,27.0,10.0,24.0,2.4,0.0,0.0,0.6359681615965707,16.984112999998615,1.6020737924528767,37.0039969999998,14.0,7.0,3.0,4.0,1.3333333333333333,0.0,0.0,0.37833750770221053,22.06272500000341,2.846461307692292,89.05485100000078,21.0,10.0,3.0,3.0,1.0,0.0,0.0,0.23580972585086707,11.079641000003903,4.452742550000039,227.00271899999643,30.0,14.0,7.0,12.0,1.7142857142857142,0.0,0.0,0.1321570073352314,137.96992899999896,7.8276799655171185,142.9304420000044,60.0,26.0,5.0,16.0,3.2,0.0,1.0,0.41978461103477277,10.981815999999526,2.422549864406854,313.0044280000002,62.0,20.0,3.0,2.0,0.6666666666666666,2.0,6.0,0.19808026485810598,35.914622000003874,5.131220131147544,175.017872000004,45.0,18.0,6.0,8.0,1.3333333333333333,0.0,0.0,0.2571165989265312,41.921520999996574,3.977678909091,68.01424499999848,26.0,12.0,6.0,7.0,1.1666666666666667,0.0,0.0,0.38227286063383603,13.023987000000488,2.7205697999999394,325.0092199999999,81.0,39.0,3.0,22.0,7.333333333333333,0.0,0.0,0.24922369894614074,24.372840000003634,4.062615249999999,204.13691000000108,73.0,34.0,15.0,30.0,2.0,0.0,0.0,0.35760313997110865,33.656230000000505,2.835234861111126,7.728889999998501,11.0,4.0,2.0,1.0,0.5,0.0,0.0,1.4232315377760758,1.8660000000018044,0.7728889999998501,6.262660000000324,3.0,2.0,1.0,0.0,0.0,0.0,0.0,0.47902967748526104,4.781639999993786,3.131330000000162,76.3958100000018,12.0,5.0,2.0,1.0,0.5,0.0,2.0,0.1570766773727475,21.519019999999728,6.945073636363801,153.90847999999824,49.0,22.0,7.0,14.0,2.0,0.0,1.0,0.3183710215317607,24.692340000001423,3.20642666666663,877.5501799999984,261.0,119.0,19.0,87.0,4.578947368421052,0.0,4.0,0.2974188894816254,33.656230000000505,3.3751929999999937,185.6938599999994,46.0,20.0,12.0,15.0,1.25,0.0,0.0,0.24771955303207197,33.656230000000505,4.126530222222209,2885.9843580000015,586.0,236.0,18.0,162.0,9.0,3.0,9.0,0.20305030357340548,109.06587700000091,4.933306594871797,1684.9813110000032,451.0,189.0,19.0,123.0,6.473684210526316,2.0,7.0,0.2676587550590341,137.96992899999896,3.7444029133333405,902.9814899999983,275.0,124.0,19.0,89.0,4.684210526315789,0.0,4.0,0.3045466635202019,33.656230000000505,3.2955528832116725,2,MCI,16.0,16.0,4.0
296,0,,,,,,,,,,,,,,,,,,,,,,,,,,,,,,,,,,,,,,,,,,,,,,,,,,,,,,,,,,,,,,,,,,,,,,,,,,,,,,,,,,,,,,,,,,,,,,,,,,,,,,,,,,,,,,,,,,,,,,,,,,,,,,,,,,,,,,,,,,,,,,,,,,,,,,,,,,,,,,,,,,,,,,,,,,,,,,,,,,,,,,,,,,,,,,,,,,,,,,,,,,,,,,,,,,,,,,,,,,,,,,,,,,,,,,,,,,,,,,,,,,,,,,,,,,,,,,,,,,,,,,,,,,,,,,,,,,,,,,,,,,,,,,,,,,,,,,,,,,2,MCI,20.0,,
297,24,152.86924,97.0,40.0,16.0,38.0,2.375,0.0,0.0,0.6345292224910649,8.848389999999199,1.5923879166666666,165.5176300000021,42.0,9.0,2.0,6.0,3.0,4.0,2.0,0.25374940421754144,22.079870000001392,4.037015365853709,161.08193000000028,32.0,12.0,3.0,6.0,2.0,0.0,0.0,0.1986566711734826,22.55105999999796,5.19619129032259,400.81296999999904,64.0,20.0,5.0,13.0,2.6,0.0,0.0,0.15967547157967507,38.02071000000433,6.36211063492062,59.7175900000002,51.0,23.0,9.0,19.0,2.111111111111111,0.0,0.0,0.8540197285255454,8.698349999998754,1.194351800000004,76.46210000000428,54.0,23.0,12.0,22.0,1.8333333333333333,0.0,2.0,0.706232237932217,17.20966000000044,1.4426811320755526,253.99631999999838,86.0,25.0,7.0,14.0,2.0,0.0,12.0,0.3385875826862395,58.040139999997336,2.988191999999981,30.837460000002466,17.0,7.0,5.0,5.0,1.0,0.0,2.0,0.5512775695533497,10.66928000000189,1.927341250000154,38.29692000000068,26.0,12.0,6.0,9.0,1.5,0.0,0.0,0.6789057710123826,11.516429999996035,1.5318768000000273,30.908679999993183,20.0,7.0,5.0,5.0,1.0,0.0,0.0,0.6470674257200376,5.99441000000661,1.6267726315785886,191.64013999999588,93.0,28.0,6.0,23.0,3.8333333333333335,0.0,0.0,0.4852845546867269,15.128779999999097,2.0830449999999554,127.3643299999967,33.0,15.0,3.0,9.0,3.0,0.0,0.0,0.25909923131539936,30.26093000000401,3.980135312499897,131.07026000000042,29.0,8.0,4.0,7.0,1.75,0.0,2.0,0.22125537860381073,24.026319999997213,4.681080714285729,476.5431699999972,153.0,35.0,5.0,18.0,3.6,3.0,10.0,0.3210622030318909,26.688310000005004,3.1351524342105077,5.173750000001746,8.0,4.0,4.0,3.0,0.75,0.0,0.0,1.5462672143024498,3.3700000000026193,0.7391071428573923,81.1958999999988,34.0,13.0,5.0,7.0,1.4,0.0,0.0,0.41874035511645913,7.441890000001877,2.460481818181782,47.02004999999917,7.0,4.0,3.0,2.0,0.6666666666666666,0.0,0.0,0.1488726617687587,13.258689999995113,7.836674999999862,215.86755000000267,57.0,18.0,5.0,13.0,2.6,0.0,5.0,0.264050803374566,27.077610000000277,3.8547776785714762,181.25789000000077,82.0,31.0,12.0,27.0,2.25,0.0,7.0,0.4523940999202829,14.048000000002503,2.237751728395071,251.80126000000018,96.0,39.0,13.0,34.0,2.6153846153846154,0.0,7.0,0.3812530564779538,14.048000000002503,2.6505395789473702,91.46580999999424,14.0,2.0,2.0,1.0,0.5,0.0,4.0,0.15306265805770355,24.606379999997444,7.035831538461095,92.84751999999571,29.0,9.0,3.0,7.0,2.3333333333333335,0.0,3.0,0.3123400603484222,14.048000000002503,3.315982857142704,338.71856000000116,106.0,34.0,10.0,28.0,2.8,0.0,10.0,0.3129441740659255,27.077610000000277,3.2258910476190588,0.8666299999968032,5.0,5.0,5.0,4.0,0.8,0.0,0.0,5.0,0.7326600000014878,0.2166574999992008,1677.3398499999967,560.0,206.0,27.0,170.0,6.296296296296297,4.0,18.0,0.3338619779408455,58.040139999997336,3.0006079606440013,1347.6820999999982,467.0,147.0,14.0,103.0,7.357142857142857,3.0,12.0,0.34652088945902054,30.26093000000401,2.8920216738197384,449.06123999999545,139.0,54.0,18.0,47.0,2.611111111111111,0.0,11.0,0.30953461937619337,27.077610000000277,3.254066956521706,8,younger adult,12.0,9.0,5.0
298,16,393.1312160000016,177.0,56.0,11.0,41.0,3.727272727272727,0.0,0.0,0.45023135481563814,14.373427000005904,2.2337000909091,354.4957110000032,90.0,19.0,2.0,13.0,6.5,6.0,2.0,0.25388177404493106,22.305177000002004,3.9830978764045306,356.34923100000015,135.0,41.0,2.0,14.0,7.0,0.0,0.0,0.37884184461731013,13.996188000004622,2.659322619402986,654.4066290000046,210.0,55.0,7.0,27.0,3.857142857142857,0.0,0.0,0.3209013947809482,24.740719000001263,3.131132196172271,87.81239600000117,59.0,23.0,10.0,22.0,2.2,0.0,0.0,0.6718869167400832,6.689955000001646,1.514006827586227,279.86704699999973,94.0,28.0,10.0,22.0,2.2,0.0,0.0,0.33587376937592833,40.79098099999828,3.0093230860215026,483.3952849999987,175.0,50.0,7.0,34.0,4.857142857142857,1.0,14.0,0.36202256296314617,39.34471899999335,2.7781338218390728,138.81324799999857,65.0,24.0,8.0,21.0,2.625,0.0,1.0,0.46825501842591183,17.911331999996037,2.1689569999999776,291.49839300000167,92.0,31.0,5.0,24.0,4.8,0.0,0.0,0.31561065930130006,28.26238299999386,3.203279043956062,62.72114999999758,36.0,7.0,4.0,4.0,1.0,0.0,0.0,0.5739690678503406,5.9674119999981485,1.792032857142788,232.15305100000114,118.0,31.0,6.0,22.0,3.6666666666666665,0.0,0.0,0.5082853724804135,13.823880000003555,1.984214111111121,246.1491840000017,57.0,13.0,2.0,4.0,2.0,0.0,0.0,0.23156688587681692,40.61867799999891,4.395521142857173,394.5332599999965,177.0,62.0,7.0,42.0,6.0,0.0,2.0,0.4486313777449373,16.896665000000212,2.24166624999998,630.4288320000051,186.0,36.0,5.0,21.0,4.2,6.0,2.0,0.295037267584866,36.87763999999879,3.4077234162162435,103.94472800000221,64.0,25.0,8.0,19.0,2.375,0.0,0.0,0.6157118425476916,7.081253000003926,1.6499163174603526,233.92128799999773,86.0,30.0,5.0,13.0,2.6,0.0,0.0,0.3676450345126384,20.095127999993565,2.7520151529411496,,,,,,,,,,,,,,,,,,,,,,,,,,,,,,,,,,,,,,,,,,,,,,,,,,,,,,,,,,,,,,,,,,,,,,,,,,,,,,,,,,,,,,,,,3421.853882000003,1254.0,381.0,20.0,264.0,13.2,7.0,17.0,0.3664680150711353,40.79098099999828,2.7309288762968897,2671.6394809999983,1019.0,295.0,14.0,196.0,14.0,6.0,4.0,0.38141373761200253,40.61867799999891,2.6244002760314324,,,,,,,,,,,,2,MCI,24.0,,
299,16,362.89089099999546,157.0,74.0,22.0,66.0,3.0,0.0,0.0,0.43263692722450275,30.57025900000008,2.3262236602563813,225.60443900000246,33.0,8.0,2.0,2.0,1.0,6.0,2.0,0.146273717601805,60.74456000000646,7.050138718750077,314.0086190000002,57.0,21.0,2.0,11.0,5.5,0.0,0.0,0.18152367976880268,45.06079999999929,5.607296767857146,563.2234499999977,92.0,28.0,4.0,7.0,1.75,0.0,0.0,0.16334547149981127,93.7005199999985,6.189268681318656,64.5949299999993,52.0,24.0,8.0,23.0,2.875,0.0,0.0,0.8050167404779379,7.667999999997846,1.2665672549019469,111.9214009999996,32.0,10.0,4.0,8.0,2.0,0.0,0.0,0.28591493417778174,31.71491000000242,3.6103677741935356,299.02016000000003,122.0,41.0,8.0,19.0,2.375,0.0,10.0,0.4079992466059813,34.25027000000409,2.4712409917355376,26.064491000004637,15.0,8.0,6.0,7.0,1.1666666666666667,0.0,0.0,0.5754956043452885,10.41363000000274,1.8617493571431882,73.52092000000266,45.0,21.0,7.0,15.0,2.142857142857143,0.0,0.0,0.6120706868194572,8.071531000001414,1.6709300000000604,32.74379900000349,18.0,3.0,2.0,1.0,0.5,0.0,0.0,0.5497224069814892,8.86173100000451,1.9261058235296171,258.13398900000175,108.0,40.0,7.0,25.0,3.5714285714285716,0.0,0.0,0.4183873670351845,7.727951000000758,2.412467186915904,186.66225900000427,43.0,17.0,2.0,11.0,5.5,0.0,0.0,0.230362582293612,49.14858099999401,4.444339500000102,229.2474199999997,59.0,25.0,5.0,14.0,2.8,0.0,0.0,0.2573638560468863,43.58726000000024,3.9525417241379257,454.5172789999997,120.0,32.0,2.0,1.0,0.5,4.0,6.0,0.26401636537122736,39.10093000000052,3.8194729327731065,139.8923089999953,38.0,17.0,7.0,8.0,1.1428571428571428,0.0,0.0,0.2716375208304073,15.392058999997971,3.780873216216089,221.7510700000057,30.0,10.0,4.0,7.0,1.75,0.0,0.0,0.1352868331142629,87.96446000000287,7.646588620689852,,,,,,,,,,,,,,,,,,,,,,,,,,,,,,,,,,,,,,,,,,,,,,,,,,,,,,,,,,,,,,,,,,,,,,,,,,,,,,,,,,,,,,,,,2477.8945810000005,818.0,327.0,30.0,233.0,7.766666666666667,6.0,12.0,0.3301189672362417,93.7005199999985,3.0329187037943703,1995.1369600000035,654.0,257.0,15.0,154.0,10.266666666666667,4.0,6.0,0.3277970450710305,87.96446000000287,3.055339908116391,,,,,,,,,,,,3,middle-aged,10.0,,
300,22,343.0184950000039,127.0,60.0,19.0,45.0,2.3684210526315788,0.0,0.0,0.37024242672395424,21.0719969999991,2.722369007936539,216.9503790000017,33.0,10.0,1.0,0.0,0.0,4.0,2.0,0.15210851509966591,58.94063300000562,6.779699343750053,153.97987899999862,22.0,10.0,6.0,9.0,1.5,0.0,0.0,0.1428758104167636,55.01267199999711,7.3323751904761245,675.980951000005,97.0,23.0,3.0,4.0,1.3333333333333333,0.0,0.0,0.1434951678098386,38.00296900000103,7.041468239583385,55.049667999999656,53.0,27.0,8.0,22.0,2.75,0.0,0.0,0.9627669325816884,7.08722200000193,1.058647461538455,,,,,,,,,,,,295.0407930000001,66.0,30.0,6.0,18.0,3.0,0.0,2.0,0.22369788031311308,37.03479199999856,4.539089123076925,59.00113599999895,28.0,13.0,4.0,10.0,2.5,0.0,1.0,0.4745671337582466,20.988263999999617,2.1852272592592206,50.08688400000392,18.0,9.0,5.0,6.0,1.2,0.0,0.0,0.35937552034577736,16.08590499999991,2.9462872941178775,43.04032200000074,12.0,6.0,3.0,4.0,1.3333333333333333,0.0,0.0,0.2788083230418163,19.034115000002203,3.912756545454613,73.08369000000675,26.0,12.0,4.0,4.0,1.0,0.0,0.0,0.35575653062944135,9.942338000000746,2.92334760000027,191.03122399999847,40.0,15.0,2.0,2.0,1.0,0.0,0.0,0.20938985346186295,34.93327699999645,4.898236512820474,200.00773999999365,36.0,15.0,5.0,7.0,1.4,0.0,0.0,0.1799930342695795,44.009358000002976,5.714506857142676,269.9812549999988,68.0,23.0,4.0,5.0,1.25,2.0,10.0,0.2518693381138639,41.95324100000289,4.029570970149235,141.96696499999962,35.0,17.0,6.0,8.0,1.3333333333333333,0.0,0.0,0.24653622763577496,16.95291400000133,4.175498970588224,261.9333400000032,47.0,21.0,4.0,5.0,1.25,0.0,0.0,0.17943496616352628,30.05852099999902,5.694203043478331,275.2367499999964,78.0,36.0,2.0,12.0,6.0,0.0,0.0,0.2833923885527678,20.65957000000344,3.5745032467532,304.42199000000255,154.0,73.0,10.0,63.0,6.3,0.0,2.0,0.5058767272364217,40.319869999999355,1.9896862091503436,179.9548700000014,75.0,33.0,9.0,27.0,3.0,2.0,2.0,0.41677116045817164,17.999170000002778,2.431822567567586,4.404829999999492,6.0,4.0,4.0,3.0,0.75,0.0,0.0,1.3621411041971407,1.4374499999976251,0.8809659999998984,,,,,,,,,,,,219.1904399999985,95.0,41.0,11.0,35.0,3.1818181818181817,2.0,3.0,0.43341306308797345,17.999170000002778,2.3318131914893456,181.65067999999883,87.0,40.0,12.0,37.0,3.0833333333333335,0.0,1.0,0.47894122939699735,22.39039000000048,2.112217209302312,172.69608000000153,96.0,46.0,9.0,38.0,4.222222222222222,0.0,2.0,0.5558898615417278,40.319869999999355,1.8178534736842267,2451.9292550000027,616.0,249.0,21.0,172.0,8.19047619047619,4.0,9.0,0.2512307395263732,73.99678100000165,3.9868768373983783,1634.028867000001,422.0,174.0,14.0,93.0,6.642857142857143,2.0,10.0,0.2582573714103178,44.009358000002976,3.8813037220902635,810.3684199999989,335.0,154.0,16.0,116.0,7.25,2.0,5.0,0.4133922198004711,40.319869999999355,2.4262527544910144,5,old-old,15.0,14.0,3.0
301,24,169.42493999999715,105.0,49.0,18.0,46.0,2.5555555555555554,0.0,0.0,0.6197434687006633,10.011899999997695,1.629085961538434,187.40843999999925,39.0,11.0,2.0,5.0,2.5,4.0,4.0,0.2081016201831687,35.10164000000077,4.931801052631559,143.9014199999947,33.0,13.0,3.0,7.0,2.3333333333333335,0.0,0.0,0.22932365782075825,16.651529999995546,4.496919374999834,401.9063099999985,96.0,33.0,8.0,24.0,3.0,0.0,0.0,0.238861639171578,38.77096000000165,4.230592736842089,65.29106999999931,85.0,39.0,19.0,38.0,2.0,0.0,2.0,1.3018625671167727,5.809870000004594,0.7772746428571347,85.83000999999786,57.0,23.0,9.0,20.0,2.2222222222222223,0.0,3.0,0.6641033829543003,9.636679999995977,1.5326787499999617,312.072699999997,116.0,40.0,7.0,30.0,4.285714285714286,0.0,6.0,0.37170825900503673,22.764680000000226,2.7136756521738867,69.54059000000416,34.0,17.0,8.0,14.0,1.75,0.0,1.0,0.48892308794040956,11.190699999999197,2.107290606060732,28.792480000003707,20.0,9.0,4.0,6.0,1.5,0.0,0.0,0.6946258189637511,6.733769999998913,1.5153936842107214,48.55372000000352,31.0,10.0,7.0,8.0,1.1428571428571428,0.0,0.0,0.6384680720652867,7.189389999999548,1.6184573333334507,66.61854000000312,40.0,14.0,6.0,9.0,1.5,0.0,0.0,0.6004334529096274,7.253519999998389,1.7081676923077724,149.84505999999965,46.0,18.0,2.0,12.0,6.0,0.0,0.0,0.306983760425603,13.116350000003877,3.329890222222214,193.04291000000376,49.0,20.0,9.0,13.0,1.4444444444444444,0.0,1.0,0.2538295760253461,21.50161000000662,4.021727291666745,422.1013899999962,164.0,40.0,7.0,28.0,4.0,2.0,8.0,0.38853224340247133,24.8330300000016,2.5895790797545777,83.54693000000407,68.0,20.0,8.0,19.0,2.375,0.0,0.0,0.8139138086820986,7.275719999997818,1.2469691044776727,143.56330000000162,56.0,13.0,5.0,6.0,1.2,0.0,0.0,0.39007183590791916,13.008860000001732,2.6102418181818474,350.47728999999526,147.0,65.0,16.0,53.0,3.3125,0.0,4.0,0.41942803198461726,14.914479999999458,2.4005293835616115,214.42868000000453,85.0,41.0,15.0,34.0,2.2666666666666666,0.0,0.0,0.39640219769108404,14.914479999999458,2.552722380952435,8.829420000001846,12.0,8.0,6.0,7.0,1.1666666666666667,0.0,0.0,1.3590926697334016,3.103660000000673,0.8026745454547133,212.35490999999456,103.0,46.0,13.0,37.0,2.8461538461538463,0.0,4.0,0.4850370542409527,12.43181000000186,2.081910882352888,106.05552999999782,47.0,20.0,8.0,16.0,2.0,0.0,2.0,0.4431640669751117,11.43920999999682,2.3055549999999525,108.84951000000001,53.0,20.0,7.0,14.0,2.0,0.0,4.0,0.4869107816838128,9.41428000000451,2.093259807692308,279.9255699999994,130.0,55.0,15.0,45.0,3.0,0.0,4.0,0.46440916419318273,14.914479999999458,2.169965658914724,4.125220000001718,5.0,5.0,5.0,4.0,0.8,0.0,0.0,1.2120565691036884,2.6337299999941024,1.0313050000004296,1907.8193200000023,731.0,296.0,35.0,245.0,7.0,4.0,19.0,0.3831599734507349,38.77096000000165,2.6134511232876743,1450.2995300000039,582.0,178.0,15.0,127.0,8.466666666666667,2.0,9.0,0.4012964135760276,24.8330300000016,2.4962126161790086,369.7393799999991,156.0,71.0,18.0,58.0,3.2222222222222223,0.0,4.0,0.42191881211030424,14.914479999999458,2.385415354838704,8,younger adult,14.0,14.0,3.0
303,24,214.6179900000061,137.0,63.0,17.0,59.0,3.4705882352941178,0.0,0.0,0.6383435051273945,11.941969999999856,1.578073455882398,208.17713999999978,42.0,10.0,2.0,1.0,0.5,4.0,2.0,0.20175125856758358,40.47636000000057,5.07749121951219,316.1456299999991,65.0,24.0,4.0,11.0,2.75,0.0,0.0,0.20560145019243248,29.00003999999899,4.9397754687499855,365.9971300000034,84.0,28.0,5.0,16.0,3.2,0.0,0.0,0.22950999643084422,36.01111000000674,4.409603975903655,70.65125999999873,71.0,29.0,10.0,26.0,2.6,0.0,0.0,1.004936076157754,4.5887799999982235,1.0093037142856962,96.33550999999716,21.0,10.0,5.0,7.0,1.4,0.0,0.0,0.21798815410849665,27.71411999999691,4.816775499999858,298.70528000000195,111.0,33.0,7.0,21.0,3.0,0.0,4.0,0.3716037426589824,28.36123000000225,2.715502545454563,47.04617999999755,26.0,11.0,6.0,8.0,1.3333333333333333,0.0,1.0,0.5526484828311534,6.066689999999653,1.881847199999902,138.6883799999996,57.0,26.0,6.0,20.0,3.3333333333333335,0.0,0.0,0.41099333628383405,15.278440000001865,2.476578214285707,58.63085999999748,33.0,9.0,6.0,7.0,1.1666666666666667,0.0,0.0,0.5628435264296211,6.244559999999183,1.8322143749999213,201.89951999999903,101.0,31.0,7.0,23.0,3.2857142857142856,0.0,0.0,0.5002488366490445,7.849760000004608,2.01899519999999,198.01004000000103,38.0,15.0,2.0,6.0,3.0,0.0,0.0,0.19190946075259518,24.443080000004556,5.3516227027027305,157.3634200000015,50.0,20.0,9.0,15.0,1.6666666666666667,0.0,1.0,0.3177358499198831,24.58914999999979,3.2114983673469695,381.3772200000021,146.0,38.0,7.0,23.0,3.2857142857142856,4.0,4.0,0.382823074749979,54.56368000000657,2.630187724137946,63.300359999993816,29.0,12.0,7.0,9.0,1.2857142857142858,0.0,0.0,0.45813325548232003,8.362650000002759,2.260727142856922,153.87984999999753,48.0,20.0,5.0,12.0,2.4,0.0,0.0,0.3119316791639761,14.006150000001071,3.274039361702075,102.10718999999517,21.0,12.0,3.0,8.0,2.6666666666666665,0.0,0.0,0.20566622193795553,25.373230000004696,5.105359499999759,202.71018999999797,84.0,33.0,14.0,22.0,1.5714285714285714,0.0,8.0,0.4143846937344435,29.488310000000638,2.442291445783108,11.60512999999628,14.0,10.0,9.0,9.0,1.0,0.0,0.0,1.206363048066199,3.6472799999974086,0.8927023076920215,348.6206699999966,141.0,61.0,17.0,44.0,2.588235294117647,0.0,8.0,0.4044510613785504,29.488310000000638,2.4901476428571185,43.143749999995634,20.0,6.0,2.0,2.0,1.0,0.0,5.0,0.4635665652615274,8.942739999998594,2.2707236842102967,176.36102000000392,79.0,31.0,14.0,22.0,1.5714285714285714,0.0,8.0,0.4479447896139308,29.488310000000638,2.261038717948768,79.1744400000025,42.0,20.0,13.0,15.0,1.1538461538461537,0.0,0.0,0.5304742288041275,18.911120000004303,1.9310839024390856,8.850989999999001,16.0,9.0,9.0,8.0,0.8888888888888888,0.0,0.0,1.8077073864055666,3.176180000002205,0.5900659999999334,1972.1221900000019,685.0,262.0,21.0,200.0,9.523809523809524,4.0,7.0,0.3473415610216319,40.47636000000057,2.8832195760233947,1713.2437900000004,600.0,203.0,15.0,139.0,9.266666666666667,4.0,5.0,0.3502128555796486,54.56368000000657,2.860173272120201,348.6206699999966,141.0,61.0,17.0,44.0,2.588235294117647,0.0,8.0,0.4044510613785504,29.488310000000638,2.4901476428571185,8,younger adult,12.0,11.0,4.0
304,24,241.00406199999998,123.0,58.0,18.0,50.0,2.7777777777777777,0.0,0.0,0.5103648419004656,16.956920000004175,1.9754431311475409,150.96696499999962,56.0,19.0,1.0,0.0,0.0,4.0,2.0,0.3709420799444444,11.006158999996842,2.744853909090902,251.92094599999837,55.0,23.0,2.0,14.0,7.0,0.0,0.0,0.2183224573950288,47.96772300000157,4.665202703703674,475.99865000000136,70.0,26.0,5.0,9.0,1.8,0.0,0.0,0.14705924060919037,52.999659000000975,6.89853115942031,78.00118700000166,52.0,25.0,9.0,21.0,2.3333333333333335,0.0,0.0,0.6666565215218955,10.051583000000392,1.529435039215719,110.0910570000051,29.0,15.0,6.0,14.0,2.3333333333333335,0.0,0.0,0.26341830835540675,57.03921899999841,3.931823464285896,448.93637599999784,145.0,46.0,6.0,10.0,1.6666666666666667,0.0,20.0,0.32298563393758206,26.004143999998632,3.1176137222222073,47.01293400000577,27.0,12.0,7.0,10.0,1.4285714285714286,0.0,2.0,0.574310039871085,17.015941999998176,1.8081897692309912,84.0363639999996,37.0,18.0,7.0,15.0,2.142857142857143,0.0,0.0,0.44028558874822543,22.99480500000209,2.3343434444444333,40.04054400000314,11.0,5.0,3.0,3.0,1.0,0.0,0.0,0.27472154224475914,20.931284999998752,4.004054400000314,163.99516399999993,43.0,21.0,4.0,12.0,3.0,0.0,0.0,0.2622028537378091,20.01038900000276,3.9046467619047602,81.00367399999959,28.0,14.0,4.0,10.0,2.5,0.0,0.0,0.3456633337396541,25.955500000003667,3.000136074074059,263.0825610000029,85.0,39.0,6.0,18.0,3.0,0.0,1.0,0.32309249110585886,13.931293999994523,3.1319352500000344,417.9673350000012,97.0,32.0,4.0,6.0,1.5,2.0,10.0,0.232075552028485,25.945536999999604,4.353826406250012,73.01754900000378,34.0,16.0,5.0,9.0,1.8,0.0,0.0,0.46564148572007313,20.034999999996217,2.2126530000001146,150.02714500000002,45.0,20.0,6.0,12.0,2.0,0.0,0.0,0.2999457198229027,35.01032000000123,3.4097078409090913,263.1305500000017,26.0,8.0,2.0,2.0,1.0,0.0,0.0,0.0988102673748823,40.88673999999446,10.525222000000067,221.03921999999875,70.0,29.0,7.0,15.0,2.142857142857143,0.0,6.0,0.31668588045144386,39.74485999999888,3.203466956521721,48.13463000000047,27.0,12.0,7.0,9.0,1.2857142857142858,0.0,0.0,0.5609267174173715,13.778760000001057,1.8513319230769412,294.90378999999666,108.0,43.0,14.0,30.0,2.142857142857143,0.0,10.0,0.36622113266160883,27.027470000000903,2.7561101869158566,99.9927400000015,46.0,20.0,7.0,13.0,1.8571428571428572,0.0,4.0,0.46003339842471874,13.778760000001057,2.2220608888889224,151.61057000000437,54.0,20.0,10.0,14.0,1.4,0.0,7.0,0.3561756940825329,27.027470000000903,2.8605767924529126,279.30371999999625,94.0,38.0,12.0,24.0,2.0,0.0,10.0,0.33655119237223646,39.74485999999888,3.0032658064515725,7.755110000005516,11.0,6.0,6.0,5.0,0.8333333333333334,0.0,0.0,1.4184195968841418,1.9735700000019278,0.7755110000005516,2200.9302400000015,664.0,268.0,21.0,171.0,8.142857142857142,4.0,24.0,0.30169061605514563,59.0180210000035,3.3196534539969855,1568.9960750000027,478.0,204.0,13.0,118.0,9.076923076923077,2.0,11.0,0.3046534071157566,35.01032000000123,3.2892999475891043,716.7077500000014,173.0,66.0,16.0,39.0,2.4375,0.0,14.0,0.2413815115017239,40.88673999999446,4.166905523255822,3,middle-aged,12.0,9.0,5.0
305,24,401.1293239999941,538.0,202.0,24.0,178.0,7.416666666666667,0.0,14.0,1.3412133389679781,13.523683000006713,0.7469819813780151,133.67967200000567,126.0,50.0,5.0,30.0,6.0,0.0,0.0,0.9425516842979287,6.747284999997646,1.0694373760000453,227.21533600000112,119.0,55.0,4.0,30.0,7.5,0.0,0.0,0.5237322537066751,20.650329999996757,1.9255536949152636,707.6105890000035,453.0,180.0,14.0,136.0,9.714285714285714,0.0,8.0,0.6401826188612869,30.38776399999915,1.5655101526548751,59.887284999997064,121.0,45.0,12.0,43.0,3.5833333333333335,0.0,4.0,2.02046227341924,2.61128699999972,0.49906070833330884,232.47252599999774,180.0,62.0,14.0,53.0,3.7857142857142856,0.0,4.0,0.7742850439023566,16.56874699999753,1.2987291955307136,245.18151199999556,227.0,99.0,10.0,86.0,8.6,0.0,4.0,0.9258446860381712,10.057974999996077,1.0848739469026352,79.31705099999817,110.0,43.0,10.0,36.0,3.6,0.0,4.0,1.3868392560384342,6.164913000000524,0.7276793669724603,73.50098900000012,98.0,32.0,8.0,28.0,3.5,0.0,0.0,1.3333153925316548,7.280936000002839,0.7577421546391765,39.38693500000227,53.0,22.0,9.0,20.0,2.2222222222222223,0.0,0.0,1.3456238724845422,9.14805499999784,0.7574410576923513,81.27532099999371,106.0,38.0,10.0,31.0,3.1,0.0,0.0,1.3042089369294303,6.146020000000135,0.7740506761904162,200.98883699999715,111.0,43.0,6.0,34.0,5.666666666666667,0.0,0.0,0.5522694775332302,13.307564000002458,1.8271712454545195,245.8276229999974,361.0,167.0,11.0,149.0,13.545454545454545,0.0,2.0,1.4685086874879143,4.361617000002298,0.6828545083333262,418.9496130000043,435.0,159.0,10.0,136.0,13.6,0.0,0.0,1.0383110199936991,27.583288999994693,0.9653216889401022,111.28553900000406,142.0,53.0,9.0,39.0,4.333333333333333,0.0,0.0,1.275996875029691,6.885648999996192,0.7892591418440005,132.5268769999966,106.0,38.0,6.0,30.0,5.0,0.0,0.0,0.7998377566838968,34.12529899999936,1.262160733333301,516.9328849999947,403.0,147.0,18.0,111.0,6.166666666666667,0.0,5.0,0.7795983031723821,24.157014000003983,1.285902699004962,315.8289399999994,205.0,80.0,16.0,59.0,3.6875,0.0,2.0,0.6490855461187325,24.157014000003983,1.5481810784313697,475.59507499999745,416.0,157.0,19.0,127.0,6.684210526315789,0.0,5.0,0.874693666665918,24.157014000003983,1.1460122289156565,34.197456000001694,64.0,25.0,14.0,22.0,1.5714285714285714,0.0,0.0,1.8714842414007882,4.322924000000057,0.5428167619047888,26.902583000002778,41.0,16.0,7.0,14.0,2.0,0.0,0.0,1.5240172291261314,3.567347999996855,0.6725645750000695,130.34778099999676,116.0,47.0,4.0,38.0,9.5,0.0,1.0,0.8899269255684751,7.497015000000829,1.133458965217363,199.92979399999604,236.0,89.0,15.0,76.0,5.066666666666666,0.0,4.0,1.1804143608531137,7.497015000000829,0.850765080851047,10.20806199999788,32.0,12.0,11.0,11.0,1.0,0.0,0.0,3.1347771986501103,2.5824779999966267,0.3292923225805768,2487.4544449999958,2219.0,891.0,31.0,723.0,23.322580645161292,0.0,38.0,0.8920766386135782,30.38776399999915,1.1214853223624868,1820.165592999998,1876.0,739.0,20.0,616.0,30.8,0.0,2.0,1.0306754545931043,34.12529899999936,0.9707549829333322,556.1989699999976,476.0,175.0,21.0,136.0,6.476190476190476,0.0,5.0,0.8558088484054582,24.157014000003983,1.1709451999999951,4,young-old,12.0,12.0,3.0
306,24,323.8805709999979,174.0,68.0,19.0,61.0,3.210526315789474,0.0,0.0,0.5372350661935851,19.86901200000284,1.8721420289017219,141.4396540000016,26.0,6.0,2.0,4.0,2.0,4.0,2.0,0.18382397909429066,39.898526000004495,5.657586160000064,442.57708199999615,79.0,20.0,4.0,8.0,2.0,0.0,0.0,0.17849997935501027,72.97963399999571,5.674065153846104,430.76330099999905,82.0,24.0,6.0,17.0,2.8333333333333335,0.0,0.0,0.19035976326126303,56.04524300000048,5.318065444444433,73.22700700000132,73.0,31.0,11.0,30.0,2.727272727272727,0.0,0.0,0.9968999552309803,12.976667999995698,1.0170417638889073,133.39400300000125,30.0,12.0,5.0,10.0,2.0,0.0,0.0,0.2248976665015422,36.104394000001776,4.599793206896595,311.61899700000504,145.0,46.0,9.0,35.0,3.888888888888889,1.0,14.0,0.4653118115260401,16.343434000002162,2.164020812500035,78.88990000000194,29.0,11.0,5.0,9.0,1.8,0.0,0.0,0.3676009222980291,19.739215000001423,2.817496428571498,75.7513919999983,45.0,21.0,5.0,17.0,3.4,0.0,0.0,0.594048489564403,14.11786900000152,1.7216225454545069,43.548570999999356,36.0,13.0,7.0,11.0,1.5714285714285714,0.0,0.0,0.8266631756987051,4.732012000000395,1.2442448857142674,137.20832599999994,69.0,23.0,6.0,13.0,2.1666666666666665,0.0,0.0,0.5028849342568324,12.172458000000915,2.017769499999999,253.99022500000137,74.0,23.0,3.0,9.0,3.0,0.0,0.0,0.2913497950560877,20.22650400000566,3.4793181506849504,203.39103200000682,94.0,38.0,6.0,29.0,4.833333333333333,0.0,2.0,0.4621639365102236,15.387650000004214,2.187000344086095,409.1787289999993,151.0,31.0,6.0,13.0,2.1666666666666665,5.0,6.0,0.3690318907071053,29.046360000000277,2.727858193333329,66.17048699999577,30.0,11.0,7.0,8.0,1.1428571428571428,0.0,0.0,0.45337432683549567,16.57021900000109,2.281740931034337,184.69976499999757,51.0,18.0,5.0,10.0,2.0,0.0,0.0,0.27612379474332666,39.08363399999507,3.6939952999999512,363.5315120000014,184.0,68.0,15.0,58.0,3.8666666666666667,4.0,9.0,0.5061459431335331,26.01912699999957,1.9865109945355266,297.0492959999974,161.0,57.0,10.0,46.0,4.6,4.0,15.0,0.5419975814384741,19.69533799999772,1.8565580999999838,276.83694199999445,150.0,53.0,13.0,45.0,3.4615384615384617,4.0,9.0,0.5418352005925676,19.69533799999772,1.857966053691238,18.320598999998765,15.0,7.0,5.0,5.0,1.0,0.0,2.0,0.8187505222946592,3.524943999997049,1.308614214285626,7.083857999998145,5.0,1.0,1.0,0.0,0.0,0.0,2.0,0.7058300716927569,3.501205000000482,1.7709644999995362,157.05335800000466,78.0,30.0,7.0,27.0,3.857142857142857,2.0,5.0,0.4966464964091865,19.69533799999772,2.0396540000000605,124.7253950000013,91.0,37.0,10.0,30.0,3.0,0.0,7.0,0.7296028206605323,5.406954999998561,1.3858377222222367,2.857370000005176,4.0,4.0,4.0,3.0,0.75,0.0,0.0,1.3998887088451109,1.7106820000044536,0.9524566666683919,2455.7398950000024,878.0,306.0,22.0,256.0,11.636363636363637,5.0,16.0,0.35752972120037946,72.97963399999571,2.800159515393389,1740.8383929999982,672.0,216.0,16.0,147.0,9.1875,5.0,8.0,0.3860208981500793,39.08363399999507,2.5943940283159437,418.50461400000495,224.0,86.0,17.0,72.0,4.235294117647059,4.0,15.0,0.5352390212835201,26.01912699999957,1.8767023049327576,3,middle-aged,13.0,9.0,4.0
307,22,434.9625309999974,156.0,68.0,19.0,61.0,3.210526315789474,0.0,0.0,0.35865158233595285,23.94017999999778,2.806209877419338,206.99451199999748,46.0,12.0,1.0,0.0,0.0,3.0,2.0,0.22222811395115905,35.99076899999636,4.598804288888803,174.0407750000013,42.0,14.0,1.0,0.0,0.0,0.0,0.0,0.24132275899138972,28.025159999997413,4.244896951219544,549.9634320000041,112.0,32.0,7.0,15.0,2.142857142857143,0.0,0.0,0.2036499037630545,51.03247099999862,4.954625513513551,52.95446200000151,55.0,24.0,10.0,21.0,2.1,0.0,0.0,1.0386282462844856,8.958958999995957,0.9806381851852132,181.9706010000009,107.0,52.0,11.0,49.0,4.454545454545454,0.0,0.0,0.5880070704388094,15.936069999996107,1.7161691320754884,298.0177790000016,76.0,22.0,6.0,11.0,1.8333333333333333,0.0,12.0,0.255018342378827,33.97443100000237,3.973570386666688,63.07954900000186,41.0,17.0,7.0,15.0,2.142857142857143,0.0,4.0,0.6499729413093741,14.040560000001278,1.5769887250000465,44.00280099999509,24.0,11.0,4.0,9.0,2.25,0.0,0.0,0.5454198245244133,5.076133000002301,1.9131652608693517,43.962132000000565,22.0,8.0,5.0,6.0,1.2,0.0,0.0,0.500430688848296,7.96386199999688,2.093434857142884,252.94814400000178,88.0,20.0,5.0,13.0,2.6,0.0,0.0,0.3478973935463997,15.067395999998553,2.907449931034503,225.05300200000056,35.0,12.0,1.0,0.0,0.0,0.0,0.0,0.15551892082736987,33.98199900000327,6.619205941176487,167.0029380000051,41.0,13.0,5.0,10.0,2.0,0.0,2.0,0.24550466291795867,58.97404400000232,4.175073450000127,267.9430999999968,103.0,18.0,2.0,1.0,0.5,2.0,8.0,0.38440997361007334,31.00257699999929,2.6268931372548705,54.0426609999995,25.0,10.0,6.0,5.0,0.8333333333333334,0.0,0.0,0.46259750236947494,11.0595869999961,2.251777541666646,538.0147169999982,115.0,42.0,4.0,5.0,1.25,0.0,0.0,0.21374879973775956,54.01690599999711,4.718928114035072,219.7560999999987,78.0,35.0,11.0,22.0,2.0,0.0,0.0,0.35493895277537446,24.301989999999932,2.8539753246753077,,,,,,,,,,,,4.111290000000736,7.0,4.0,4.0,3.0,0.75,0.0,0.0,1.7026286153491355,2.993660000000091,0.6852150000001226,,,,,,,,,,,,68.39898999999423,40.0,13.0,7.0,10.0,1.4285714285714286,0.0,7.0,0.5848039569005825,6.725910000001022,1.7538202564101084,92.42108000000007,26.0,11.0,3.0,8.0,2.6666666666666665,0.0,3.0,0.2813211012033183,17.44895999999426,3.696843200000003,161.38317000000097,55.0,22.0,7.0,18.0,2.5714285714285716,0.0,8.0,0.3408038149207236,17.44895999999426,2.9885772222222404,219.67618999999831,121.0,50.0,12.0,42.0,3.5,0.0,6.0,0.5508107182667403,18.82216999999946,1.8306349166666527,2731.0353190000023,836.0,313.0,21.0,216.0,10.285714285714286,3.0,18.0,0.3061110173800719,60.004086000000825,3.2707009808383263,2377.963128999996,624.0,195.0,14.0,87.0,6.214285714285714,2.0,10.0,0.26240945134519833,58.97404400000232,3.8169552632423693,673.7267399999982,287.0,121.0,25.0,96.0,3.84,0.0,16.0,0.42598873246444213,24.301989999999932,2.355687902097896,4,young-old,14.0,16.0,4.0
308,16,95.42897000000085,54.0,25.0,13.0,23.0,1.7692307692307692,0.0,0.0,0.565865900051101,10.61757000000216,1.8005466037736009,266.7225499999986,29.0,10.0,3.0,2.0,0.6666666666666666,1.0,1.0,0.10872721485303793,34.940999999998894,9.525805357142806,291.46909000000596,74.0,32.0,2.0,14.0,7.0,0.0,0.0,0.2538862697241704,44.02595000000292,3.9927272602740542,606.8907800000015,144.0,52.0,6.0,30.0,5.0,0.0,0.0,0.23727498381174886,45.7528999999995,4.24399146853148,69.82688000000053,53.0,25.0,10.0,22.0,2.2,0.0,1.0,0.7590200220889091,10.656999999999243,1.3428246153846255,194.88236999999936,92.0,43.0,8.0,34.0,4.25,0.0,0.0,0.4720796447621214,13.958079999996698,2.1415645054944985,467.0699800000002,152.0,62.0,7.0,50.0,7.142857142857143,0.0,2.0,0.32543303254043415,36.0301399999953,3.09317867549669,131.83728999999585,55.0,25.0,9.0,19.0,2.111111111111111,0.0,3.0,0.41718090534174157,17.12909999999829,2.4414312962962192,81.52348999999958,42.0,20.0,7.0,14.0,2.0,0.0,0.0,0.5151889351155136,8.56311999999889,1.9883778048780387,39.38208999999915,17.0,9.0,4.0,6.0,1.5,0.0,0.0,0.4316683040438018,14.385180000004766,2.461380624999947,94.46991999999591,38.0,17.0,5.0,11.0,2.2,0.0,0.0,0.40224443928820564,8.968690000001516,2.5532410810809707,478.56586000000243,184.0,76.0,18.0,45.0,2.5,0.0,0.0,0.3844820857049834,24.751860000003944,2.6151139890710517,222.87013999999908,57.0,23.0,8.0,15.0,1.875,0.0,1.0,0.25575431504642226,26.010129999995115,3.9798239285714123,408.23195000000123,81.0,27.0,5.0,14.0,2.8,4.0,6.0,0.19841661094875046,34.066230000004,5.102899375000016,179.82443999999668,59.0,25.0,6.0,13.0,2.1666666666666665,0.0,0.0,0.3280977824816309,18.239110000002256,3.1004213793102875,436.1177599999937,119.0,50.0,5.0,14.0,2.8,0.0,0.0,0.2728620820211534,24.011700000002747,3.6959132203389298,,,,,,,,,,,,,,,,,,,,,,,,,,,,,,,,,,,,,,,,,,,,,,,,,,,,,,,,,,,,,,,,,,,,,,,,,,,,,,,,,,,,,,,,,2742.8206199999986,852.0,361.0,19.0,260.0,13.68421052631579,1.0,7.0,0.3106291362210922,45.7528999999995,3.2230559576968254,2518.288959999998,818.0,340.0,27.0,193.0,7.148148148148148,4.0,7.0,0.3248237247563523,34.066230000004,3.0823610281517726,,,,,,,,,,,,5,old-old,16.0,,
309,24,219.92138400000113,105.0,47.0,9.0,43.0,4.777777777777778,0.0,0.0,0.477443339479891,12.934657999998308,2.1146286923077033,162.02971300000354,26.0,5.0,1.0,0.0,0.0,4.0,2.0,0.16046439581115243,50.002183999997214,6.481188520000142,356.0369869999995,61.0,25.0,4.0,6.0,1.5,0.0,0.0,0.17133051404010474,77.04074799999944,5.933949783333325,464.96638800000073,68.0,20.0,4.0,11.0,2.75,0.0,0.0,0.14624713044849147,67.9635999999955,6.939796835820906,62.05999499999598,54.0,26.0,9.0,23.0,2.5555555555555554,0.0,0.0,0.8701257549247868,6.0032280000014,1.1709433018867166,137.02320899999904,22.0,8.0,5.0,6.0,1.2,0.0,0.0,0.16055674188742838,38.00304799999867,6.524914714285669,425.9163589999953,113.0,45.0,7.0,21.0,3.0,0.0,4.0,0.2653103070877849,30.00202100000024,3.8028246339285294,53.03295900000376,32.0,14.0,5.0,10.0,2.0,0.0,1.0,0.603398350825526,21.075949999998556,1.710740612903347,69.01837899999373,31.0,15.0,4.0,11.0,2.75,0.0,0.0,0.449155724158674,12.045502000000852,2.3006126333331243,28.03313799999887,13.0,6.0,3.0,3.0,1.0,0.0,0.0,0.4637368816862573,15.03084300000046,2.3360948333332394,171.99127900000167,64.0,29.0,4.0,13.0,3.25,0.0,0.0,0.37211189062672984,11.06829899999866,2.730020301587328,215.07191199999943,30.0,11.0,2.0,1.0,0.5,0.0,0.0,0.13948822847680864,48.96385100000043,7.416272827586187,126.01598000000376,41.0,17.0,6.0,10.0,1.6666666666666667,0.0,2.0,0.32535556204854954,27.977998000002117,3.1485781000001225,364.00913500000024,104.0,34.0,4.0,7.0,1.75,1.0,12.0,0.28570711556455836,23.955838000001677,3.5340692718446625,94.9940659999993,41.0,16.0,6.0,6.0,1.0,0.0,0.0,0.43160590683633127,14.032972999993945,2.3748516499999823,68.0037169999996,27.0,13.0,5.0,6.0,1.2,0.0,0.0,0.3970371207797386,11.028862999999546,2.6155275769230615,191.07330000000366,39.0,18.0,4.0,12.0,3.0,0.0,0.0,0.2041101503977754,21.01064000000042,5.028244736842201,254.56779999999708,108.0,45.0,5.0,37.0,7.4,0.0,6.0,0.42424847133062876,12.000339999998687,2.3791383177569823,270.6785600000003,162.0,73.0,13.0,62.0,4.769230769230769,0.0,6.0,0.5984958690485122,12.000339999998687,1.6812332919254676,503.2068799999979,214.0,94.0,15.0,79.0,5.266666666666667,0.0,8.0,0.425272404860603,21.01064000000042,2.362473615023464,228.24923999999737,122.0,54.0,10.0,44.0,4.4,0.0,6.0,0.5345034226620049,12.000339999998687,1.886357355371879,105.92019000000437,38.0,15.0,3.0,9.0,3.0,0.0,3.0,0.35876068575781855,11.687780000000203,2.862707837837956,273.7542600000015,138.0,58.0,10.0,49.0,4.9,0.0,7.0,0.50410174438929,12.000339999998687,1.998206277372274,132.34703000000445,40.0,19.0,10.0,14.0,1.4,0.0,0.0,0.3022357207411353,19.382189999996626,3.393513589743704,2275.989739000004,579.0,228.0,16.0,155.0,9.6875,4.0,7.0,0.25439482001109276,77.04074799999944,3.93769851038063,1448.0841929999951,425.0,168.0,13.0,84.0,6.461538461538462,1.0,14.0,0.2934912224402697,48.96385100000043,3.4152929080188565,648.6453900000051,262.0,117.0,20.0,97.0,4.85,0.0,8.0,0.4039186958532118,21.01064000000042,2.4852313793103646,6,other medical,9.0,,
310,8,268.1148200000025,110.0,48.0,18.0,40.0,2.2222222222222223,0.0,0.0,0.4102719872030907,18.55989799999952,2.457011211009182,232.9759830000039,35.0,9.0,1.0,0.0,0.0,4.0,4.0,0.15023007757842324,48.90652699999919,6.8499707352940975,204.2433200000014,30.0,13.0,3.0,5.0,1.6666666666666667,0.0,0.0,0.14688362880117595,33.449937000004866,7.042873103448324,530.0420100000047,79.0,22.0,7.0,11.0,1.5714285714285714,0.0,0.0,0.14904478986486241,69.29886600000464,6.795410384615445,70.34331699999893,62.0,25.0,10.0,24.0,2.4,0.0,0.0,0.8813914760374598,7.724554000000353,1.1485039508196841,201.81810000000405,40.0,17.0,6.0,12.0,2.0,0.0,0.0,0.1981982785488477,69.0187900000019,5.174823076923181,371.05805699999473,111.0,39.0,7.0,15.0,2.142857142857143,0.0,8.0,0.2991445621675359,27.787038000002212,3.3732550636363157,126.03989899999578,67.0,33.0,7.0,25.0,3.5714285714285716,0.0,1.0,0.5315777030256288,16.247699999999895,1.9096954393938754,,,,,,,,,,,,,,,,,,,,,,,,,,,,,,,,,,,,,,,,,,,,,,,,,,,,,,,,,,,,,,,,,,,,,,,,,,,,,,,,,,,,,,,,,,,,,,,,,,,,,,,,,,,,,,,,,,,,,,,,,,,,,,,,,,,,,,,,,,,,,,,,,,,,,,,,,,,,,,,,,,,,,,,,,,,,,,,,,2700.8405149999962,741.0,294.0,21.0,199.0,9.476190476190476,4.0,13.0,0.27435903596847555,69.29886600000464,3.6497844797297248,,,,,,,,,,,,,,,,,,,,,,,7,at risk,16.0,,
311,24,326.27615700000024,261.0,99.0,20.0,89.0,4.45,0.0,0.0,0.7999358653718599,8.018824999999197,1.2549082961538471,74.2075479999985,30.0,8.0,2.0,2.0,1.0,4.0,2.0,0.40427154391357345,11.315291999999317,2.5588809655171896,160.26612499999464,47.0,16.0,2.0,12.0,6.0,0.0,0.0,0.29326222244408523,13.97434699999576,3.4840461956520574,461.31457500000397,138.0,38.0,6.0,25.0,4.166666666666667,0.0,0.0,0.2991451115542985,21.68850299999758,3.3672596715328758,53.60171700000501,78.0,32.0,12.0,29.0,2.4166666666666665,0.0,0.0,1.455177266056472,3.3286240000015823,0.6961261948052598,65.9442280000003,46.0,19.0,8.0,15.0,1.875,0.0,0.0,0.6975591555943274,5.711664999995264,1.4654272888888955,643.4829329999993,278.0,97.0,9.0,68.0,7.555555555555555,4.0,14.0,0.4320238902124857,34.98833200000081,2.3230430794223804,111.0964310000054,55.0,21.0,7.0,17.0,2.4285714285714284,0.0,1.0,0.49506540853681724,11.939379999996163,2.0573413148149147,101.90400800000498,38.0,17.0,5.0,12.0,2.4,0.0,0.0,0.37289995502432194,19.95387500000652,2.754162378378513,44.643175999997766,33.0,9.0,6.0,6.0,1.0,0.0,0.0,0.7391947203756661,6.773944000000483,1.3950992499999302,132.3712549999982,102.0,31.0,6.0,26.0,4.333333333333333,0.0,0.0,0.7705600434172917,6.168710999998439,1.310606485148497,118.93026800000371,43.0,16.0,2.0,8.0,4.0,0.0,0.0,0.36155640379115817,9.203707000000577,2.831673047619136,238.88523599999462,82.0,29.0,9.0,20.0,2.2222222222222223,0.0,2.0,0.3432610628142873,14.062928999999713,2.949200444444378,341.5741380000036,193.0,42.0,5.0,27.0,5.4,4.0,4.0,0.5650310680136972,10.889106000002357,1.7790319687500187,198.64854300000297,70.0,25.0,7.0,15.0,2.142857142857143,0.0,0.0,0.3523811397901819,20.35783200000151,2.878964391304391,182.73505099999602,65.0,23.0,5.0,17.0,3.4,0.0,0.0,0.3557062514514603,38.35278200000175,2.855235171874938,457.2991669999974,205.0,85.0,17.0,62.0,3.6470588235294117,0.0,2.0,0.4482842191575677,14.57513299999846,2.2416625833333206,232.85259499999665,106.0,28.0,12.0,20.0,1.6666666666666667,0.0,11.0,0.4552236147507891,17.608705999999074,2.2176437619047302,10.918566000000283,9.0,4.0,3.0,3.0,1.0,0.0,0.0,0.8242840680726541,4.475011000002269,1.3648207500000353,81.2432919999992,59.0,26.0,16.0,24.0,1.5,0.0,2.0,0.7262138023653766,6.315263999997114,1.4007464137930896,600.2784269999975,242.0,86.0,8.0,56.0,7.0,0.0,8.0,0.4031462553292808,17.608705999999074,2.4907818547717735,92.80903599999874,32.0,7.0,3.0,4.0,1.3333333333333333,0.0,4.0,0.34479401337602983,17.608705999999074,2.9938398709677014,681.6894389999943,302.0,111.0,19.0,80.0,4.2105263157894735,0.0,11.0,0.44301698504090004,17.608705999999074,2.2647489667773897,30.095915999998397,31.0,17.0,16.0,16.0,1.0,0.0,1.0,1.030040089160325,5.525301000001491,1.0031971999999465,2493.485959000005,1272.0,427.0,22.0,334.0,15.181818181818182,8.0,17.0,0.5101292010122754,34.98833200000081,1.9618300228166838,1667.379903000001,797.0,235.0,15.0,168.0,11.2,4.0,6.0,0.47799544576854575,38.35278200000175,2.0946983706030164,707.169710999995,317.0,115.0,19.0,83.0,4.368421052631579,0.0,13.0,0.44826580532095534,17.608705999999074,2.237878832278465,6,other medical,13.0,,
312,24,153.24492299999838,103.0,33.0,9.0,28.0,3.111111111111111,0.0,0.0,0.6721266713677757,9.404946999995445,1.502401205882337,322.4481960000048,103.0,35.0,5.0,23.0,4.6,6.0,2.0,0.31943115600497407,28.089483000003383,3.161256823529459,312.8116250000021,84.0,31.0,4.0,21.0,5.25,0.0,0.0,0.26853221967054275,23.94608600000356,3.76881475903617,587.8506439999983,211.0,69.0,11.0,49.0,4.454545454545454,0.0,0.0,0.35893470927285503,34.854842000000644,2.7992887809523728,107.42841500000213,61.0,26.0,14.0,23.0,1.6428571428571428,0.0,0.0,0.5678199757484906,11.41469700000016,1.790473583333369,175.21643700000277,40.0,15.0,3.0,6.0,2.0,0.0,0.0,0.22828908454518662,31.549095000002126,4.492729153846225,684.0842289999928,238.0,80.0,8.0,49.0,6.125,1.0,10.0,0.34791037406009623,36.013458000001265,2.8864313459915305,53.33834800000477,35.0,14.0,6.0,9.0,1.5,0.0,2.0,0.6561883018948557,4.92786000000342,1.568774941176611,351.4533370000063,133.0,56.0,11.0,44.0,4.0,0.0,0.0,0.37842861625751933,19.65078899999935,2.662525280303078,88.68834800000332,55.0,16.0,6.0,11.0,1.8333333333333333,0.0,0.0,0.620149109102787,8.473164000002726,1.6423768148148763,299.6482939999987,169.0,41.0,6.0,24.0,4.0,0.0,0.0,0.5639945342054934,11.120412000003853,1.78362079761904,391.14620199999626,157.0,61.0,16.0,47.0,2.9375,0.0,0.0,0.40138444192282224,26.864642000000458,2.507347448717925,276.860692000002,134.0,57.0,7.0,43.0,6.142857142857143,0.0,0.0,0.4839979234032942,13.016841999997268,2.08165933834588,589.0902620000052,261.0,60.0,9.0,36.0,4.0,4.0,4.0,0.44305604223346967,22.11477300000115,2.2657317769230967,128.4853230000008,52.0,21.0,7.0,15.0,2.142857142857143,0.0,0.0,0.4047154864528743,12.486079999995127,2.5193200588235447,343.0034200000009,87.0,33.0,5.0,17.0,3.4,0.0,0.0,0.25364178584574976,32.71204299999954,3.988411860465127,565.9266949999947,155.0,56.0,3.0,33.0,11.0,0.0,0.0,0.27388706235177945,32.74618900000496,3.674848668831134,447.0007800000021,159.0,57.0,10.0,34.0,3.4,0.0,11.0,0.355704077294897,32.55703400000493,2.829118860759507,17.51563499999611,17.0,8.0,6.0,7.0,1.1666666666666667,0.0,0.0,0.9705614441042975,5.038227000004554,1.0947271874997568,527.9186429999972,186.0,66.0,11.0,39.0,3.5454545454545454,0.0,11.0,0.35232701566101154,32.55703400000493,2.8536142864864718,14.475939000003564,7.0,3.0,2.0,1.0,0.5,0.0,0.0,0.4835610318610956,9.43183400000271,2.412656500000594,347.0597560000024,106.0,36.0,3.0,17.0,5.666666666666667,0.0,7.0,0.30542290820949947,32.55703400000493,3.305331009523832,500.0679109999983,187.0,71.0,15.0,47.0,3.1333333333333333,0.0,9.0,0.3739492094704726,32.55703400000493,2.688537155913969,9.607717999999295,19.0,9.0,9.0,8.0,0.8888888888888888,0.0,0.0,1.9775767773368655,2.1398540000009234,0.533762111111072,3036.687481000001,1230.0,447.0,33.0,335.0,10.151515151515152,7.0,16.0,0.4050466199422514,36.013458000001265,2.4708604401952816,3029.0889520000055,1216.0,404.0,27.0,282.0,10.444444444444445,4.0,4.0,0.40144083560078886,49.87545600000158,2.493077326748976,1124.311563999996,387.0,143.0,18.0,95.0,5.277777777777778,0.0,11.0,0.34421063732828544,32.74618900000496,2.912724259067347,2,MCI,24.0,11.0,4.0
313,3,409.0138599999991,211.0,95.0,26.0,89.0,3.423076923076923,0.0,3.0,0.5158749388101431,20.27599000000191,1.9476850476190435,,,,,,,,,,,,,,,,,,,,,,,,,,,,,,,,,,276.28841999999713,103.0,43.0,12.0,30.0,2.5,0.0,0.0,0.37279883101869077,15.143989999996847,2.708709999999972,,,,,,,,,,,,,,,,,,,,,,,,,,,,,,,,,,,,,,,,,,,,,147.2606900000028,70.0,25.0,16.0,21.0,1.3125,0.0,1.0,0.47534749429734896,26.035799999997835,2.134212898550765,,,,,,,,,,,,,,,,,,,,,,,,,,,,,,,,,,,,,,,,,,,,,,,,,,,,,,,,,,,,,,,,,,,,,,,,,,,,,,,,,,,,,,,,,,,,,,,,,,,,,,,,,,,,,,,,,,,,,,,,,,,,,,,,,,,,,,,,,,,,,,,,,,,,,,,,,,,806.4420499999978,349.0,153.0,26.0,134.0,5.153846153846154,0.0,3.0,0.4327651317289332,50.510300000001735,2.317362212643672,147.2606900000028,70.0,25.0,16.0,21.0,1.3125,0.0,1.0,0.47534749429734896,26.035799999997835,2.134212898550765,,,,,,,,,,,,1,dementia,6.0,,
314,23,184.01130399999602,153.0,71.0,25.0,66.0,2.64,0.0,1.0,0.8314706579113385,9.11018900000272,1.2106006842105002,240.3700749999989,149.0,62.0,16.0,49.0,3.0625,4.0,5.0,0.6198774951499294,14.94523399999889,1.6241221283783709,216.33658899999864,55.0,23.0,3.0,13.0,4.333333333333333,0.0,0.0,0.25423346209826925,21.349606999996467,4.006233129629605,461.4522330000036,119.0,42.0,5.0,25.0,5.0,0.0,0.0,0.2578815129495734,21.589598999998998,3.9106121440678274,54.96348399999988,48.0,20.0,9.0,17.0,1.8888888888888888,0.0,0.0,0.8733070851185508,13.40976899999805,1.1694358297872316,123.77402799999982,78.0,34.0,8.0,32.0,4.0,0.0,0.0,0.6301806708593188,7.5175880000024335,1.6074549090909067,424.827830000002,151.0,51.0,7.0,38.0,5.428571428571429,3.0,12.0,0.35543810771530504,20.113744999995106,2.8321855333333468,159.56895699999586,76.0,33.0,8.0,26.0,3.25,0.0,2.0,0.47628311564386533,26.622222000005422,2.127586093333278,217.23935200000415,146.0,64.0,16.0,59.0,3.6875,0.0,1.0,0.6720697638611867,10.158395999998902,1.4982024275862356,40.34399699999631,20.0,5.0,3.0,3.0,1.0,0.0,0.0,0.49573670154699423,11.209953000005044,2.1233682631577,143.0700130000041,88.0,32.0,7.0,28.0,4.0,0.0,0.0,0.6150834696575967,6.782516999999643,1.6444829080460241,200.75071300000127,68.0,28.0,9.0,21.0,2.3333333333333335,0.0,2.0,0.3387285603314374,39.790264999996,2.9962792985074818,184.2824860000037,74.0,33.0,7.0,26.0,3.7142857142857144,0.0,0.0,0.40155742201132727,9.451445999999123,2.5244176164384067,442.1611050000065,214.0,53.0,12.0,33.0,2.75,5.0,10.0,0.4839864872329665,11.487231999999494,2.0758737323943968,143.1257059999989,64.0,29.0,7.0,20.0,2.857142857142857,0.0,0.0,0.4471593663265528,12.22847599999659,2.271836603174586,168.36856999999873,110.0,46.0,16.0,39.0,2.4375,0.0,4.0,0.6533285873960968,10.61073100000067,1.544665779816502,213.43185500000254,172.0,70.0,25.0,64.0,2.56,0.0,0.0,0.8058778292490498,14.520102000002225,1.2481395029239915,296.0963389999961,211.0,85.0,26.0,79.0,3.0384615384615383,0.0,3.0,0.7126059062824238,15.952614000001631,1.409982566666648,291.90135700000246,230.0,89.0,29.0,83.0,2.8620689655172415,4.0,5.0,0.7879374127061631,10.762285999997403,1.2746784148471724,407.06790799999726,322.0,129.0,35.0,121.0,3.4571428571428573,4.0,5.0,0.791022808901954,15.952614000001631,1.2681243239875304,,,,,,,,,,,,111.1572490000035,76.0,28.0,13.0,24.0,1.8461538461538463,0.0,1.0,0.6837160930457861,10.716899999999441,1.4820966533333801,187.1567189999987,159.0,59.0,19.0,54.0,2.8421052631578947,4.0,4.0,0.8495553931996483,10.716899999999441,1.1845361962025234,53.43527699999686,21.0,10.0,6.0,8.0,1.3333333333333333,0.0,0.0,0.3929988048906574,15.952614000001631,2.671763849999843,2360.8958749999983,1121.0,463.0,35.0,387.0,11.057142857142857,7.0,20.0,0.4748197545984533,26.622222000005422,2.1079427455357127,1978.9388370000015,1030.0,396.0,26.0,332.0,12.76923076923077,5.0,17.0,0.5204809672447694,39.790264999996,1.9231669941690976,545.7830810000014,420.0,169.0,38.0,157.0,4.131578947368421,4.0,5.0,0.7695364964968544,15.952614000001631,1.3025849188544185,4,young-old,12.0,13.0,3.0
315,19,409.98561699999846,158.0,72.0,18.0,59.0,3.2777777777777777,0.0,0.0,0.38537937295493124,19.034754000000248,2.611373356687888,271.08690999999817,32.0,10.0,1.0,0.0,0.0,5.0,2.0,0.11804332418706685,117.06329499999993,8.744739032258005,400.93079299999954,52.0,22.0,3.0,3.0,1.0,0.0,0.0,0.12969819457095194,77.03804300000047,7.861388098039207,495.914297000003,81.0,28.0,4.0,7.0,1.75,0.0,0.0,0.16333467393459622,68.00422000000253,6.198928712500037,128.0089949999965,56.0,26.0,13.0,21.0,1.6153846153846154,0.0,0.0,0.43746925753148463,32.02991099999781,2.3274362727272093,,,,,,,,,,,,536.9876020000011,125.0,55.0,8.0,29.0,3.625,0.0,4.0,0.23278004843024244,36.052676999999676,4.3305451774193635,84.07382299999881,24.0,11.0,6.0,8.0,1.3333333333333333,0.0,2.0,0.28546340755790706,57.038948000001255,3.6553836086956006,117.91406899999856,92.0,45.0,22.0,38.0,1.7272727272727273,0.0,0.0,0.7802292023354832,19.936573999999382,1.2957589999999841,53.06083499999659,13.0,7.0,4.0,5.0,1.25,0.0,0.0,0.24500179840744754,22.943461999995634,4.421736249999715,184.91619999999966,47.0,23.0,4.0,15.0,3.75,0.0,0.0,0.2541691858257962,20.962814999998955,4.0199173913043404,355.03327100000024,47.0,21.0,3.0,5.0,1.6666666666666667,0.0,0.0,0.132381959210803,80.0223960000003,7.718114586956527,222.99622899999667,41.0,18.0,10.0,13.0,1.3,0.0,1.0,0.18385961136589718,56.00035999999818,5.574905724999917,415.9920820000043,89.0,32.0,5.0,6.0,1.2,3.0,10.0,0.21394637987364162,39.971630000000005,4.727182750000049,113.97862400000304,42.0,20.0,8.0,11.0,1.375,0.0,0.0,0.36849014776664507,13.992685999997775,2.7799664390244643,243.9577070000014,69.0,31.0,6.0,19.0,3.1666666666666665,0.0,2.0,0.2828359097505356,25.01034300000174,3.5876133382353146,524.7685299999939,105.0,48.0,12.0,30.0,2.5,0.0,1.0,0.20008821794249212,37.82878999999957,5.0458512499999415,,,,,,,,,,,,,,,,,,,,,,,,,,,,,,,,,,,,,,,,,,,,,849.4028299999991,247.0,109.0,22.0,81.0,3.6818181818181817,4.0,8.0,0.29079253244305797,37.82878999999957,3.4528570325203214,75.5992299999998,61.0,27.0,17.0,24.0,1.411764705882353,0.0,3.0,0.8068865251669912,13.160390000004554,1.2599871666666635,7.310640000003332,6.0,4.0,4.0,3.0,0.75,0.0,0.0,0.8207215784113655,2.6998600000006263,1.4621280000006665,2909.004810999999,687.0,293.0,20.0,173.0,8.65,5.0,8.0,0.2361632395388982,117.06329499999993,4.240531794460639,1895.936812,516.0,229.0,27.0,145.0,5.37037037037037,3.0,13.0,0.27216096904394094,80.0223960000003,3.681430702912621,868.9803699999975,255.0,114.0,24.0,86.0,3.5833333333333335,4.0,9.0,0.2934473652149366,37.82878999999957,3.4211825590551084,2,MCI,13.0,20.0,4.0
316,14,263.9444499999954,109.0,51.0,21.0,45.0,2.142857142857143,0.0,0.0,0.4129656827412052,26.300780000005034,2.44393009259255,204.269610000003,47.0,13.0,2.0,2.0,1.0,4.0,2.0,0.23008806841115184,27.776079999996,4.4406436956522395,,,,,,,,,,,,394.02414999999746,131.0,35.0,5.0,19.0,3.8,0.0,0.0,0.33246693127819915,19.11667000000307,3.0309549999999805,72.51822999999422,58.0,25.0,11.0,22.0,2.0,0.0,0.0,0.7997988919476472,9.30576000000292,1.2722496491227056,,,,,,,,,,,,369.13671000000613,122.0,40.0,8.0,26.0,3.25,0.0,10.0,0.3305008596950381,30.593919999999343,3.050716611570299,88.04367999999522,28.0,13.0,7.0,11.0,1.5714285714285714,0.0,0.0,0.3180239626512831,28.339770000005956,3.26087703703686,71.95194999999512,32.0,13.0,7.0,11.0,1.5714285714285714,0.0,0.0,0.4447412474575348,15.455119999998715,2.321030645161133,62.73281000000134,24.0,7.0,5.0,5.0,1.0,0.0,0.0,0.38257492371216095,13.130700000001525,2.727513478260928,258.60813000000053,97.0,34.0,7.0,24.0,3.4285714285714284,0.0,0.0,0.37508488228888937,14.787169999995967,2.6938346875000057,162.55215999999928,30.0,12.0,2.0,6.0,3.0,0.0,0.0,0.1845561449321875,23.352710000006482,5.605246896551699,297.8061600000001,93.0,38.0,5.0,27.0,5.4,0.0,0.0,0.3122836680074045,18.141179999998712,3.2370234782608707,560.4858200000017,174.0,41.0,7.0,21.0,3.0,2.0,8.0,0.3104449636210234,32.0653999999995,3.2398024277456745,70.15879999999743,38.0,16.0,7.0,11.0,1.5714285714285714,0.0,0.0,0.5416284200984252,7.968390000001818,1.8961837837837143,176.07325000000128,50.0,18.0,5.0,6.0,1.2,0.0,0.0,0.2839727215803629,24.36363999999594,3.5933316326530873,,,,,,,,,,,,,,,,,,,,,,,,,,,,,,,,,,,,,,,,,,,,,,,,,,,,,,,,,,,,,,,,,,,,,,,,,,,,,,,,,,,,,,,,,1779.2973599999968,640.0,228.0,21.0,170.0,8.095238095238095,4.0,12.0,0.3596925473997225,35.325049999999464,2.784502910798117,2173.3697699999975,698.0,214.0,14.0,137.0,9.785714285714286,2.0,8.0,0.3211602598116568,32.0653999999995,3.1181775753228087,,,,,,,,,,,,2,MCI,18.0,,
317,23,266.76114000000234,141.0,63.0,18.0,58.0,3.2222222222222223,0.0,0.0,0.5285627434340653,19.384879999997793,1.905436714285731,276.83264000000054,55.0,20.0,2.0,9.0,4.5,4.0,2.0,0.1986759942758191,54.45777000000089,5.12653037037038,327.48942000000534,70.0,29.0,3.0,14.0,4.666666666666667,0.0,0.0,0.21374736319725646,22.564100000003236,4.746223478260947,419.4181299999982,77.0,26.0,5.0,11.0,2.2,0.0,0.0,0.18358767657468772,37.988100000002305,5.518659605263134,62.98679000000266,59.0,26.0,10.0,24.0,2.4,0.0,0.0,0.936704347054319,4.242160000001604,1.0859791379310804,85.55717999999615,14.0,6.0,4.0,5.0,1.25,0.0,0.0,0.16363325672960036,57.692559999995865,6.581321538461243,287.1088400000008,107.0,36.0,8.0,27.0,3.375,0.0,9.0,0.37268096656306265,32.45195999999851,2.7085739622641585,58.046040000001085,19.0,7.0,5.0,6.0,1.2,0.0,1.0,0.32732637747552884,23.629690000001574,3.2247800000000604,,,,,,,,,,,,43.29342000000179,23.0,10.0,6.0,8.0,1.3333333333333333,0.0,0.0,0.5312585607697209,16.615640000003623,1.9678827272728086,126.34429000000091,82.0,30.0,6.0,21.0,3.5,0.0,0.0,0.649020228773294,5.913529999997991,1.5598060493827273,243.3683600000004,69.0,26.0,3.0,11.0,3.6666666666666665,0.0,0.0,0.2835208323711426,28.65207999999984,3.578946470588241,186.6614899999986,98.0,42.0,6.0,36.0,6.0,0.0,0.0,0.5250145597787779,12.090810000001511,1.9243452577319442,386.53080999999656,155.0,43.0,6.0,30.0,5.0,4.0,6.0,0.40100296273924807,15.540009999996983,2.5099403246753025,60.69692000000214,25.0,12.0,6.0,7.0,1.1666666666666667,0.0,0.0,0.4118825139726879,14.123760000002221,2.5290383333334225,74.61479999999574,31.0,14.0,5.0,8.0,1.6,0.0,0.0,0.4154671727325111,6.450080000002345,2.487159999999858,86.69466000000102,16.0,7.0,2.0,2.0,1.0,0.0,0.0,0.18455577310067092,17.450349999999162,5.779644000000068,186.03102999999828,58.0,20.0,8.0,15.0,1.875,0.0,8.0,0.3117759440454667,14.290419999997539,3.2637022807017244,381.42895000000135,148.0,60.0,21.0,46.0,2.1904761904761907,0.0,8.0,0.38801459616528705,17.450349999999162,2.5947547619047713,223.134530000003,84.0,33.0,11.0,25.0,2.272727272727273,0.0,8.0,0.3764545093043146,14.290419999997539,2.6883678313253374,42.57680000000255,15.0,7.0,5.0,6.0,1.2,0.0,2.0,0.35230454144038775,11.253830000001471,3.041200000000182,120.17209000000003,28.0,12.0,3.0,7.0,2.3333333333333335,0.0,3.0,0.23299919307386593,23.11768000000302,4.450818148148149,126.80154000000039,31.0,13.0,3.0,7.0,2.3333333333333335,0.0,3.0,0.2444765260737362,23.11768000000302,4.226718000000013,395.7977600000013,161.0,66.0,21.0,51.0,2.4285714285714284,0.0,8.0,0.40677339861650424,17.450349999999162,2.473736000000008,2117.4055799999987,667.0,265.0,19.0,203.0,10.68421052631579,4.0,12.0,0.3150081431257966,57.692559999995865,3.179287657657656,1421.5336899999966,613.0,224.0,16.0,168.0,10.5,4.0,6.0,0.43122439117148287,28.65207999999984,2.3227674673202556,556.6343100000013,197.0,81.0,21.0,60.0,2.857142857142857,0.0,12.0,0.35391278701451145,23.11768000000302,2.8399709693877617,4,young-old,14.0,14.0,2.0
318,20,186.99995999999737,73.0,35.0,20.0,31.0,1.55,0.0,0.0,0.3903744150533563,10.998163000000204,2.59722166666663,145.99873100000332,30.0,4.0,1.0,0.0,0.0,10.0,2.0,0.20548123805267401,44.001625000000786,5.0344390000001145,314.0479459999988,56.0,25.0,4.0,6.0,1.5,0.0,0.0,0.17831672110347194,30.00617599999532,5.709962654545432,570.9013070000001,90.0,29.0,4.0,15.0,3.75,0.0,0.0,0.1576454614772847,43.979934000002686,6.414621426966293,42.93250699999771,41.0,20.0,9.0,19.0,2.111111111111111,0.0,0.0,0.9549873246396299,6.026918999996269,1.0733126749999429,,,,,,,,,,,,469.91661900000327,106.0,43.0,6.0,13.0,2.1666666666666665,0.0,4.0,0.225571932794314,44.0305589999989,4.4753963714286025,64.07347899999877,23.0,10.0,8.0,9.0,1.125,0.0,1.0,0.35896287136211913,22.993212000001222,2.912430863636308,55.01702600000135,41.0,21.0,9.0,18.0,2.0,0.0,0.0,0.7452238512492295,5.910957000000053,1.3754256500000337,57.06539500000508,22.0,10.0,4.0,6.0,1.5,0.0,0.0,0.38552260963054824,8.967097999993712,2.717399761905004,,,,,,,,,,,,321.041416,61.0,26.0,2.0,2.0,1.0,0.0,0.0,0.1900066376482715,23.04996299999766,5.350690266666667,173.96442400000524,45.0,18.0,7.0,15.0,2.142857142857143,0.0,0.0,0.25867357799545637,27.937606999999844,3.953736909091028,627.9875270000048,111.0,37.0,4.0,7.0,1.75,1.0,14.0,0.17675510297197217,46.97518599999603,5.708977518181862,121.99928200000431,36.0,13.0,6.0,7.0,1.1666666666666667,0.0,0.0,0.29508370385326305,18.000622999999905,3.4856937714286946,157.90773500000068,77.0,33.0,13.0,28.0,2.1538461538461537,0.0,2.0,0.4876265244384619,10.960390000000189,2.0777333552631667,738.1841599999971,205.0,92.0,15.0,61.0,4.066666666666666,0.0,4.0,0.2777084785997045,42.02861999999732,3.6185498039215545,,,,,,,,,,,,405.8759399999981,149.0,67.0,15.0,48.0,3.2,0.0,4.0,0.36710724956990726,25.447119999997085,2.742404999999987,729.050860000003,202.0,91.0,15.0,61.0,4.066666666666666,0.0,4.0,0.27707257625345805,42.02861999999732,3.6271187064676766,361.5948900000003,118.0,53.0,11.0,36.0,3.272727272727273,0.0,4.0,0.3263320452343779,25.447119999997085,3.090554615384618,,,,,,,,,,,,85.13623999999982,49.0,25.0,10.0,19.0,1.9,0.0,0.0,0.5755480862203934,8.90345000000525,1.7736716666666628,8.115210000003572,9.0,5.0,5.0,4.0,0.8,0.0,0.0,1.1090286018471536,2.2818299999999,1.0144012500004465,2383.0739869999998,557.0,220.0,22.0,134.0,6.090909090909091,10.0,7.0,0.23373172760833802,53.00488899999618,4.286104293165467,2186.9739270000064,567.0,235.0,24.0,131.0,5.458333333333333,1.0,16.0,0.25926235013591836,49.96759600000223,3.8639115318021315,934.7210500000001,268.0,119.0,17.0,78.0,4.588235294117647,0.0,6.0,0.28671655570397175,42.02861999999732,3.5008279026217233,2,MCI,23.0,17.0,3.0
319,23,244.6159500000067,122.0,57.0,20.0,51.0,2.55,0.0,0.0,0.4987409856143749,17.754789999999048,2.021619421487659,243.57069000000047,43.0,15.0,2.0,4.0,2.0,4.0,2.0,0.1765401247580319,31.82007000000158,5.799302142857154,260.5123600000006,43.0,21.0,3.0,12.0,4.0,0.0,0.0,0.16505934689624668,51.48954999999842,6.202675238095253,592.1800799999983,110.0,41.0,6.0,25.0,4.166666666666667,0.0,0.0,0.1857543063589716,51.543689999998605,5.432844770642186,84.9444100000037,60.0,28.0,11.0,26.0,2.3636363636363638,0.0,0.0,0.7063443021147288,8.516830000000482,1.4397357627119272,142.50046000000293,28.0,13.0,2.0,7.0,3.5,0.0,0.0,0.19649059378474584,22.70570000000589,5.277794814814923,368.12571000000025,95.0,34.0,8.0,21.0,2.625,0.0,4.0,0.25806401840284376,20.603549999999814,3.9162309574468113,91.64994000000297,28.0,12.0,7.0,10.0,1.4285714285714286,0.0,1.0,0.30551029275086367,24.799980000003416,3.3944422222223323,80.4525599999979,44.0,22.0,9.0,17.0,1.8888888888888888,0.0,0.0,0.5469061518987233,19.848839999998745,1.8709897674418117,71.92377000000124,21.0,12.0,6.0,8.0,1.3333333333333333,0.0,0.0,0.29197579604071977,24.058899999996356,3.596188500000062,291.7537100000045,82.0,38.0,5.0,23.0,4.6,0.0,0.0,0.28105897950706005,22.384140000001935,3.6018976543210433,172.36267000000225,26.0,12.0,2.0,4.0,2.0,0.0,0.0,0.15084472757354978,39.53649000000587,6.89450680000009,178.79925999999978,43.0,19.0,6.0,12.0,2.0,0.0,1.0,0.24049316535202692,23.3443299999999,4.257125238095233,440.5941199999943,117.0,35.0,6.0,18.0,3.0,4.0,4.0,0.2655505252770997,23.57092000000557,3.7982251724137437,104.62040000000707,45.0,21.0,7.0,14.0,2.0,0.0,0.0,0.43012643805602885,32.339280000000144,2.377736363636524,256.7392299999992,80.0,38.0,6.0,22.0,3.6666666666666665,0.0,0.0,0.31160021785529324,20.020279999997,3.249863670886066,308.8958700000003,80.0,38.0,13.0,30.0,2.3076923076923075,0.0,0.0,0.2589869524639482,45.41263999999501,3.910074303797472,710.1675200000027,165.0,74.0,16.0,54.0,3.375,0.0,0.0,0.2323395471536059,45.41263999999501,4.330289756097577,10.240579999997863,10.0,6.0,6.0,5.0,0.8333333333333334,0.0,0.0,0.976507190022644,3.1046300000016345,1.1378422222219848,203.04706000000442,65.0,33.0,15.0,27.0,1.8,0.0,0.0,0.32012283260835483,39.31721000000107,3.172610312500069,,,,,,,,,,,,121.29606999999669,45.0,18.0,4.0,10.0,2.5,0.0,4.0,0.37099305855499876,19.114659999999276,2.7567288636362886,983.694309999999,273.0,120.0,24.0,92.0,3.8333333333333335,0.0,6.0,0.27752524053941136,45.41263999999501,3.616523198529408,4.185989999998128,7.0,7.0,7.0,6.0,0.8571428571428571,0.0,0.0,1.6722447975277366,1.4504899999956251,0.697664999999688,2595.1438800000033,682.0,290.0,23.0,216.0,9.391304347826088,4.0,7.0,0.26279853123211,78.17776000000595,3.810783964757714,1972.6492500000022,594.0,254.0,16.0,162.0,10.125,4.0,6.0,0.3011179002045089,39.53649000000587,3.326558600337272,987.8802999999971,279.0,126.0,26.0,98.0,3.769230769230769,0.0,6.0,0.282422880585837,45.41263999999501,3.5535262589927954,7,at risk,11.0,,
321,13,528.6220629999953,202.0,64.0,20.0,53.0,2.65,0.0,0.0,0.3821255564961196,24.28943799999979,2.6299605124377874,187.57483700000012,40.0,14.0,2.0,7.0,3.5,0.0,0.0,0.21324821942934688,46.75460100000055,4.809611205128208,320.1034839999993,92.0,27.0,2.0,13.0,6.5,0.0,0.0,0.2874070561506297,17.9602889999951,3.5176207032966955,,,,,,,,,,,,105.84001100000023,72.0,26.0,10.0,23.0,2.3,0.0,0.0,0.6802720381425493,10.307260000001406,1.4907043802816935,119.23542100000486,44.0,19.0,3.0,14.0,4.666666666666667,0.0,0.0,0.36901786089217736,16.705465999999433,2.7729167674419735,311.1946670000034,173.0,58.0,14.0,41.0,2.9285714285714284,2.0,16.0,0.5559221231769955,9.517205000003742,1.8092713197674615,170.97160100000474,96.0,40.0,16.0,34.0,2.125,0.0,2.0,0.5614967599209493,22.91552199999569,1.7997010631579446,146.57019699999364,60.0,27.0,6.0,18.0,3.0,0.0,0.0,0.4093601648089659,21.36871300000348,2.4842406271185364,57.159858999999415,31.0,8.0,4.0,5.0,1.25,0.0,0.0,0.5423386366296026,6.396629999995639,1.905328633333314,176.47801299999992,59.0,17.0,5.0,12.0,2.4,0.0,0.0,0.33431926729592104,19.5067099999942,3.042724362068964,189.96447500000068,47.0,16.0,2.0,8.0,4.0,0.0,0.0,0.2474146810870813,22.225130999999237,4.1296625000000144,,,,,,,,,,,,419.6675849999956,171.0,23.0,5.0,10.0,2.0,11.0,4.0,0.40746535141617335,19.111417000000074,2.4686328529411505,,,,,,,,,,,,318.5572000000029,100.0,40.0,5.0,18.0,3.6,0.0,0.0,0.3139153659060259,25.435139000001072,3.2177494949495244,,,,,,,,,,,,,,,,,,,,,,,,,,,,,,,,,,,,,,,,,,,,,,,,,,,,,,,,,,,,,,,,,,,,,,,,,,,,,,,,,,,,,,,,,3061.1366039999994,1142.0,376.0,30.0,274.0,9.133333333333333,2.0,18.0,0.37306404376326885,46.75460100000055,2.6828541665205954,2164.1794539999973,747.0,225.0,12.0,142.0,11.833333333333334,11.0,4.0,0.3451654614959675,25.435139000001072,2.901044844504018,,,,,,,,,,,,5,old-old,14.0,,
323,23,225.9970039999971,109.0,48.0,19.0,39.0,2.0526315789473686,0.0,0.0,0.48230727872835605,20.062403999996604,2.092564851851825,168.00642399999924,25.0,7.0,1.0,0.0,0.0,4.0,2.0,0.14880383383435453,49.99372900000162,7.000267666666635,,,,,,,,,,,,472.95660900000075,60.0,15.0,5.0,7.0,1.4,0.0,0.0,0.12686153202692618,52.90707000000111,8.01621371186442,52.91371699999581,50.0,24.0,9.0,23.0,2.5555555555555554,0.0,0.0,0.9449345620532377,6.067150000002584,1.0798717755101186,82.03415700000187,34.0,17.0,7.0,14.0,2.0,0.0,0.0,0.41446150290785855,45.940537999995286,2.485883545454602,220.01013399999647,51.0,21.0,6.0,8.0,1.3333333333333333,0.0,2.0,0.23180750392161853,25.994427999998152,4.400202679999929,58.0470770000029,30.0,15.0,8.0,11.0,1.375,0.0,0.0,0.5168218892399784,17.024750999997195,2.0016233448276863,70.02279599999747,42.0,18.0,7.0,15.0,2.142857142857143,0.0,0.0,0.5998046693251369,6.001236000003701,1.7065282682927252,35.06492100000469,11.0,5.0,3.0,3.0,1.0,0.0,0.0,0.31370382953375336,21.970714000002772,3.506492100000469,79.00133500000084,30.0,15.0,4.0,8.0,2.0,0.0,0.0,0.3797404183106486,8.990843999999925,2.72418396551727,139.98510800000076,21.0,10.0,2.0,1.0,0.5,0.0,0.0,0.15001595741169757,30.08981999999378,6.999255400000038,143.003896000002,47.0,22.0,7.0,18.0,2.5714285714285716,0.0,1.0,0.32866237434537693,16.939924999998766,3.10878034782613,265.94678600000043,56.0,17.0,3.0,3.0,1.0,2.0,4.0,0.21056844056013488,32.00383899999724,4.835396109090917,118.02490200000466,31.0,14.0,6.0,6.0,1.0,0.0,0.0,0.2626564349953773,25.079143999995722,3.934163400000155,489.0796679999985,70.0,30.0,6.0,7.0,1.1666666666666667,0.0,0.0,0.14312596613605336,37.99778499999957,7.086997507246332,181.80982999999833,23.0,11.0,2.0,4.0,2.0,0.0,0.0,0.12650581104443148,44.72060999999667,8.264083181818107,208.62387000000308,59.0,22.0,5.0,13.0,2.6,0.0,2.0,0.2828056060890785,26.646480000003066,3.596963275862122,32.65705999999773,25.0,13.0,9.0,11.0,1.2222222222222223,0.0,0.0,0.7655312511292118,6.86870999999519,1.3607108333332387,259.6979599999977,91.0,39.0,16.0,28.0,1.75,0.0,2.0,0.35040706519219794,26.646480000003066,2.8855328888888634,32.14579000000231,8.0,3.0,2.0,1.0,0.5,0.0,0.0,0.24886618123242346,14.585180000001856,4.592255714286044,66.41071999999986,11.0,4.0,2.0,1.0,0.5,0.0,1.0,0.16563590938330475,26.646480000003066,6.641071999999985,249.16313000000082,84.0,35.0,13.0,25.0,1.9230769230769231,0.0,2.0,0.337128531015001,26.646480000003066,3.001965421686757,2.54653999999573,5.0,4.0,4.0,3.0,0.75,0.0,0.0,1.9634484437740558,1.8325200000035693,0.6366349999989325,2002.0526400000017,451.0,174.0,21.0,132.0,6.285714285714286,4.0,4.0,0.22526880212300493,142.00652799999807,4.4490058666666705,1708.0469169999997,403.0,166.0,15.0,91.0,6.066666666666666,2.0,5.0,0.23594199666823326,37.99778499999957,4.248681783582085,441.507789999996,113.0,49.0,16.0,32.0,2.0,0.0,2.0,0.25594112393804197,44.72060999999667,3.9420338392856786,3,middle-aged,8.0,12.0,4.0
324,16,404.7797900000005,220.0,98.0,20.0,84.0,4.2,0.0,0.0,0.5435053958598074,11.138449999998556,1.8483095433789978,216.3672000000006,65.0,23.0,2.0,4.0,2.0,6.0,2.0,0.30041522005183696,14.667710000001534,3.3807375000000093,231.90323000000353,63.0,26.0,3.0,15.0,5.0,0.0,0.0,0.2716650389043699,29.045539999999164,3.7403746774194118,627.5791600000011,238.0,83.0,16.0,64.0,4.0,0.0,0.0,0.379235027498363,17.085070000000997,2.648013333333338,60.91406000000279,66.0,30.0,10.0,29.0,2.9,0.0,0.0,1.0834936958724632,3.9218800000016927,0.9371393846154276,132.85626999999658,48.0,21.0,5.0,18.0,3.6,0.0,0.0,0.36129269623482,20.313679999999295,2.8267291489360975,796.4505999999965,263.0,97.0,8.0,67.0,8.375,0.0,16.0,0.330215081764018,32.5546800000011,3.0398877862595284,92.71131000000605,60.0,29.0,9.0,24.0,2.6666666666666665,0.0,0.0,0.6471702319813633,7.296790000000328,1.571378135593323,100.48975000000064,62.0,28.0,12.0,27.0,2.25,0.0,0.0,0.616978348538031,13.032920000005106,1.6473729508196826,58.609010000000126,38.0,13.0,5.0,8.0,1.6,0.0,0.0,0.6483644750184301,8.509530000002997,1.5840272972973006,272.92109999999957,149.0,39.0,7.0,30.0,4.285714285714286,0.0,0.0,0.5459453299873123,15.885439999998198,1.8440614864864835,357.1094699999958,142.0,61.0,7.0,47.0,6.714285714285714,0.0,0.0,0.39763717271345866,22.877669999994396,2.5326912765957146,246.92195999999967,72.0,30.0,9.0,18.0,2.0,0.0,0.0,0.2915901040150503,16.88003999999637,3.4777740845070375,485.36913999999524,158.0,50.0,7.0,25.0,3.5714285714285716,4.0,8.0,0.325525434105682,19.458590000002005,3.0915231847133455,102.45405000000028,51.0,21.0,8.0,18.0,2.25,0.0,0.0,0.4977841285922798,8.516490000001795,2.0490810000000055,148.64448000000266,41.0,16.0,5.0,9.0,1.8,0.0,0.0,0.27582591697989234,18.718469999999797,3.7161120000000665,,,,,,,,,,,,,,,,,,,,,,,,,,,,,,,,,,,,,,,,,,,,,,,,,,,,,,,,,,,,,,,,,,,,,,,,,,,,,,,,,,,,,,,,,3238.722280000002,1386.0,565.0,32.0,449.0,14.03125,6.0,22.0,0.42794654193072684,32.5546800000011,2.338427638989171,2505.1056000000026,972.0,354.0,17.0,257.0,15.117647058823529,4.0,10.0,0.3880075953684344,22.877669999994396,2.579923377960868,,,,,,,,,,,,2,MCI,16.0,,
325,15,262.00432100000035,161.0,62.0,18.0,51.0,2.8333333333333335,0.0,0.0,0.6144936823389252,14.0027240000054,1.6375270062500022,140.0070510000005,33.0,3.0,1.0,0.0,0.0,6.0,2.0,0.23570241473052583,26.04713300000003,4.375220343750016,195.98243300000468,31.0,11.0,3.0,5.0,1.6666666666666667,0.0,0.0,0.15817744236290435,34.05089500000031,6.532747766666822,576.9921000000031,81.0,18.0,4.0,8.0,2.0,0.0,0.0,0.14038320455340647,46.00253199999861,7.212401250000039,58.024923999997554,60.0,26.0,14.0,24.0,1.7142857142857142,0.0,0.0,1.034038407357544,4.926031000002695,0.9834732881355518,116.0111040000047,43.0,16.0,4.0,12.0,3.0,0.0,0.0,0.3706541746210626,16.03538500000286,2.762169142857255,254.01133399999526,117.0,37.0,5.0,22.0,4.4,0.0,14.0,0.4606093679268744,15.998392000001331,2.189752879310304,42.05854099999851,32.0,14.0,6.0,11.0,1.8333333333333333,0.0,3.0,0.7608442717972821,9.967039000002842,1.35672712903221,40.066696000001684,18.0,9.0,6.0,7.0,1.1666666666666667,0.0,0.0,0.4492509190176111,13.034485999996832,2.3568644705883344,,,,,,,,,,,,158.0379049999974,49.0,20.0,4.0,5.0,1.25,0.0,0.0,0.31005219918601684,19.025776999995287,3.2924563541666125,181.97374900000432,32.0,14.0,3.0,5.0,1.6666666666666667,0.0,0.0,0.17584953970475842,40.97364899999957,5.87012093548401,189.04289399999834,76.0,37.0,5.0,8.0,1.6,0.0,0.0,0.40202516154878937,10.02464300000429,2.520571919999978,337.9810389999984,86.0,22.0,3.0,3.0,1.0,3.0,6.0,0.2544521439855104,24.96244999999908,3.97624751764704,116.00509500000044,45.0,20.0,5.0,7.0,1.4,0.0,0.0,0.3879139963636927,11.060815000004368,2.636479431818192,154.05183200000465,63.0,26.0,8.0,17.0,2.125,0.0,0.0,0.40895326710556806,20.014344999995956,2.4847069677420106,,,,,,,,,,,,,,,,,,,,,,,,,,,,,,,,,,,,,,,,,,,,,,,,,,,,,,,,,,,,,,,,,,,,,,,,,,,,,,,,,,,,,,,,,1981.0373319999999,699.0,236.0,21.0,177.0,8.428571428571429,6.0,19.0,0.35284544551934777,46.00253199999861,2.8381623667621776,1415.0514040000053,483.0,195.0,13.0,92.0,7.076923076923077,3.0,6.0,0.34133035636350506,40.97364899999957,2.9357912946058202,,,,,,,,,,,,3,middle-aged,11.0,,
326,24,230.20597100000305,144.0,65.0,18.0,58.0,3.2222222222222223,0.0,0.0,0.6255267809712811,10.411996999995608,1.6098319650349864,163.86628999999812,35.0,7.0,2.0,2.0,1.0,6.0,2.0,0.21358877411577698,40.729056000003766,4.819596764705827,154.3805530000027,48.0,18.0,2.0,8.0,4.0,0.0,0.0,0.310919990032677,16.130215000004682,3.2846926170213337,395.7194989999989,112.0,32.0,7.0,23.0,3.2857142857142856,0.0,2.0,0.28302876224959617,20.735987000000023,3.5650405315315217,68.39448399999674,73.0,29.0,10.0,27.0,2.7,0.0,0.0,1.0673375355825987,4.508950999996159,0.9499233888888435,103.74229899999773,24.0,12.0,4.0,11.0,2.75,0.0,0.0,0.23134247294828628,33.142056999997294,4.510534739130336,299.40451100000064,113.0,32.0,8.0,17.0,2.125,3.0,8.0,0.37741582323721157,19.03517500000453,2.6732545625000057,48.22025500000018,27.0,11.0,8.0,8.0,1.0,0.0,2.0,0.5599306764346207,21.91578699999809,1.8546251923076993,106.52657799999724,66.0,29.0,7.0,24.0,3.4285714285714284,0.0,0.0,0.6195636923585559,12.026098999995156,1.6388704307691884,37.508278000001155,30.0,11.0,8.0,9.0,1.125,0.0,0.0,0.7998234416413111,9.842746999995143,1.293388896551764,64.32299699999567,49.0,18.0,9.0,16.0,1.7777777777777777,0.0,0.0,0.761780425125454,5.302592000000004,1.3400624374999097,178.7936400000035,37.0,10.0,2.0,6.0,3.0,0.0,0.0,0.2069424840838817,27.567803999998432,4.966490000000097,176.53048400000262,117.0,53.0,7.0,42.0,6.0,0.0,1.0,0.6627750479628112,7.1261129999984405,1.521814517241402,312.49187399999937,130.0,34.0,7.0,27.0,3.857142857142857,6.0,2.0,0.41601081761249337,34.44459300000017,2.422417627906972,66.13177600000199,27.0,12.0,7.0,9.0,1.2857142857142858,0.0,0.0,0.40827574326749044,31.557794000000285,2.543529846153923,102.38768900000287,37.0,12.0,5.0,7.0,1.4,0.0,0.0,0.36137157075592324,11.41867700000148,2.8441024722223016,360.05674900000304,153.0,61.0,15.0,45.0,3.0,0.0,6.0,0.42493301521199567,26.030117000002065,2.3687944013158093,199.10270399999717,87.0,35.0,7.0,25.0,3.5714285714285716,0.0,6.0,0.4369604141589219,26.030117000002065,2.3151477209301996,31.177612999999837,25.0,10.0,7.0,8.0,1.1428571428571428,0.0,0.0,0.8018574096740546,5.660681000001205,1.2990672083333266,10.783431999996537,13.0,6.0,5.0,4.0,0.8,0.0,0.0,1.205553111477327,2.286940999998478,0.8986193333330448,17.762101000000257,4.0,1.0,1.0,0.0,0.0,0.0,2.0,0.22519858433413603,12.63704300000245,5.920700333333419,92.96534899999824,38.0,14.0,5.0,9.0,1.8,0.0,2.0,0.4087544489291458,11.003778999998758,2.5125769999999523,349.1150439999983,160.0,62.0,10.0,46.0,4.6,0.0,8.0,0.45830164798054585,26.030117000002065,2.19569210062892,2.4356120000011288,3.0,3.0,3.0,2.0,0.6666666666666666,0.0,0.0,1.2317232794051802,1.8335800000058953,1.2178060000005644,1920.3426550000004,731.0,265.0,19.0,202.0,10.631578947368421,9.0,14.0,0.3806612315238084,40.729056000003766,2.630606376712329,1427.1109999999971,642.0,227.0,17.0,178.0,10.470588235294118,6.0,3.0,0.4498598917673547,34.44459300000017,2.226382215288607,450.43243000000075,192.0,77.0,16.0,59.0,3.6875,0.0,8.0,0.42625705258389074,26.030117000002065,2.3582849738219935,8,younger adult,13.0,10.0,4.0
327,24,295.8421489999964,139.0,57.0,20.0,45.0,2.25,0.0,0.0,0.4698451538087011,29.724247999998624,2.143783688405771,175.45760899999732,59.0,15.0,2.0,5.0,2.5,4.0,2.0,0.33626355868100827,23.04887699999381,3.0251311896551263,267.46598000000085,67.0,25.0,3.0,12.0,4.0,0.0,0.0,0.25049914759252667,25.536036999998032,4.052514848484861,473.60742899999605,105.0,34.0,8.0,16.0,2.0,0.0,0.0,0.22170260340236528,47.33361299999524,4.553917586538423,78.98675400000502,65.0,26.0,10.0,24.0,2.4,0.0,0.0,0.822922790319955,17.241071999997075,1.2341680312500785,195.47383600000467,38.0,11.0,4.0,8.0,2.0,0.0,0.0,0.19439941824234264,67.76344899999822,5.283076648648775,442.1117230000018,150.0,44.0,8.0,31.0,3.875,2.0,6.0,0.3392807568687777,30.15477199999441,2.9671927718120927,131.2383770000015,49.0,19.0,7.0,16.0,2.2857142857142856,0.0,1.0,0.3733663972391204,11.754068000002007,2.7341328541666976,93.63343200000236,55.0,23.0,7.0,18.0,2.5714285714285716,0.0,0.0,0.5873970314363636,13.47589500000322,1.733952444444488,38.261695000001055,30.0,10.0,7.0,8.0,1.1428571428571428,0.0,0.0,0.784073993585469,4.970131999994919,1.3193687931034845,102.580793000001,60.0,21.0,8.0,16.0,2.0,0.0,0.0,0.5849048174154728,11.137313999999606,1.7386575084745932,224.21282300000166,32.0,9.0,2.0,4.0,2.0,0.0,0.0,0.14272154273709745,61.45742800000153,7.232671709677473,251.09727600000042,59.0,18.0,6.0,13.0,2.1666666666666665,0.0,2.0,0.2349686979479614,28.611794999997073,4.329263379310352,387.2674019999977,166.0,41.0,7.0,28.0,4.0,5.0,6.0,0.42864439181483444,19.244343000005756,2.3470751636363496,119.5350299999991,29.0,7.0,5.0,4.0,0.8,0.0,0.0,0.24260670700463471,46.36189100000047,4.269108214285682,163.59458399999858,45.0,18.0,9.0,11.0,1.2222222222222223,0.0,0.0,0.2750702309313638,25.593070000002626,3.718058727272695,262.0051830000011,68.0,25.0,10.0,16.0,1.6,0.0,1.0,0.2595368504599381,31.824204999997164,3.910525119403002,198.2596940000003,89.0,30.0,5.0,21.0,4.2,4.0,6.0,0.44890617050987613,9.447238000000652,2.252951068181822,352.6281960000051,157.0,54.0,13.0,42.0,3.230769230769231,6.0,7.0,0.44522815186338,24.973884999999427,2.2604371538461865,591.3666030000022,218.0,76.0,21.0,57.0,2.7142857142857144,6.0,8.0,0.3686376587620711,31.824204999997164,2.7251917188940196,324.00661400000536,143.0,47.0,10.0,35.0,3.5,6.0,7.0,0.4413490151778125,24.973884999999427,2.281736718309897,254.47378500000195,107.0,33.0,8.0,25.0,3.125,6.0,6.0,0.4204755314972785,24.973884999999427,2.400696084905679,287.36454299999605,133.0,44.0,9.0,32.0,3.5555555555555554,4.0,7.0,0.4628267586930578,15.779333999998926,2.177004113636334,2.0149749999982305,3.0,3.0,3.0,2.0,0.6666666666666666,0.0,0.0,1.4888522190114688,1.4938299999994342,1.0074874999991152,2588.171795000002,815.0,276.0,21.0,200.0,9.523809523809524,6.0,9.0,0.31489408916922357,67.76344899999822,3.1795722297297324,1692.1931990000012,581.0,184.0,18.0,137.0,7.611111111111111,5.0,8.0,0.3433414106281369,61.45742800000153,2.917574481034485,670.6710979999989,251.0,91.0,23.0,70.0,3.0434782608695654,6.0,10.0,0.37425200034488504,31.824204999997164,2.6826843919999956,2,MCI,10.0,11.0,3.0
328,19,185.99296000000322,99.0,43.0,15.0,38.0,2.533333333333333,0.0,0.0,0.5322782109602335,11.014822999997705,1.8978873469388085,142.9460839999956,20.0,3.0,1.0,0.0,0.0,3.0,2.0,0.13991289191245432,31.968567999996594,7.523478105262927,316.06208999999944,51.0,17.0,2.0,2.0,1.0,0.0,0.0,0.1613606997283353,38.06483400000434,6.321241799999989,598.030021999999,98.0,25.0,7.0,11.0,1.5714285714285714,0.0,0.0,0.16387137166167245,37.97094300000026,6.165257958762877,49.07875599999534,52.0,25.0,14.0,22.0,1.5714285714285714,0.0,0.0,1.0595215575554715,6.963095999999496,0.9623285490195164,209.0247789999994,46.0,21.0,5.0,11.0,2.2,0.0,0.0,0.22006960236996653,33.0282259999949,4.644995088888876,531.9838470000032,153.0,66.0,10.0,43.0,4.3,0.0,4.0,0.2876027173810018,29.921957999998995,3.4998937302631785,63.948670999998285,49.0,24.0,6.0,18.0,3.0,0.0,1.0,0.7662395360804498,6.990030000000843,1.3322639791666309,58.02591499999835,32.0,17.0,4.0,11.0,2.75,0.0,0.0,0.5514777319754615,6.006144999999378,1.871803709677366,21.05959100000473,11.0,5.0,3.0,3.0,1.0,0.0,0.0,0.5223273329476118,5.962950999994064,2.105959100000473,79.01563799999713,38.0,16.0,6.0,12.0,2.0,0.0,0.0,0.48091746092085447,14.987012000005052,2.135557783783706,354.05664799999795,51.0,17.0,2.0,4.0,2.0,0.0,0.0,0.14404474619553054,58.08171500000026,7.081132959999959,145.9723279999962,53.0,23.0,5.0,18.0,3.6,0.0,1.0,0.3630825152011098,13.954148999997415,2.807160153846081,285.91427100000146,59.0,21.0,5.0,7.0,1.4,4.0,2.0,0.2063555617340965,54.02697199999966,4.9295563965517495,108.00663299999724,34.0,13.0,6.0,6.0,1.0,0.0,0.0,0.3147954811256904,17.985278000000108,3.272928272727189,198.0218410000016,58.0,25.0,5.0,7.0,1.4,0.0,2.0,0.2928969840251083,20.002456999995047,3.4740673859649402,,,,,,,,,,,,,,,,,,,,,,,,,,,,,,,,,,,,,,,,,,,,,,,,,,,,,,,,302.78916000000027,119.0,54.0,16.0,44.0,2.75,0.0,0.0,0.39301274854093154,20.00325999999768,2.566009830508477,252.7717100000009,93.0,40.0,16.0,32.0,2.0,0.0,0.0,0.36792091963139256,20.00325999999768,2.7475185869565313,635.2371700000003,272.0,123.0,18.0,102.0,5.666666666666667,0.0,3.0,0.42818653070946694,24.217500000006112,2.3440485977859793,2653.930588000003,887.0,359.0,28.0,271.0,9.678571428571429,3.0,7.0,0.3342212505521637,38.06483400000434,2.995406984198649,1764.0737829999998,475.0,191.0,17.0,118.0,6.9411764705882355,4.0,5.0,0.26926311392271285,58.08171500000026,3.7216746476793245,689.3213400000022,292.0,132.0,18.0,109.0,6.055555555555555,0.0,3.0,0.4236050489891972,24.217500000006112,2.3688018556701107,5,old-old,14.0,14.0,2.0
329,19,127.20074999999633,79.0,38.0,9.0,35.0,3.888888888888889,0.0,0.0,0.6210655204470279,8.051380000004428,1.630778846153799,248.74293999999645,87.0,31.0,2.0,19.0,9.5,4.0,2.0,0.34975867053754867,11.453919999999925,2.8923597674418193,202.2277200000026,61.0,27.0,2.0,18.0,9.0,0.0,0.0,0.3016401510139125,17.425889999998617,3.3704620000000434,536.3824099999983,161.0,60.0,6.0,41.0,6.833333333333333,0.0,2.0,0.3001589854521898,19.845119999998133,3.35239006249999,86.08683000000019,65.0,29.0,10.0,27.0,2.7,0.0,0.0,0.7550516147475735,14.2335299999977,1.345106718750003,122.73427000000083,53.0,22.0,6.0,18.0,3.0,0.0,0.0,0.4318272313022242,12.02614999999787,2.3602744230769392,402.3373300000021,189.0,77.0,8.0,61.0,7.625,0.0,14.0,0.46975506846456183,19.268669999997655,2.140092180851075,93.81143000000156,65.0,27.0,9.0,24.0,2.6666666666666665,0.0,2.0,0.6928793218480831,10.804830000000948,1.4658035937500244,193.45736999999644,80.0,34.0,8.0,26.0,3.25,0.0,2.0,0.41352779684744745,16.953419999998005,2.4488274683543856,46.02313999999751,32.0,8.0,4.0,6.0,1.5,0.0,0.0,0.6953024065720359,5.996269999996002,1.4846174193547583,195.39905,97.0,37.0,6.0,32.0,5.333333333333333,0.0,0.0,0.496420018418718,12.9693299999999,2.035406770833333,165.47054999999818,39.0,20.0,3.0,12.0,4.0,0.0,0.0,0.2356914870954404,41.77350999999908,4.354488157894689,269.8184900000051,74.0,28.0,8.0,13.0,1.625,0.0,0.0,0.2742584468543968,15.972950000003038,3.696143698630207,557.1272499999977,239.0,54.0,5.0,35.0,7.0,2.0,4.0,0.42898637609271667,18.716669999994338,2.340870798319318,124.60427000000345,63.0,25.0,7.0,15.0,2.142857142857143,0.0,0.0,0.5056006507642014,8.534769999998389,2.0097462903226364,,,,,,,,,,,,1035.2660200000028,358.0,154.0,10.0,109.0,10.9,2.0,10.0,0.34580483961020864,23.060089999999036,2.8999048179271787,1060.4330800000025,368.0,157.0,10.0,112.0,11.2,2.0,13.0,0.3470280274545935,23.060089999999036,2.8894634332425135,108.43418999999994,50.0,20.0,13.0,15.0,1.1538461538461537,0.0,1.0,0.46110917598960277,16.914819999998144,2.2129426530612233,,,,,,,,,,,,,,,,,,,,,,,821.7926700000025,255.0,109.0,10.0,72.0,7.2,2.0,5.0,0.31029724322072527,23.060089999999036,3.2354042125984352,,,,,,,,,,,,,,,,,,,,,,,2464.840989999997,1029.0,427.0,25.0,335.0,13.4,4.0,20.0,0.41747114891983406,25.205739999997604,2.3977052431906585,2309.0563600000023,883.0,288.0,14.0,200.0,14.285714285714286,2.0,8.0,0.38240729645940696,41.77350999999908,2.6179777324263065,1314.3694800000012,495.0,209.0,18.0,151.0,8.38888888888889,2.0,15.0,0.37660643185354514,23.060089999999036,2.6606669635627553,2,MCI,25.0,18.0,4.0
330,23,390.9754250000042,143.0,66.0,20.0,56.0,2.8,0.0,2.0,0.36575188836996203,63.047920000004524,2.753348063380311,210.99110700000165,38.0,11.0,1.0,0.0,0.0,4.0,2.0,0.18010237749024988,40.00124899999355,5.702462351351396,258.0087499999936,37.0,16.0,2.0,2.0,1.0,0.0,0.0,0.14340598913796884,42.942298000001756,7.166909722222044,520.0088780000005,73.0,24.0,7.0,13.0,1.8571428571428572,0.0,0.0,0.14038221862819797,63.002628000002005,7.222345527777786,93.07257299999765,48.0,23.0,9.0,20.0,2.2222222222222223,0.0,0.0,0.5157265825239538,11.949251999998523,1.980267510638248,131.06661500000337,38.0,18.0,7.0,12.0,1.7142857142857142,0.0,0.0,0.2899289037105217,20.961536000002525,3.542340945946037,411.9619969999985,100.0,38.0,8.0,19.0,2.375,0.0,2.0,0.24274083708745678,26.957825999998022,4.161232292929278,84.98449999999866,64.0,27.0,15.0,25.0,1.6666666666666667,0.0,4.0,0.7530785025504769,9.012622999995074,1.3489603174602962,33.96180199999799,13.0,6.0,3.0,3.0,1.0,0.0,0.0,0.38278298660361926,6.94556300000113,2.830150166666499,49.02519900000334,18.0,10.0,5.0,6.0,1.2,0.0,0.0,0.3671581220914325,13.999862000004214,2.883835235294314,181.94495900000038,48.0,23.0,4.0,16.0,4.0,0.0,0.0,0.2638160477971797,27.973260999999184,3.87116934042554,233.91586500000267,52.0,19.0,5.0,5.0,1.0,0.0,0.0,0.22230215124570285,31.049790000004577,4.586585588235346,225.06468500000483,31.0,9.0,5.0,8.0,1.6,0.0,1.0,0.13773817958156934,115.00715199999831,7.502156166666827,357.03544200000033,71.0,26.0,6.0,10.0,1.6666666666666667,2.0,6.0,0.1988598095535847,55.02075799999875,5.100506314285719,68.0496770000027,35.0,16.0,6.0,11.0,1.8333333333333333,0.0,0.0,0.5143301414935241,8.987142000005406,2.0014610882353736,212.95326300000306,62.0,27.0,7.0,15.0,2.142857142857143,0.0,0.0,0.29114369569438864,14.950096000000485,3.4910370983607057,166.9603369999968,37.0,16.0,2.0,6.0,3.0,0.0,0.0,0.2216095191518493,22.04939600000216,4.6377871388888,442.178826000003,186.0,82.0,13.0,54.0,4.153846153846154,4.0,2.0,0.4206442938088554,22.04939600000216,2.3901558162162324,231.9868290000013,104.0,48.0,12.0,36.0,3.0,0.0,1.0,0.4483013128301323,22.04939600000216,2.2522993106796245,272.8425879999995,130.0,60.0,18.0,43.0,2.388888888888889,4.0,3.0,0.4764652063775331,16.09365599999728,2.1150588217054227,,,,,,,,,,,,420.0607349999991,181.0,80.0,13.0,54.0,4.153846153846154,4.0,2.0,0.4308900711703044,22.04939600000216,2.333670749999995,237.63850900000398,107.0,48.0,12.0,32.0,2.6666666666666665,4.0,2.0,0.4502637238815457,16.09365599999728,2.241872726415132,8.400829999998678,10.0,6.0,6.0,5.0,0.8333333333333334,0.0,1.0,1.1903585717127443,2.973760000000766,0.9334255555554086,2364.0385670000032,706.0,301.0,30.0,218.0,7.266666666666667,4.0,10.0,0.2986414899719354,63.047920000004524,3.3532461943262457,1498.9893840000004,379.0,158.0,15.0,97.0,6.466666666666667,2.0,7.0,0.2528370140878862,115.00715199999831,3.965580380952382,496.86651600000187,205.0,92.0,19.0,63.0,3.3157894736842106,4.0,3.0,0.4125856611355941,22.04939600000216,2.4356201764705974,8,younger adult,9.0,13.0,3.0
331,16,469.12643599999865,198.0,82.0,21.0,69.0,3.2857142857142856,0.0,0.0,0.4220610581834714,13.200982999995176,2.3813524670050694,258.21082300000126,47.0,6.0,2.0,3.0,1.5,4.0,2.0,0.18202180471730176,56.060190000003786,5.613278760869592,251.21095100000093,50.0,16.0,3.0,5.0,1.6666666666666667,0.0,0.0,0.1990359090675144,24.43815899999754,5.126754102040835,486.10147800000414,98.0,24.0,7.0,15.0,2.142857142857143,0.0,0.0,0.2016039951230084,44.00340600000345,5.011355443299012,62.579060000003665,58.0,26.0,14.0,22.0,1.5714285714285714,0.0,0.0,0.9268276001588487,7.402822000003653,1.0978782456140994,143.1776880000034,62.0,20.0,7.0,16.0,2.2857142857142856,0.0,0.0,0.4330283640283291,14.009565000000293,2.34717521311481,570.773414999996,205.0,54.0,8.0,29.0,3.625,2.0,14.0,0.359161787519486,19.587014999997336,2.797908897058804,114.9797680000047,40.0,11.0,4.0,7.0,1.75,0.0,1.0,0.34788729091885423,14.045964999997523,2.9481991794873,64.5229709999985,25.0,10.0,5.0,7.0,1.4,0.0,0.0,0.3874589097888964,13.9939349999986,2.6884571249999376,40.016271000000415,22.0,6.0,3.0,4.0,1.3333333333333333,0.0,0.0,0.5497763647192356,7.463560999996844,1.905536714285734,238.4221000000034,103.0,39.0,7.0,27.0,3.857142857142857,0.0,0.0,0.4320069322432716,10.017569000003277,2.3374715686274845,261.8451970000024,63.0,21.0,3.0,7.0,2.3333333333333335,0.0,0.0,0.24060017415556958,14.006114000003436,4.223309629032296,282.537519000005,109.0,44.0,9.0,33.0,3.6666666666666665,0.0,0.0,0.3857894710259634,25.578411999995296,2.616088138888935,594.4291739999971,252.0,47.0,5.0,22.0,4.4,3.0,12.0,0.42393612396958363,28.237187000006088,2.3682437211155265,48.261021999998775,24.0,9.0,5.0,4.0,0.8,0.0,0.0,0.49729572655963666,10.089022000000114,2.0983053043477726,60.52204000000347,27.0,11.0,4.0,5.0,1.25,0.0,0.0,0.4461184718822837,17.133928000002925,2.3277707692309026,,,,,,,,,,,,,,,,,,,,,,,,,,,,,,,,,,,,,,,,,,,,,,,,,,,,,,,,,,,,,,,,,,,,,,,,,,,,,,,,,,,,,,,,,3177.7601120000036,1037.0,309.0,24.0,221.0,9.208333333333334,6.0,17.0,0.3263304854523263,56.060190000003786,3.067336015444019,1953.8919769999993,766.0,223.0,17.0,137.0,8.058823529411764,3.0,12.0,0.3920380497063683,28.237187000006088,2.554107159477123,,,,,,,,,,,,8,younger adult,,,
332,15,147.047897000004,51.0,24.0,5.0,19.0,3.8,0.0,0.0,0.3468257692933793,20.07666700000118,2.9409579400000805,140.97269999999844,20.0,5.0,4.0,3.0,0.75,4.0,1.0,0.14187144035689336,54.991314999999304,7.419615789473602,264.96333400000003,584.0,19.0,3.0,5.0,1.6666666666666667,0.0,0.0,2.204078546203679,46.96279299999878,0.45448256260720415,477.962907000001,96.0,33.0,8.0,19.0,2.375,0.0,0.0,0.20085240631445025,74.94631600000139,5.031188494736853,54.98339799999667,52.0,24.0,8.0,19.0,2.375,0.0,0.0,0.9457400213788743,10.017876999998407,1.0781058431371895,,,,,,,,,,,,576.963106999996,137.0,52.0,7.0,13.0,1.8571428571428572,0.0,8.0,0.23745019107435056,51.973087999998825,4.242375786764676,72.97161100000085,38.0,13.0,4.0,9.0,2.25,0.0,0.0,0.5207504600658954,23.024546000000555,1.9722057027027255,220.0070859999978,859.0,30.0,5.0,18.0,3.6,0.0,0.0,3.904419696736534,14.051931000001787,0.2564185151515126,37.0738280000005,17.0,7.0,3.0,3.0,1.0,0.0,0.0,0.4585445020675979,11.99641100000008,2.3171142500000315,71.98891999999614,18.0,10.0,5.0,6.0,1.2,0.0,0.0,0.25003847814359437,21.98068699999567,4.234642352940949,233.04891700000007,518.0,14.0,5.0,8.0,1.6,0.0,0.0,2.2227093207217083,55.003327999998874,0.4507574429400453,337.9852949999986,497.0,99.0,6.0,65.0,10.833333333333334,0.0,0.0,1.4704781756851346,15.027505000005476,0.6814219657258036,444.9115230000025,99.0,37.0,6.0,16.0,2.6666666666666665,3.0,4.0,0.22251615182374013,64.96035400000255,4.539913500000026,97.96698699999979,28.0,13.0,6.0,7.0,1.1666666666666667,0.0,0.0,0.2858105659613688,32.031716999998025,3.628406925925918,308.9542550000042,498.0,46.0,6.0,20.0,3.3333333333333335,0.0,0.0,1.6118891128396766,43.90534299999854,0.6216383400402499,,,,,,,,,,,,,,,,,,,,,,,,,,,,,,,,,,,,,,,,,,,,,,,,,,,,,,,,,,,,,,,,,,,,,,,,,,,,,,,,,,,,,,,,,2361.0491760000004,4157.0,227.0,18.0,126.0,7.0,4.0,9.0,1.7606579491252405,74.94631600000139,0.5681061539942254,1908.9982390000005,3543.0,266.0,13.0,153.0,11.76923076923077,3.0,4.0,1.8559472332755773,64.96035400000255,0.5389605417843027,,,,,,,,,,,,7,at risk,17.0,,
333,16,249.9242000000013,136.0,64.0,21.0,59.0,2.8095238095238093,0.0,0.0,0.5441649908252154,12.93243999999686,1.85129037037038,194.79376000000047,35.0,10.0,1.0,0.0,0.0,4.0,2.0,0.17967721347952786,36.90845000000263,5.729228235294132,333.58404000000155,51.0,22.0,2.0,10.0,5.0,0.0,0.0,0.1528850121246801,51.792220000003,6.671680800000031,424.13327999999456,83.0,25.0,9.0,13.0,1.4444444444444444,0.0,0.0,0.1956932028535961,62.04916999999841,5.172357073170665,61.48548000000301,54.0,25.0,9.0,22.0,2.4444444444444446,0.0,0.0,0.8782561346190574,7.5095300000029965,1.160103396226472,117.09993000000395,28.0,14.0,7.0,11.0,1.5714285714285714,0.0,0.0,0.23911201313270686,40.78218999999808,4.3370344444445905,288.49382999999943,95.0,35.0,7.0,20.0,2.857142857142857,0.0,12.0,0.32929647056923256,14.549310000002151,3.0690832978723344,55.98171000000002,39.0,19.0,8.0,17.0,2.125,0.0,2.0,0.6966561042883468,17.231079999997746,1.4732028947368427,62.93584999999439,48.0,23.0,4.0,16.0,4.0,0.0,0.0,0.7626813652314901,4.936090000002878,1.339060638297753,41.99463000000105,20.0,9.0,5.0,6.0,1.2,0.0,0.0,0.4762513683297007,9.738199999999779,2.2102436842105817,111.75192000000243,43.0,21.0,5.0,11.0,2.2,0.0,0.0,0.3847808610357573,18.80163999999786,2.660760000000058,118.62665000000561,26.0,12.0,2.0,4.0,2.0,0.0,0.0,0.2191750336033157,32.48916000000463,4.745066000000224,252.7659399999975,106.0,51.0,7.0,33.0,4.714285714285714,0.0,0.0,0.419360298306018,17.44326000000001,2.407294666666643,559.5623599999963,169.0,53.0,6.0,20.0,3.3333333333333335,3.0,8.0,0.30202174427887024,31.788659999998345,3.330728333333311,76.98328000000038,34.0,14.0,6.0,7.0,1.1666666666666667,0.0,0.0,0.4416543436444879,11.309500000003027,2.332826666666678,116.3695000000007,47.0,21.0,5.0,12.0,2.4,0.0,0.0,0.40388589793717183,13.329659999995783,2.52977173913045,,,,,,,,,,,,,,,,,,,,,,,,,,,,,,,,,,,,,,,,,,,,,,,,,,,,,,,,,,,,,,,,,,,,,,,,,,,,,,,,,,,,,,,,,2139.0733699999982,600.0,249.0,22.0,190.0,8.636363636363637,4.0,16.0,0.28049528754593417,62.04916999999841,3.571074073455757,1727.8199600000007,588.0,238.0,14.0,139.0,9.928571428571429,3.0,8.0,0.3403132349507062,32.48916000000463,2.9434752299829654,,,,,,,,,,,,8,younger adult,,,
334,23,271.45829799999774,138.0,58.0,19.0,53.0,2.789473684210526,0.0,0.0,0.5083653769906166,15.831154999999853,1.9814474306569179,136.0600129999948,27.0,5.0,2.0,3.0,1.5,4.0,2.0,0.19844184492324746,59.661870000003546,5.233077423076723,146.4084819999989,41.0,14.0,2.0,9.0,4.5,0.0,0.0,0.2800384201784177,18.00873000000138,3.6602120499999726,404.6502029999974,104.0,38.0,10.0,26.0,2.6,0.0,0.0,0.2570121038589981,29.280203000002075,3.9286427475727903,58.190253000000666,60.0,23.0,9.0,20.0,2.2222222222222223,0.0,0.0,1.0311005178135126,10.547894000002998,0.9862754745762825,109.9984059999988,80.0,33.0,8.0,30.0,3.75,0.0,0.0,0.7272832662684301,10.287468999995326,1.392384886075934,287.7336389999982,140.0,40.0,8.0,28.0,3.5,2.0,8.0,0.4865611142533142,15.497751000002609,2.0700261798561024,65.87819400000444,38.0,14.0,7.0,10.0,1.4285714285714286,0.0,1.0,0.5768221272124952,7.5655599999954575,1.7804917297298497,40.471959999995306,24.0,10.0,6.0,8.0,1.3333333333333333,0.0,0.0,0.593003155765196,7.812537999998312,1.7596504347824047,50.58774400000402,25.0,8.0,6.0,6.0,1.0,0.0,0.0,0.4941908459091991,12.014623000002757,2.1078226666668343,118.41607400000066,64.0,20.0,7.0,14.0,2.0,0.0,0.0,0.5404671666449576,10.811140999998315,1.8796202222222327,108.82024100000126,41.0,13.0,2.0,8.0,4.0,0.0,0.0,0.37676814187536606,8.45477899999969,2.7205060250000317,167.22514400000364,82.0,29.0,10.0,24.0,2.4,0.0,1.0,0.49035688078102785,15.154116999998223,2.0645079506173287,344.6187280000013,187.0,44.0,9.0,31.0,3.4444444444444446,7.0,8.0,0.542628664104405,12.200353000000177,1.8527888602150606,61.28864800000156,31.0,10.0,7.0,6.0,0.8571428571428571,0.0,0.0,0.5058032932950195,7.72924900000362,2.042954933333385,3.230370999997831,6.0,3.0,3.0,2.0,0.6666666666666666,0.0,0.0,1.8573718003300639,2.7747589999999036,0.6460741999995662,113.49040900000546,31.0,11.0,2.0,4.0,2.0,0.0,0.0,0.2731508351511757,17.241304000002856,3.7830136333335154,209.12415900000633,131.0,46.0,18.0,37.0,2.0555555555555554,0.0,11.0,0.6264221246670789,12.230977999999595,1.6086473769231255,27.95746599999984,29.0,13.0,11.0,12.0,1.0909090909090908,0.0,1.0,1.03729000332148,6.771490999999514,0.9984809285714229,262.76438999999664,156.0,55.0,20.0,45.0,2.25,0.0,11.0,0.5936877519819257,12.230977999999595,1.6952541290322363,16.669812000000093,10.0,3.0,2.0,1.0,0.5,0.0,2.0,0.5998867893651076,5.190673000004608,1.8522013333333436,,,,,,,,,,,,162.57638200000656,86.0,29.0,10.0,22.0,2.2,0.0,9.0,0.5289821248451484,12.230977999999595,1.912663317647136,28.96476199999597,17.0,6.0,4.0,4.0,1.0,0.0,0.0,0.5869200651468278,7.0022010000029695,1.8102976249997482,2226.470368000002,938.0,328.0,33.0,276.0,8.363636363636363,6.0,13.0,0.4212946255568577,59.661870000003546,2.3761690160085402,3245.267036999998,1435.0,468.0,34.0,387.0,11.382352941176471,15.0,22.0,0.44218241014968934,34.39585100000113,2.263087194560668,376.2547990000021,186.0,65.0,20.0,49.0,2.45,0.0,11.0,0.49434585417739474,17.241304000002856,2.033809724324336,2,MCI,12.0,11.0,5.0
335,13,66.30786399999488,34.0,13.0,6.0,9.0,1.5,0.0,0.0,0.5127596931791171,7.5859960000016144,2.009329212121057,121.91519400000107,46.0,13.0,2.0,6.0,3.0,3.0,2.0,0.37731146127692333,14.974136999997427,2.709226533333357,505.4373489999998,113.0,34.0,2.0,14.0,7.0,0.0,0.0,0.22356875728231956,51.16980899999908,4.512833473214284,625.2251899999974,163.0,38.0,4.0,16.0,4.0,0.0,0.0,0.2607060665613948,20.171213000001444,3.8594147530864036,130.11221800000203,79.0,30.0,9.0,25.0,2.7777777777777777,0.0,0.0,0.6071681907689773,14.074188999999024,1.668105358974385,222.87668700000359,50.0,19.0,6.0,13.0,2.1666666666666665,0.0,0.0,0.22433930023376197,27.19289900000149,4.548503816326604,420.3126370000027,126.0,35.0,4.0,15.0,3.75,5.0,4.0,0.2997768539612079,26.665657999998075,3.3625010960000217,264.317031999999,77.0,27.0,3.0,13.0,4.333333333333333,0.0,0.0,0.291316830464411,23.65609399999812,3.4778556842105135,139.2912260000012,41.0,14.0,5.0,10.0,2.0,0.0,0.0,0.29434732665788765,29.864586000003328,3.4822806500000296,54.206467999996676,44.0,5.0,3.0,3.0,1.0,0.0,0.0,0.8117112518750106,4.910433999997622,1.2606155348836436,308.9929379999958,117.0,30.0,5.0,15.0,3.0,0.0,0.0,0.3786494304928147,29.808320999996795,2.6637322241378945,,,,,,,,,,,,382.8745889999991,173.0,62.0,6.0,34.0,5.666666666666667,0.0,0.0,0.45184508183696775,13.725469999997586,2.226015052325576,,,,,,,,,,,,305.41628499999933,71.0,23.0,7.0,11.0,1.5714285714285714,0.0,0.0,0.23246959473690199,27.618910999997752,4.363089785714276,,,,,,,,,,,,,,,,,,,,,,,,,,,,,,,,,,,,,,,,,,,,,,,,,,,,,,,,,,,,,,,,,,,,,,,,,,,,,,,,,,,,,,,,,,,,,,,,,,,,3065.9514139999956,945.0,296.0,15.0,186.0,12.4,8.0,6.0,0.3082240624182316,51.16980899999908,3.24782988771186,1422.803240000001,560.0,172.0,15.0,108.0,7.2,0.0,0.0,0.39358920773894185,29.864586000003328,2.5452651878354224,,,,,,,,,,,,4,young-old,12.0,10.0,5.0
336,24,217.12348999999813,143.0,60.0,22.0,55.0,2.5,0.0,0.0,0.658611373647325,11.814499000000069,1.5290386619718177,191.03267999999662,45.0,16.0,5.0,11.0,2.2,5.0,2.0,0.2355617897419478,24.090108000003966,4.341651818181742,246.0364619999964,66.0,25.0,5.0,19.0,3.8,0.0,0.0,0.2682529226094991,29.283393999998225,3.7851763384614827,535.7412320000003,118.0,40.0,10.0,33.0,3.3,0.0,2.0,0.22025558786933153,34.90838700000313,4.5789848888888915,54.339594999997644,57.0,26.0,10.0,24.0,2.4,0.0,0.0,1.048958866918358,4.334226999999373,0.9619203035713976,202.02261500000168,46.0,15.0,5.0,8.0,1.6,0.0,0.0,0.22769728032675757,25.964970000000903,4.489391444444482,178.05539500000305,102.0,37.0,7.0,24.0,3.4285714285714284,0.0,10.0,0.572855430749505,10.881993000002694,1.7629247029703272,72.619912999995,33.0,13.0,7.0,9.0,1.2857142857142858,0.0,2.0,0.45442081430202586,18.23928999999771,2.2693722812498436,65.98396000000503,46.0,20.0,6.0,18.0,3.0,0.0,0.0,0.697139122901937,9.069451000003028,1.4663102222223339,40.94033800000034,50.0,21.0,10.0,20.0,2.0,0.0,0.0,1.2212893796821997,4.660702000001038,0.8355171020408232,174.95742099999916,122.0,45.0,7.0,36.0,5.142857142857143,0.0,0.0,0.6973125192557599,6.66229100000055,1.4459290991735467,294.41967999999906,79.0,26.0,4.0,17.0,4.25,0.0,0.0,0.2683244543978862,27.330462999998417,3.77461128205127,271.948335999994,114.0,46.0,22.0,36.0,1.6363636363636365,0.0,2.0,0.4191972698814473,24.011209999996936,2.4066224424778233,374.96708700000454,194.0,66.0,14.0,49.0,3.5,4.0,6.0,0.5173787426308103,20.58447999999771,1.9428346476684173,115.47239000000263,58.0,22.0,8.0,19.0,2.375,0.0,0.0,0.5022845720955345,14.273507999998401,2.0173840350877357,250.66443699999945,150.0,68.0,20.0,61.0,3.05,0.0,0.0,0.5984095781405175,10.796820000003208,1.6823116577181172,185.04931799999758,97.0,48.0,7.0,40.0,5.714285714285714,0.0,0.0,0.5241845852142036,6.55228999999963,1.9272943854166442,222.96482199999446,159.0,67.0,17.0,58.0,3.411764705882353,0.0,6.0,0.7131169777087255,10.5347299999994,1.4111697594936359,298.3423550000007,232.0,101.0,25.0,89.0,3.56,0.0,8.0,0.7776301155764473,10.5347299999994,1.2915253463203493,284.1650440000012,221.0,97.0,25.0,87.0,3.48,0.0,8.0,0.7777170509402946,10.5347299999994,1.2916592909090965,14.949537000000419,14.0,5.0,5.0,4.0,0.8,0.0,1.0,0.9364838523092459,2.9522410000063246,1.147863461538621,143.0167470000015,97.0,47.0,17.0,41.0,2.411764705882353,0.0,2.0,0.6782422480914,10.5347299999994,1.4897577812500156,286.9325140000001,232.0,103.0,23.0,92.0,4.0,0.0,9.0,0.8085524946817283,10.5347299999994,1.2421320952380956,49.26530400000047,41.0,22.0,10.0,20.0,2.0,0.0,2.0,0.83222870196842,5.804223999999522,1.2226390249999894,2439.944202999999,925.0,356.0,36.0,305.0,8.472222222222221,5.0,16.0,0.37910702993235634,48.12197000000015,2.6406322543290033,1853.982398,989.0,394.0,36.0,338.0,9.38888888888889,4.0,8.0,0.5334462727730817,27.330462999998417,1.8765004028340082,548.3524079999988,388.0,179.0,31.0,159.0,5.129032258064516,0.0,11.0,0.7075741700764098,10.5347299999994,1.4159266356589102,7,at risk,16.0,,
337,24,173.84311999999773,73.0,34.0,7.0,29.0,4.142857142857143,0.0,0.0,0.4199188325658269,19.319900000002235,2.414487777777746,303.7239800000025,100.0,41.0,8.0,29.0,3.625,4.0,6.0,0.32924631107494107,28.56636000000435,3.067918989899015,271.5654399999985,57.0,23.0,2.0,10.0,5.0,0.0,0.0,0.20989416031730812,18.806409999997413,4.84938285714283,415.82078000000183,81.0,26.0,7.0,19.0,2.7142857142857144,0.0,2.0,0.1947954597170436,52.42864999999438,5.1977597500000225,62.55581999999413,58.0,24.0,9.0,22.0,2.4444444444444446,0.0,0.0,0.9271719242111357,5.418789999996079,1.0974705263156865,101.54722999999649,31.0,15.0,5.0,11.0,2.2,0.0,0.0,0.30527666781261364,16.656040000001667,3.3849076666665496,299.0205599999972,96.0,29.0,8.0,20.0,2.5,0.0,6.0,0.32104815802632736,29.823779999998806,3.1475848421052337,61.78305000000546,23.0,9.0,7.0,6.0,0.8571428571428571,0.0,0.0,0.372270388075661,24.205959999999322,2.8083204545457026,104.6912599999996,61.0,27.0,6.0,20.0,3.3333333333333335,0.0,0.0,0.5826656399015565,6.535759999998845,1.7448543333333266,38.86405999999988,24.0,9.0,5.0,5.0,1.0,0.0,0.0,0.6175371281332952,7.512589999998454,1.6897417391304297,165.15836000000127,69.0,23.0,7.0,17.0,2.4285714285714284,0.0,0.0,0.4177808498461687,18.40439999999944,2.4287994117647247,116.99468999999954,19.0,4.0,2.0,2.0,1.0,0.0,0.0,0.162400532878886,22.04258999999729,6.499704999999974,186.61234999999579,52.0,20.0,10.0,16.0,1.6,0.0,1.0,0.2786525114763368,54.030689999999595,3.659065686274427,875.4116500000018,315.0,38.0,7.0,16.0,2.2857142857142856,2.0,4.0,0.35983071506987524,18.61373000000458,2.7879351910828083,76.14405999999872,32.0,14.0,7.0,10.0,1.4285714285714286,0.0,0.0,0.4202560252237737,15.6603099999993,2.4562599999999586,154.47163,53.0,23.0,5.0,13.0,2.6,0.0,0.0,0.3431050737277777,22.813370000003488,2.970608269230769,68.7922699999981,7.0,3.0,2.0,2.0,1.0,0.0,0.0,0.10175561876356448,26.370469999994384,11.465378333333016,270.4339699999982,77.0,31.0,11.0,24.0,2.1818181818181817,0.0,4.0,0.2847275436588107,23.479789999997593,3.5583417105262924,285.5844999999972,125.0,52.0,15.0,46.0,3.066666666666667,0.0,6.0,0.4376988246911202,23.479789999997593,2.3031008064515905,39.5321599999952,18.0,6.0,3.0,3.0,1.0,0.0,2.0,0.4553254868947759,10.065000000002328,2.325421176470306,113.71145000000251,33.0,13.0,6.0,10.0,1.6666666666666667,0.0,2.0,0.29020824200200834,23.479789999997593,3.5534828125000786,343.61701000000176,113.0,41.0,7.0,33.0,4.714285714285714,0.0,9.0,0.32885449995621413,23.479789999997593,3.0680090178571584,374.1074699999954,133.0,50.0,11.0,42.0,3.8181818181818183,0.0,9.0,0.35551281560884535,23.479789999997593,2.8341474999999647,3.19372999999905,5.0,5.0,5.0,4.0,0.8,0.0,0.0,1.5655675338871748,3.1218300000036834,0.7984324999997625,2142.7923500000034,660.0,262.0,23.0,189.0,8.217391304347826,4.0,14.0,0.30800931317493224,52.42864999999438,3.251581714719277,2056.413370000002,738.0,200.0,17.0,124.0,7.294117647058823,2.0,5.0,0.3588772621138907,54.030689999999595,2.790248805970152,537.8141299999988,181.0,74.0,19.0,64.0,3.3684210526315788,0.0,10.0,0.33654749829648467,26.370469999994384,2.9878562777777713,8,younger adult,14.0,14.0,3.0
338,23,181.3671020000038,98.0,45.0,14.0,42.0,3.0,0.0,0.0,0.5403405519485995,20.509090000006836,1.8697639381443691,172.62725099999807,34.0,11.0,2.0,4.0,2.0,4.0,2.0,0.19695615728712718,44.83584900000278,5.23112881818176,116.83547000000544,29.0,14.0,2.0,6.0,3.0,0.0,0.0,0.24821229374948078,19.22686799999792,4.172695357143051,490.11170400000265,113.0,46.0,9.0,28.0,3.111111111111111,0.0,0.0,0.23055968481829886,37.55891399999382,4.3759973571428805,74.36135500000091,61.0,26.0,9.0,25.0,2.7777777777777777,0.0,0.0,0.8203185646630464,12.649649999999383,1.2393559166666819,91.31933500000014,19.0,9.0,4.0,7.0,1.75,0.0,0.0,0.20806108585876115,22.975529000003007,5.073296388888896,288.19937899999786,96.0,28.0,8.0,17.0,2.125,0.0,10.0,0.3331027302456495,26.01768599999923,3.033677673684188,69.29483799999434,39.0,16.0,7.0,14.0,2.0,0.0,2.0,0.5628124853975874,17.61796999999933,1.8235483684209037,55.32227600000624,31.0,16.0,5.0,13.0,2.6,0.0,0.0,0.5603529399259803,16.62049400000251,1.8440758666668746,36.185434999999416,18.0,6.0,4.0,5.0,1.25,0.0,0.0,0.4974377121623739,10.893315000001166,2.128554999999966,131.18256299999484,61.0,24.0,7.0,20.0,2.857142857142857,0.0,0.0,0.46500082484287486,15.349142999999458,2.186376049999914,146.70804900000076,42.0,19.0,2.0,14.0,7.0,0.0,0.0,0.2862828610037598,14.63941899999918,3.578245097560994,144.03163800000038,55.0,23.0,7.0,18.0,2.5714285714285716,0.0,1.0,0.3818605465002061,23.097912000004726,2.667252555555563,425.5148110000009,175.0,41.0,6.0,22.0,3.6666666666666665,3.0,6.0,0.41126653050861633,14.160297000002174,2.445487419540235,64.12989299999754,28.0,11.0,7.0,9.0,1.2857142857142858,0.0,0.0,0.436613858064617,31.012783999998646,2.375181222222131,151.98574599999847,42.0,17.0,5.0,10.0,2.0,0.0,0.0,0.2763417037805665,41.149561999998696,3.7069694146341092,66.34047499999724,37.0,16.0,8.0,13.0,1.625,0.0,1.0,0.5577288977807521,8.098215999998502,1.8427909722221456,199.98775500000193,66.0,23.0,7.0,14.0,2.0,0.0,8.0,0.3300202054870778,14.223421000002418,3.076734692307722,9.789025999998557,10.0,6.0,5.0,5.0,1.0,0.0,0.0,1.0215520931297428,4.225976000001538,1.0876695555553952,50.07519100000354,34.0,14.0,8.0,12.0,1.5,0.0,1.0,0.6789789378935688,8.098215999998502,1.5174300303031376,,,,,,,,,,,,67.64420499999687,22.0,8.0,3.0,5.0,1.6666666666666667,0.0,3.0,0.32523111181513653,9.057058999998844,3.22115261904747,242.47960700000112,92.0,34.0,8.0,25.0,3.125,0.0,9.0,0.3794133500059639,14.223421000002418,2.6646110659340785,8.808156999999483,10.0,6.0,6.0,5.0,0.8333333333333334,0.0,0.0,1.1353112802145315,3.5754499999966356,0.9786841111110536,1899.787565999999,624.0,250.0,21.0,194.0,9.238095238095237,4.0,14.0,0.32845777663122167,44.83584900000278,3.0494182439807367,1395.3292720000027,530.0,186.0,14.0,138.0,9.857142857142858,3.0,7.0,0.37983865932972344,41.149561999998696,2.637673482041593,285.8555389999965,114.0,45.0,15.0,34.0,2.2666666666666666,0.0,9.0,0.39880283726110133,14.223421000002418,2.5296950353981993,8,younger adult,15.0,11.0,5.0
339,24,342.36804099999426,454.0,165.0,23.0,140.0,6.086956521739131,0.0,9.0,1.326058351340123,9.83333099999436,0.7557793399558372,158.06280900000274,131.0,54.0,5.0,37.0,7.4,0.0,0.0,0.8287844612453884,8.596944999997504,1.2158677615384827,306.16754899999796,135.0,52.0,5.0,33.0,6.6,0.0,0.0,0.44093503848117127,43.73604399999749,2.2848324552238655,488.65495999999985,251.0,92.0,10.0,56.0,5.6,0.0,0.0,0.5136548700948417,38.60908399999607,1.9546198399999994,56.60235100000136,109.0,40.0,13.0,38.0,2.923076923076923,0.0,4.0,1.9257150643795233,4.176396000002569,0.5240958425926052,248.96623000000545,60.0,22.0,5.0,16.0,3.2,0.0,0.0,0.24099653997250425,46.06861900000513,4.219766610169584,337.88385500000004,297.0,111.0,11.0,91.0,8.272727272727273,0.0,4.0,0.8790002706699317,12.003461000000243,1.1414995101351353,130.63180300000386,181.0,69.0,11.0,57.0,5.181818181818182,0.0,6.0,1.3855737718019145,9.54470200000651,0.7257322388889104,73.49652300000162,99.0,40.0,12.0,37.0,3.0833333333333335,0.0,0.0,1.3470024969752354,7.584432000003289,0.7499645204081797,44.329757999999856,43.0,20.0,8.0,13.0,1.625,0.0,0.0,0.9700030394932483,9.299073999995016,1.0554704285714251,143.22928399999364,145.0,56.0,9.0,44.0,4.888888888888889,0.0,0.0,1.0123628070360697,9.92053300000407,0.9946478055555114,190.45765599999868,46.0,19.0,4.0,9.0,2.25,0.0,0.0,0.2415235016858567,34.59534300000087,4.232392355555526,122.64708199999586,124.0,57.0,13.0,50.0,3.8461538461538463,0.0,2.0,1.0110309840066491,8.236092999999528,0.997130747967446,396.709735000004,356.0,136.0,9.0,108.0,12.0,0.0,0.0,0.8973815578284118,27.44421500000317,1.1174922112676169,138.68790900000022,79.0,24.0,9.0,19.0,2.111111111111111,0.0,0.0,0.569624277773197,24.696617000001424,1.7780501153846182,149.36268199999904,75.0,30.0,9.0,24.0,2.6666666666666665,0.0,0.0,0.5021334579409901,14.66992300000129,2.018414621621609,462.01698800000304,386.0,139.0,17.0,107.0,6.294117647058823,0.0,6.0,0.8354671149018388,55.6681299999982,1.2000441246753326,197.66400299999805,207.0,76.0,13.0,64.0,4.923076923076923,0.0,2.0,1.0472316499631045,25.605625000003783,0.9595339951456215,233.37794099999883,318.0,114.0,15.0,90.0,6.0,0.0,6.0,1.3625966474697864,9.09178499999689,0.736208015772867,305.7297180000023,362.0,133.0,16.0,107.0,6.6875,0.0,6.0,1.1840523792325521,25.605625000003783,0.8468967257617793,213.34823199999664,284.0,101.0,10.0,79.0,7.9,0.0,6.0,1.3311570353205668,9.09178499999689,0.7538806784452178,137.00365800000145,204.0,73.0,10.0,58.0,5.8,0.0,6.0,1.4890113372009224,9.09178499999689,0.674894866995081,174.98186400000122,166.0,63.0,13.0,52.0,4.0,0.0,2.0,0.9486697432826457,25.605625000003783,1.060496145454553,5.217228000001342,21.0,7.0,6.0,6.0,1.0,0.0,0.0,4.02512598644234,0.6763579999969807,0.2608614000000671,2331.168174999999,1828.0,681.0,27.0,545.0,20.185185185185187,0.0,23.0,0.7841562095793457,46.06861900000513,1.2759541187739458,1449.692783999999,1075.0,429.0,22.0,347.0,15.772727272727273,0.0,2.0,0.7415364219678704,34.59534300000087,1.349807061452513,531.2841380000027,465.0,167.0,18.0,131.0,7.277777777777778,0.0,6.0,0.8752378750671409,55.6681299999982,1.1450089181034542,7,at risk,11.0,,
340,24,174.9816869999995,98.0,49.0,16.0,46.0,2.875,0.0,0.0,0.5600586077330496,14.972561999999016,1.8039349175257682,150.02370199999496,26.0,9.0,1.0,0.0,0.0,3.0,2.0,0.1733059486827013,25.915923000000475,6.000948079999798,312.0140279999978,61.0,25.0,3.0,5.0,1.6666666666666667,0.0,0.0,0.1955040303508419,35.08353999999963,5.200233799999963,457.03521100000216,62.0,23.0,8.0,14.0,1.75,0.0,0.0,0.13565694394605343,113.01078599999892,7.4923805081967565,39.0151840000035,47.0,21.0,9.0,19.0,2.111111111111111,0.0,0.0,1.204659191149676,3.9547329999986687,0.8481561739131196,139.04925400000502,25.0,10.0,3.0,5.0,1.6666666666666667,0.0,0.0,0.1797924065094164,44.90405499999906,5.793718916666876,424.0054400000008,106.0,40.0,7.0,14.0,2.0,0.0,6.0,0.24999679249398263,23.99227200000314,4.038147047619056,39.96478099999513,23.0,9.0,6.0,7.0,1.1666666666666667,0.0,1.0,0.575506719278727,19.971219999999448,1.8165809545452332,140.94962999999552,71.0,34.0,5.0,26.0,5.2,0.0,0.0,0.5037260473830422,18.98752599999716,2.013566142857079,35.02060700000584,18.0,9.0,6.0,6.0,1.0,0.0,0.0,0.5139830957240975,10.058116000000155,2.0600357058826964,67.03314500000124,23.0,11.0,6.0,9.0,1.5,0.0,0.0,0.3431138431592248,10.999220999998215,3.046961136363693,135.0477330000067,35.0,16.0,2.0,2.0,1.0,0.0,0.0,0.25916762334691146,25.94087800000125,3.9719921470590207,164.01657800000248,84.0,40.0,7.0,30.0,4.285714285714286,0.0,3.0,0.5121433517531303,11.907514999998966,1.9761033493976203,363.9409139999989,99.0,39.0,6.0,14.0,2.3333333333333335,3.0,1.0,0.2720221777538326,32.016366999996535,3.713682795918356,79.09315999999671,31.0,14.0,6.0,8.0,1.3333333333333333,0.0,0.0,0.39194286838458964,14.013103999997838,2.6360848333332494,133.0861220000006,31.0,13.0,4.0,4.0,1.0,0.0,0.0,0.23293187549637864,33.09085700000287,4.436204066666687,278.06943599999795,40.0,19.0,3.0,5.0,1.6666666666666667,0.0,0.0,0.14384896296189953,60.96463199999562,7.129985538461486,542.0680089999951,141.0,64.0,16.0,29.0,1.8125,0.0,3.0,0.2601149628071877,60.96463199999562,3.871914349999965,175.99494300000515,71.0,33.0,11.0,20.0,1.8181818181818181,0.0,2.0,0.4034206823772085,14.933634000000893,2.514213471428645,203.0428549999997,81.0,39.0,13.0,22.0,1.6923076923076923,0.0,2.0,0.39893056074295313,14.933634000000893,2.5380356874999963,15.015742999996291,7.0,3.0,1.0,0.0,0.0,0.0,1.0,0.46617739794838847,4.9815529999978025,2.502623833332715,153.97328299999936,52.0,23.0,6.0,11.0,1.8333333333333333,0.0,2.0,0.33772092785733626,14.933634000000893,3.019083980392144,57.040924000000814,29.0,11.0,5.0,4.0,0.8,0.0,2.0,0.5084069115009354,9.978397999999288,2.0371758571428864,4.04761100000178,6.0,4.0,4.0,3.0,0.75,0.0,0.0,1.4823558884481147,2.0010959999999614,0.8095222000003559,2082.961068999997,559.0,237.0,20.0,152.0,7.6,3.0,9.0,0.26836795383236267,113.01078599999892,3.732905141577056,1578.0177719999992,495.0,217.0,14.0,128.0,9.142857142857142,3.0,5.0,0.3136846800987741,115.0070029999988,3.1943679595141683,565.0343979999961,148.0,69.0,18.0,34.0,1.8888888888888888,0.0,3.0,0.2619309559273965,60.96463199999562,3.84377141496596,4,young-old,14.0,9.0,5.0
341,16,167.99776599999313,102.0,41.0,18.0,38.0,2.111111111111111,0.0,0.0,0.6071509308046642,9.016837999995914,1.6633442178217142,173.00192799999786,31.0,5.0,1.0,0.0,0.0,4.0,2.0,0.17918875447446103,20.04898599999433,5.766730933333262,334.0107990000033,61.0,11.0,3.0,4.0,1.3333333333333333,0.0,0.0,0.1826288257224863,26.000820000001113,5.5668466500000555,483.04530499999964,101.0,25.0,4.0,15.0,3.75,0.0,0.0,0.20909011836891794,58.00536699999793,4.8304530499999965,51.010291999999026,55.0,27.0,10.0,24.0,2.4,0.0,0.0,1.0782137847789823,5.962625000000116,0.944635037037019,110.02882500000123,23.0,8.0,3.0,6.0,2.0,0.0,0.0,0.20903613212264824,37.04018899999937,5.001310227272783,251.993011999999,82.0,34.0,7.0,22.0,3.142857142857143,0.0,6.0,0.3254058489526699,30.084445000000414,3.1110248395061606,71.08280499999819,25.0,11.0,5.0,8.0,1.6,0.0,1.0,0.35170249682747656,33.08850800000073,2.961783541666591,64.92458700000134,37.0,17.0,7.0,11.0,1.5714285714285714,0.0,0.0,0.5698919578802902,5.016082999994978,1.8034136944445183,26.911888999995426,12.0,6.0,4.0,4.0,1.0,0.0,0.0,0.44589957992179735,12.025859000001219,2.446535363635948,68.96693199999572,33.0,16.0,5.0,9.0,1.8,0.0,0.0,0.4784901842523899,12.968130999994173,2.1552166249998663,220.9034079999983,19.0,5.0,3.0,4.0,1.3333333333333333,0.0,0.0,0.08601044308017261,86.98135500000353,12.272411555555461,137.0039489999981,27.0,8.0,4.0,5.0,1.25,0.0,1.0,0.19707461133109655,46.00414699999965,5.269382653846081,370.0002319999985,81.0,23.0,4.0,5.0,1.25,4.0,12.0,0.21891878165092699,40.00277300000016,4.6250028999999815,100.96917499999836,29.0,12.0,7.0,9.0,1.2857142857142858,0.0,0.0,0.287216370738896,42.060026999999536,3.6056951071428296,129.99004199999763,18.0,9.0,4.0,4.0,1.0,0.0,0.0,0.13847214542788075,38.00889100000495,7.64647305882339,,,,,,,,,,,,,,,,,,,,,,,,,,,,,,,,,,,,,,,,,,,,,,,,,,,,,,,,,,,,,,,,,,,,,,,,,,,,,,,,,,,,,,,,,2015.989953999997,597.0,202.0,20.0,158.0,7.9,4.0,9.0,0.2961324280487962,58.00536699999793,3.3825334798657667,1386.9959390000004,330.0,125.0,15.0,82.0,5.466666666666667,4.0,13.0,0.23792427268238736,86.98135500000353,4.215793127659576,,,,,,,,,,,,4,young-old,17.0,,
342,22,153.89453100000173,140.0,51.0,15.0,48.0,3.2,0.0,0.0,0.9097139390872728,10.79722799999945,1.107154899280588,122.86227599999984,35.0,5.0,2.0,1.0,0.5,4.0,2.0,0.28487181858815674,16.839528000000428,3.6135963529411717,144.34529199999815,47.0,11.0,2.0,4.0,2.0,0.0,0.0,0.3256081258265119,24.587576000001718,3.1379411304347427,,,,,,,,,,,,56.327087999998184,70.0,27.0,11.0,24.0,2.1818181818181817,0.0,0.0,1.242741325452547,3.9759909999993397,0.8163346086956259,97.95461200000136,36.0,8.0,4.0,6.0,1.5,0.0,0.0,0.36751715171920135,19.66637300000002,2.798703200000039,425.12248700000055,146.0,41.0,8.0,30.0,3.75,2.0,6.0,0.3434304334976282,16.672920999997586,2.931879220689659,47.95497299999988,30.0,11.0,7.0,9.0,1.2857142857142858,0.0,0.0,0.6255868395546813,21.858613999997033,1.6536197586206856,37.5044379999963,24.0,11.0,5.0,10.0,2.0,0.0,0.0,0.6399242670961333,6.218354000004183,1.630627739130274,25.181102999995346,31.0,9.0,5.0,8.0,1.6,0.0,0.0,1.2310818950228561,3.533723000000464,0.8393700999998449,86.33017100000143,71.0,25.0,6.0,20.0,3.3333333333333335,0.0,0.0,0.8224239472431814,5.565916999999899,1.2332881571428775,121.05093399999896,43.0,10.0,2.0,7.0,3.5,0.0,0.0,0.355222372757573,22.11714000000211,2.8821650952380704,138.27563500000542,89.0,39.0,6.0,32.0,5.333333333333333,0.0,0.0,0.6436419547087707,8.376863999998022,1.5713140340909708,301.12475599999743,155.0,31.0,6.0,22.0,3.6666666666666665,5.0,8.0,0.5147368222359019,22.17155300000013,1.9553555584415419,43.007142000002204,22.0,7.0,5.0,5.0,1.0,0.0,0.0,0.5115429432627463,17.18580899999506,2.047959142857248,90.30213899999944,50.0,19.0,5.0,10.0,2.0,0.0,0.0,0.5536967402289364,8.011078999996244,1.8429007959183559,200.84013399999822,53.0,9.0,2.0,2.0,1.0,0.0,0.0,0.2638914789809913,15.989365000001271,3.862310269230735,210.59584899999754,115.0,37.0,10.0,30.0,3.0,0.0,8.0,0.5460696426167514,12.469715999999607,1.8473320087719083,7.04039599999669,15.0,9.0,7.0,8.0,1.1428571428571428,0.0,0.0,2.1305619740717785,1.737660999999207,0.5028854285711921,9.964425999998639,13.0,6.0,5.0,4.0,0.8,0.0,0.0,1.3046411303573107,3.1615969999984372,0.8303688333332199,,,,,,,,,,,,102.72490200000175,43.0,11.0,4.0,8.0,2.0,0.0,3.0,0.41859373105071707,9.796697999998287,2.445831000000042,238.41699599999993,132.0,43.0,13.0,36.0,2.769230769230769,0.0,8.0,0.5536518042530829,12.469715999999607,1.8199770687022896,2.676056999996945,4.0,4.0,4.0,3.0,0.75,0.0,0.0,1.4947364723563685,1.9312990000034915,0.8920189999989816,1880.2439200000008,828.0,255.0,19.0,201.0,10.578947368421053,6.0,8.0,0.4403683964578381,27.822141999997257,2.2735718500604603,1157.4185039999938,643.0,192.0,14.0,154.0,11.0,5.0,8.0,0.5555466737207128,22.17155300000013,1.8028325607476539,458.10558599999786,201.0,62.0,16.0,49.0,3.0625,0.0,8.0,0.4387634775534061,15.989365000001271,2.2905279299999894,10,n/a,14.0,,
343,24,155.99316800000088,83.0,38.0,15.0,33.0,2.2,0.0,0.0,0.532074584189479,14.040101999999024,1.9023557073170838,161.03146900000138,17.0,2.0,1.0,0.0,0.0,6.0,2.0,0.1055694275508339,134.9571419999993,10.059340312500353,371.95194799999445,18.0,4.0,2.0,1.0,0.5,0.0,0.0,0.048393347841803123,81.00704599999881,21.87952635294085,430.90862899999775,57.0,16.0,2.0,4.0,2.0,0.0,0.0,0.13227862280752864,38.002928999994765,7.694796946428531,61.94655499999499,49.0,24.0,9.0,22.0,2.4444444444444446,0.0,0.0,0.7910044392299777,6.989131000002089,1.2905532291665622,377.00324199999886,82.0,32.0,6.0,21.0,3.5,0.0,0.0,0.21750476087417903,44.94506299999921,4.654361012345665,531.9477820000029,90.0,33.0,7.0,12.0,1.7142857142857142,0.0,4.0,0.16918953898373337,48.98612599999615,5.97694137078655,63.97931300000346,22.0,10.0,5.0,7.0,1.4,0.0,2.0,0.34386114774315896,35.99666900000011,3.046633952381117,60.03675700000167,18.0,8.0,4.0,4.0,1.0,0.0,0.0,0.2998163275208136,12.969718000000285,3.531573941176569,42.99847999999474,15.0,7.0,5.0,5.0,1.0,0.0,0.0,0.34884954072799396,20.962550999996893,3.0713199999996244,78.97627400000056,34.0,14.0,6.0,9.0,1.5,0.0,0.0,0.4305090412343302,6.950693999999203,2.393220424242441,401.9695150000043,42.0,13.0,1.0,0.0,0.0,0.0,0.0,0.10448553542673392,55.07290100000682,9.804134512195228,255.04277100000036,38.0,14.0,6.0,7.0,1.1666666666666667,0.0,1.0,0.14899461706366085,43.00061100000312,6.893047864864874,461.0438539999959,58.0,21.0,7.0,9.0,1.2857142857142858,4.0,6.0,0.12580148178268638,133.08619799999724,8.088488666666596,72.01017699999647,19.0,9.0,6.0,7.0,1.1666666666666667,0.0,0.0,0.26385159419898285,19.014024999996764,4.000565388888693,173.9509459999972,37.0,16.0,4.0,5.0,1.25,0.0,0.0,0.21270364347429646,52.011781000001065,4.831970722222144,121.00070699999924,24.0,11.0,2.0,1.0,0.5,0.0,0.0,0.19834594850755832,22.970394999996643,5.260900304347793,255.06168899999466,108.0,49.0,13.0,37.0,2.8461538461538463,0.0,6.0,0.4234269773066635,34.979246000002604,2.3837541028036884,186.0666659999988,85.0,40.0,13.0,30.0,2.3076923076923075,0.0,4.0,0.456825512206472,34.979246000002604,2.215079357142843,284.0712889999995,123.0,57.0,15.0,42.0,2.8,0.0,6.0,0.43298990346046623,34.979246000002604,2.3284531885245863,24.972654000004695,5.0,0.0,0.0,0.0,0.0,0.0,2.0,0.20021900755919095,21.998109000000113,6.243163500001174,90.91691100000025,34.0,14.0,6.0,8.0,1.3333333333333333,0.0,2.0,0.37396783091321595,34.979246000002604,2.7550579090909166,26.968829000004916,18.0,8.0,4.0,5.0,1.25,0.0,0.0,0.6674372105661954,10.93966999999975,1.586401705882642,80.06807999999728,51.0,25.0,14.0,21.0,1.5,0.0,2.0,0.6369579487856051,21.998109000000113,1.6013615999999455,2493.001630999999,478.0,187.0,21.0,130.0,6.190476190476191,6.0,8.0,0.19173673777672717,134.9571419999993,5.226418513626832,1849.0057949999973,323.0,122.0,15.0,68.0,4.533333333333333,4.0,7.0,0.17468847359669876,133.08619799999724,5.7422540217391225,409.05162700000074,156.0,71.0,16.0,47.0,2.9375,0.0,6.0,0.3813699535780106,34.979246000002604,2.6390427548387145,8,younger adult,12.0,15.0,4.0
344,22,127.00480799999787,71.0,35.0,15.0,32.0,2.1333333333333333,0.0,0.0,0.5590339540531505,22.06998400000157,1.8143543999999696,145.03814099999727,27.0,5.0,1.0,0.0,0.0,4.0,2.0,0.18615792931323152,35.92169499999727,5.578390038461434,156.02254299999913,31.0,14.0,2.0,2.0,1.0,0.0,0.0,0.1986892368495761,22.92159399999946,5.200751433333305,476.97227700000076,63.0,17.0,6.0,6.0,1.0,0.0,0.0,0.1320831483042355,36.002793999999994,7.693101241935496,66.04342100000213,57.0,23.0,10.0,21.0,2.1,0.0,0.0,0.8630685560640198,6.9861260000034235,1.1793468035714665,95.00052300000243,21.0,10.0,4.0,7.0,1.75,0.0,0.0,0.22105141463273273,24.050836000002164,4.7494866000000915,395.99915399999736,83.0,24.0,7.0,9.0,1.2857142857142858,0.0,14.0,0.20959640737010402,38.047324999999546,4.829257975609724,28.05007199999818,22.0,10.0,5.0,8.0,1.6,0.0,1.0,0.7843117122837128,9.966682999998739,1.3357177142856276,17.963996999998926,12.0,5.0,3.0,4.0,1.3333333333333333,0.0,0.0,0.6680027835676391,3.996718000002147,1.6330906363635387,26.998464000003878,23.0,7.0,5.0,6.0,1.2,0.0,0.0,0.8519003155141232,3.9843130000008387,1.2272029090910854,133.9499369999976,87.0,23.0,6.0,11.0,1.8333333333333333,0.0,0.0,0.6494963861013355,8.010129000002053,1.5575574069767162,162.92189900000085,52.0,18.0,6.0,9.0,1.5,0.0,0.0,0.31917133497197775,40.00520300000062,3.1945470392157027,179.02304499999445,38.0,13.0,7.0,8.0,1.1428571428571428,0.0,1.0,0.2122631753917557,42.037082000002556,4.838460675675526,358.03833000000304,124.0,23.0,7.0,8.0,1.1428571428571428,4.0,4.0,0.34633163438115394,20.065279999995255,2.910880731707342,41.930115999995905,28.0,6.0,5.0,4.0,0.8,0.0,0.0,0.6677777853035927,5.940954000005149,1.5529672592591075,126.9491890000063,57.0,12.0,5.0,4.0,0.8,0.0,2.0,0.4489985359417867,10.99330600000394,2.266949803571541,650.7439250000025,102.0,37.0,21.0,28.0,1.3333333333333333,0.0,0.0,0.15674368377699355,83.98200300000462,6.443009158415866,205.11007000000245,98.0,44.0,15.0,33.0,2.2,0.0,8.0,0.4777922410147821,11.239999999997963,2.1145368041237367,149.0106300000043,64.0,27.0,12.0,23.0,1.9166666666666667,0.0,7.0,0.42949955986360266,23.23414999999659,2.365248095238164,,,,,,,,,,,,,,,,,,,,,,,172.28315999999904,66.0,24.0,11.0,20.0,1.8181818181818181,0.0,8.0,0.38309025676102276,23.23414999999659,2.650510153846139,49.47989000000234,36.0,16.0,11.0,15.0,1.3636363636363635,0.0,2.0,0.7275683110855399,11.029340000000957,1.4137111428572098,7.100360000004002,7.0,5.0,5.0,4.0,0.8,0.0,1.0,0.9858655054104375,4.451519999995071,1.1833933333340003,2083.973721000002,549.0,189.0,18.0,119.0,6.611111111111111,4.0,17.0,0.2634390225115509,38.047324999999546,3.802871753649639,1308.9461690000026,518.0,134.0,14.0,75.0,5.357142857142857,4.0,7.0,0.39573819937586674,42.037082000002556,2.53181077176016,983.9216250000027,246.0,99.0,26.0,77.0,2.9615384615384617,0.0,11.0,0.250019913933693,83.98200300000462,4.016006632653072,4,young-old,13.0,15.0,3.0
345,23,165.6917109999995,259.0,85.0,18.0,78.0,4.333333333333333,0.0,6.0,1.5631439764660333,5.459678999999596,0.6422159341085252,,,,,,,,,,,,287.42324299999746,172.0,64.0,5.0,29.0,5.8,0.0,0.0,0.5984206364271017,11.448996999999508,1.6808376783625583,465.81127600000036,248.0,109.0,8.0,53.0,6.625,0.0,0.0,0.532404458152275,15.000661999998556,1.8858756113360338,48.35803699999815,78.0,27.0,15.0,24.0,1.6,0.0,4.0,1.6129686984606713,3.876984000002267,0.6280264545454305,270.63548699999956,157.0,69.0,4.0,42.0,10.5,0.0,0.0,0.580116088028028,28.1145319999996,1.7348428653846126,233.95941999999923,304.0,129.0,9.0,96.0,10.666666666666666,0.0,4.0,1.2993706344459266,8.134006000000227,0.7721433003300304,44.53917399999773,93.0,43.0,9.0,41.0,4.555555555555555,0.0,2.0,2.088049499975117,3.2923090000040247,0.48412145652171445,99.09870200000296,62.0,30.0,5.0,22.0,4.4,0.0,0.0,0.6256388706281758,9.591059999998834,1.6245688852459501,29.29243499999575,37.0,20.0,7.0,17.0,2.4285714285714284,0.0,0.0,1.2631247624175106,4.873010000002978,0.8136787499998819,129.84828100000595,139.0,63.0,6.0,52.0,8.666666666666666,0.0,0.0,1.0704800936101235,4.811181999997643,0.9409295724638113,206.80011899999954,91.0,40.0,4.0,22.0,5.5,0.0,0.0,0.4400384315059326,18.369421000003058,2.2977790999999947,96.38769400000456,125.0,51.0,8.0,44.0,5.5,0.0,1.0,1.2968460475877148,5.332884999996168,0.7773201129032625,322.6865869999965,300.0,129.0,7.0,100.0,14.285714285714286,0.0,0.0,0.9296946699554117,9.765086999999767,1.0792193545150386,98.32119699999748,94.0,38.0,8.0,29.0,3.625,0.0,0.0,0.9560501994295534,7.094383999996353,1.0572171720429837,269.59460399999807,115.0,50.0,5.0,21.0,4.2,0.0,0.0,0.42656640115838823,16.45985600000131,2.364864947368404,203.1665140000041,172.0,62.0,13.0,52.0,4.0,0.0,0.0,0.8465962063019722,42.94685300000128,1.188108269005872,281.23966400000063,314.0,125.0,21.0,104.0,4.9523809523809526,0.0,2.0,1.1164854755337756,9.969248000001244,0.8985292779552736,284.6724799999938,203.0,86.0,15.0,64.0,4.266666666666667,0.0,0.0,0.7131001914902502,20.44539999999688,1.4092697029702663,235.7974019999965,279.0,109.0,21.0,97.0,4.619047619047619,0.0,2.0,1.1832191433559736,9.969248000001244,0.8481920935251673,399.6152080000029,332.0,129.0,21.0,104.0,4.9523809523809526,0.0,2.0,0.8307992122261714,20.44539999999688,1.207296700906353,129.3018779999984,73.0,28.0,10.0,21.0,2.1,0.0,0.0,0.5645702995899325,20.44539999999688,1.7958594166666444,154.07749599999806,151.0,65.0,14.0,46.0,3.2857142857142856,0.0,0.0,0.980026310915657,12.953303000002052,1.0271833066666538,8.019081999998889,32.0,15.0,12.0,14.0,1.1666666666666667,0.0,0.0,3.9904817035172395,0.9622020000024349,0.2586800645160932,1967.748609999995,1744.0,692.0,22.0,496.0,22.545454545454547,0.0,16.0,0.8862920756935533,28.1145319999996,1.1289435513482473,1402.1085840000014,1119.0,479.0,17.0,360.0,21.176470588235293,0.0,1.0,0.7980836953495172,18.369421000003058,1.2541221681574253,662.0873470000006,579.0,222.0,23.0,185.0,8.043478260869565,0.0,2.0,0.8745069704526456,42.94685300000128,1.1454798391003471,4,young-old,16.0,,
346,23,279.02220799999486,132.0,63.0,18.0,60.0,3.3333333333333335,2.0,0.0,0.47308062303055975,19.99275199999829,2.1299405190839305,180.99923699999636,36.0,13.0,1.0,0.0,0.0,4.0,2.0,0.198895866063793,40.95579400000133,5.171406771428467,218.07141899999988,43.0,15.0,4.0,6.0,1.5,0.0,0.0,0.19718310724616336,22.040908000002673,5.19217664285714,742.0840860000026,160.0,58.0,12.0,41.0,3.4166666666666665,0.0,0.0,0.21560898962600775,68.00494000000617,4.667195509433978,59.97810000000027,62.0,31.0,10.0,28.0,2.8,0.0,0.0,1.0337106377160952,9.079474999998638,0.9828541967212691,233.9398299999957,47.0,22.0,6.0,13.0,2.1666666666666665,0.0,0.0,0.20090636126392356,61.996500000001106,5.085648478260777,544.9703059999956,116.0,46.0,7.0,16.0,2.2857142857142856,0.0,4.0,0.21285563400953617,30.03606900000159,4.738872226086919,149.0208799999964,57.0,27.0,8.0,23.0,2.875,0.0,1.0,0.38249673468577944,48.0673569999999,2.6610871428570784,163.04953199999727,51.0,24.0,4.0,14.0,3.5,0.0,0.0,0.3127883862923376,23.983780000002298,3.2609906399999455,35.9372000000003,14.0,7.0,3.0,4.0,1.3333333333333333,0.0,0.0,0.38956846944113294,18.044426999993448,2.7644000000000233,199.06008400000428,75.0,34.0,6.0,18.0,3.0,0.0,0.0,0.3767706638765328,14.039239000005182,2.690001135135193,191.0304260000048,43.0,20.0,8.0,13.0,1.625,0.0,0.0,0.22509503276718296,69.08869599999889,4.548343476190591,148.0331839999999,96.0,47.0,19.0,42.0,2.210526315789474,0.0,0.0,0.6485032437051416,13.00372200000129,1.5582440421052621,376.06665200000134,86.0,28.0,3.0,2.0,0.6666666666666666,0.0,10.0,0.22868286656802447,20.048675999998522,4.424313552941192,142.03858000000037,59.0,25.0,6.0,17.0,2.8333333333333335,0.0,0.0,0.41538010306777107,24.04153999999835,2.448941034482765,260.0234319999945,69.0,32.0,8.0,19.0,2.375,0.0,0.0,0.26536070026181896,32.95394800000213,3.823873999999919,409.4195899999977,86.0,40.0,7.0,20.0,2.857142857142857,0.0,0.0,0.21005345640642276,47.845100000005914,4.816701058823503,,,,,,,,,,,,0.8902300000045216,3.0,3.0,3.0,2.0,0.6666666666666666,0.0,0.0,3.0,0.8660900000031688,0.4451150000022608,100.04042999999365,57.0,27.0,7.0,23.0,3.2857142857142856,0.0,2.0,0.5697696421337215,15.251440000000002,1.7864362499998865,12.817460000005667,7.0,2.0,1.0,0.0,0.0,0.0,1.0,0.5461300444859516,3.999920000002021,2.136243333334278,123.11041999999725,41.0,20.0,8.0,14.0,1.75,0.0,1.0,0.3330343605358581,23.962360000004992,3.0777604999999313,669.649639999996,223.0,104.0,16.0,76.0,4.75,0.0,6.0,0.33300996025324725,47.845100000005914,3.016439819819802,4.018080000001646,10.0,6.0,6.0,5.0,0.8333333333333334,0.0,0.0,2.488750846174268,1.267729999999574,0.4464533333335162,2804.0542329999953,798.0,344.0,27.0,241.0,8.925925925925926,6.0,7.0,0.28458793364571894,68.00494000000617,3.5182612710163053,1777.0692389999967,604.0,269.0,25.0,172.0,6.88,0.0,10.0,0.3398854623919362,69.08869599999889,2.947046830845766,686.0072999999975,242.0,115.0,17.0,87.0,5.117647058823529,0.0,6.0,0.3527659253771802,47.845100000005914,2.846503319502064,2,MCI,15.0,15.0,3.0
347,24,289.98949800000264,87.0,41.0,14.0,35.0,2.5,0.0,0.0,0.3000108645313742,34.02498999999807,3.3719709069767747,141.92678100000194,32.0,7.0,1.0,0.0,0.0,4.0,2.0,0.2254683702013897,20.002652999995917,4.5782832580645785,150.9729229999939,19.0,9.0,2.0,2.0,1.0,0.0,0.0,0.12585038179330188,39.93662300000142,8.387384611110772,621.9433050000007,87.0,27.0,4.0,9.0,2.25,0.0,0.0,0.13988413300791122,67.00343900000007,7.231898895348845,58.004847999996855,58.0,28.0,9.0,24.0,2.6666666666666665,0.0,0.0,0.9999164207792277,8.031791000001249,1.0176289122806466,157.955710000002,36.0,17.0,3.0,7.0,2.3333333333333335,0.0,0.0,0.22791198874671606,22.070669000000635,4.513020285714343,358.0065719999984,100.0,37.0,7.0,17.0,2.4285714285714284,0.0,4.0,0.27932448122768105,24.00333099999989,3.616227999999984,75.03943599999911,24.0,10.0,4.0,8.0,2.0,0.0,2.0,0.3198318281603327,52.05394499999966,3.262584173913005,151.07828499999596,34.0,12.0,5.0,6.0,1.2,0.0,0.0,0.22504888773393814,35.04945200000657,4.578129848484726,61.99910599999566,11.0,6.0,4.0,4.0,1.0,0.0,0.0,0.17742191314824393,33.99899000000005,6.1999105999995665,145.9911659999998,59.0,28.0,4.0,16.0,4.0,0.0,0.0,0.4041340419186739,8.997042999995756,2.5170890689655137,130.07981100000325,29.0,14.0,2.0,2.0,1.0,0.0,0.0,0.22294005331849134,19.004979999997886,4.6457075357144015,259.9490019999939,43.0,16.0,4.0,7.0,1.75,0.0,3.0,0.16541706130497474,52.993484999999055,6.189261952380808,419.05515000000014,74.0,25.0,4.0,7.0,1.75,3.0,6.0,0.17658773552836654,50.00133199999982,5.740023191780756,101.95594499999424,49.0,25.0,7.0,17.0,2.4285714285714284,0.0,0.0,0.4805997335418034,20.027987000001303,2.12408218749988,189.91053799999645,40.0,18.0,5.0,8.0,1.6,0.0,0.0,0.21062548935541822,22.94096200000058,4.869500974358884,275.52072000000044,49.0,24.0,3.0,9.0,3.0,0.0,0.0,0.17784506370337563,21.458480000001146,5.740015000000009,270.39504000000306,92.0,42.0,11.0,32.0,2.909090909090909,0.0,2.0,0.3402429275329864,36.11885999999504,2.9713740659340995,6.690500000004249,4.0,2.0,2.0,1.0,0.5,0.0,1.0,0.5978626410578372,4.1904300000023795,2.230166666668083,499.6530599999969,139.0,65.0,14.0,43.0,3.0714285714285716,0.0,1.0,0.27819303258144934,36.11885999999504,3.6206743478260646,114.73111999999674,41.0,18.0,4.0,12.0,3.0,0.0,1.0,0.3573572715057708,22.175390000003972,2.8682779999999184,245.6493199999968,98.0,45.0,12.0,34.0,2.8333333333333335,0.0,2.0,0.39894268789346243,36.11885999999504,2.5324672164948123,383.3778600000005,152.0,73.0,18.0,58.0,3.2222222222222223,0.0,3.0,0.3964756858938067,36.11885999999504,2.538926225165566,9.201410000001488,10.0,4.0,3.0,3.0,1.0,0.0,0.0,1.0867899593647476,3.5041199999977835,1.0223788888890541,2302.049159000002,577.0,228.0,18.0,149.0,8.277777777777779,4.0,8.0,0.2506462547700961,67.00343900000007,3.9966131232638924,1811.9967289999986,447.0,182.0,14.0,104.0,7.428571428571429,3.0,10.0,0.24668918704212536,61.065154999996594,4.062772934977575,686.023119999998,219.0,102.0,19.0,73.0,3.8421052631578947,0.0,3.0,0.31923122357742206,36.11885999999504,3.1468950458715503,4,young-old,14.0,12.0,4.0
348,16,187.18117000000348,63.0,28.0,7.0,24.0,3.4285714285714284,0.0,0.0,0.3365723165423041,16.31272000000172,3.0190511290323143,193.8698099999965,37.0,10.0,3.0,5.0,1.6666666666666667,4.0,2.0,0.19084972539046005,49.770470000003115,5.385272499999903,205.7051799999972,22.0,9.0,4.0,4.0,1.0,0.0,0.0,0.10694917843099673,64.57811999999831,9.795484761904628,427.15527999999904,100.0,35.0,8.0,25.0,3.125,0.0,0.0,0.23410690370021933,36.04471000000194,4.314699797979788,93.19959999999992,60.0,26.0,10.0,21.0,2.1,0.0,0.0,0.6437795870368548,12.286679999997432,1.5796542372881341,111.61882999999943,28.0,10.0,5.0,9.0,1.8,0.0,0.0,0.250853731399981,21.0182599999971,4.1340307407407195,425.38958999999886,162.0,39.0,7.0,28.0,4.0,0.0,10.0,0.38082737285602225,12.985410000001139,2.6421713664596203,124.01221999999689,56.0,19.0,8.0,18.0,2.25,0.0,0.0,0.45156840188814784,18.08683000000019,2.25476763636358,74.0871199999965,32.0,11.0,5.0,9.0,1.8,0.0,0.0,0.4319239295575467,11.999609999998938,2.3899070967740808,57.69112000000314,29.0,4.0,2.0,3.0,1.5,0.0,0.0,0.5026770151107904,5.990580000005139,2.060397142857255,250.1779400000014,108.0,31.0,6.0,21.0,3.5,0.0,0.0,0.4316927383765307,13.04834000000119,2.33811158878506,172.3292500000025,33.0,6.0,5.0,5.0,1.0,0.0,0.0,0.19149389903338823,18.013240000000224,5.385289062500078,256.6449500000017,76.0,24.0,11.0,21.0,1.9090909090909092,0.0,0.0,0.2961289516898715,24.032719999995606,3.4219326666666894,486.0853100000022,158.0,30.0,5.0,13.0,2.6,4.0,6.0,0.3250458237464516,18.028409999998985,3.096084777070078,48.941500000000815,20.0,9.0,7.0,8.0,1.1428571428571428,0.0,0.0,0.4086511447340124,30.050370000004477,2.5758684210526743,249.98725999999442,43.0,15.0,7.0,8.0,1.1428571428571428,0.0,0.0,0.1720087655666971,49.82221999999456,5.952077619047486,,,,,,,,,,,,,,,,,,,,,,,,,,,,,,,,,,,,,,,,,,,,,,,,,,,,,,,,,,,,,,,,,,,,,,,,,,,,,,,,,,,,,,,,,2245.88177,671.0,226.0,20.0,181.0,9.05,4.0,12.0,0.2987690665479688,64.57811999999831,3.352062343283582,1797.4200599999967,578.0,152.0,16.0,110.0,6.875,4.0,6.0,0.3215720202877902,49.82221999999456,3.115112755632577,,,,,,,,,,,,8,younger adult,13.0,,
349,16,283.13350000000355,111.0,53.0,16.0,42.0,2.625,0.0,0.0,0.3920412102418068,14.075590000000375,2.5739409090909415,239.29033999999956,22.0,5.0,1.0,0.0,0.0,4.0,1.0,0.09193852121234831,70.38141999999789,11.394778095238074,212.30743000000075,30.0,12.0,2.0,2.0,1.0,0.0,0.0,0.14130452240884783,56.706279999998515,7.320945862068991,439.785060000002,98.0,19.0,4.0,8.0,2.0,0.0,0.0,0.22283612817588563,114.12268999999651,4.5338665979381645,84.20220999999583,50.0,25.0,8.0,21.0,2.625,0.0,0.0,0.593808642314762,7.642980000004172,1.7184124489795067,97.15934999999445,63.0,33.0,6.0,27.0,4.5,0.0,0.0,0.64841932351342,6.678070000001753,1.5670862903224911,287.69138999999996,58.0,18.0,6.0,6.0,1.0,0.0,4.0,0.2016049211622218,28.07282000000123,5.047217368421052,71.07970000000205,60.0,20.0,6.0,17.0,2.8333333333333335,0.0,1.0,0.8441228648967043,16.72805000000517,1.2047406779661365,103.86147999999957,88.0,22.0,6.0,19.0,3.1666666666666665,0.0,0.0,0.8472823610832463,14.444730000002892,1.1938101149425238,60.30837999999494,13.0,6.0,4.0,4.0,1.0,0.0,0.0,0.21555876646000258,20.5454499999978,5.025698333332912,327.4645900000032,131.0,62.0,6.0,35.0,5.833333333333333,0.0,0.0,0.4000432535316222,13.676859999999579,2.5189583846154093,139.705670000003,24.0,9.0,4.0,8.0,2.0,0.0,0.0,0.17178973480460372,44.90551000000414,6.074159565217522,310.17639999999665,74.0,36.0,5.0,17.0,3.4,0.0,0.0,0.23857392116228313,49.0867600000056,4.248991780821872,524.6979099999953,218.0,48.0,8.0,17.0,2.125,2.0,3.0,0.4154771647556247,67.8949999999968,2.4179627188939876,113.54927000000316,141.0,10.0,5.0,7.0,1.4,0.0,0.0,1.2417517083112561,51.488039999996545,0.8110662142857369,166.1209100000051,62.0,17.0,4.0,9.0,2.25,0.0,0.0,0.37322213079616584,61.25583999999799,2.7232936065574607,,,,,,,,,,,,,,,,,,,,,,,,,,,,,,,,,,,,,,,,,,,,,,,,,,,,,,,,,,,,,,,,,,,,,,,,,,,,,,,,,,,,,,,,,2155.1579500000007,1399.0,229.0,18.0,160.0,8.88888888888889,4.0,6.0,0.6491403565107604,114.12268999999651,1.5416008226037201,2080.3784700000033,2154.0,242.0,14.0,142.0,10.142857142857142,2.0,3.0,1.0353885271654424,67.8949999999968,0.966269609846727,,,,,,,,,,,,8,younger adult,,,
350,16,365.04870500000106,113.0,52.0,18.0,45.0,2.5,2.0,0.0,0.30954773555490267,39.07401899999968,3.2593634375000096,284.029343000002,51.0,17.0,1.0,0.0,0.0,4.0,2.0,0.17955891268600246,33.92213300000003,5.680586860000039,410.070845000002,73.0,25.0,2.0,1.0,0.5,0.0,0.0,0.17801802027647112,31.964413999994576,5.6954284027778055,621.0000220000002,135.0,41.0,6.0,19.0,3.1666666666666665,0.0,0.0,0.21739129664636303,26.001502999999502,4.634328522388061,73.95466300000408,51.0,24.0,9.0,22.0,2.4444444444444446,0.0,0.0,0.6896116881770821,8.05163100000209,1.4790932600000815,117.00610900000174,23.0,11.0,5.0,6.0,1.2,0.0,0.0,0.19657093289034727,42.02278699999442,5.318459500000079,470.9683359999981,112.0,40.0,7.0,16.0,2.2857142857142856,0.0,6.0,0.23780791921434066,19.00280599999678,4.242957981981965,49.07592899999872,27.0,12.0,7.0,9.0,1.2857142857142858,0.0,1.0,0.5501678837297345,27.943981000003987,1.8875357307691816,176.08022300000448,60.0,26.0,4.0,18.0,4.5,0.0,0.0,0.34075377108080146,14.071598000002268,2.98441055932211,65.93785200000275,17.0,7.0,3.0,4.0,1.3333333333333333,0.0,0.0,0.25781852887775736,17.000912000003154,4.121115750000172,243.01860699999816,64.0,28.0,5.0,12.0,2.4,0.0,0.0,0.2633543200253818,18.988508999995247,3.857438206349177,331.0056760000007,60.0,25.0,2.0,1.0,0.5,0.0,0.0,0.18126577382316514,33.05176599999686,5.610265694915266,277.9912269999986,94.0,44.0,7.0,27.0,3.857142857142857,0.0,0.0,0.3381401672794533,14.000499000001582,2.9891529784946087,483.9880720000001,110.0,36.0,5.0,8.0,1.6,2.0,4.0,0.22727832846260718,49.98624600000039,4.440257541284405,109.93646699999954,33.0,14.0,6.0,7.0,1.1666666666666667,0.0,0.0,0.30017337195309485,22.981994000001578,3.4355145937499856,391.9581590000016,91.0,37.0,5.0,10.0,2.0,0.0,2.0,0.23216763807689897,32.96091900000465,4.355090655555573,,,,,,,,,,,,,,,,,,,,,,,,,,,,,,,,,,,,,,,,,,,,,,,,,,,,,,,,,,,,,,,,,,,,,,,,,,,,,,,,,,,,,,,,,2783.077741000001,699.0,271.0,22.0,165.0,7.5,6.0,9.0,0.25116078854083285,55.970907000002626,3.9872173939828093,2450.032183000003,645.0,261.0,18.0,119.0,6.611111111111111,2.0,6.0,0.2632618479363049,50.981855999998515,3.8043977996894456,,,,,,,,,,,,4,young-old,15.0,,
351,23,125.03403399999661,69.0,32.0,19.0,29.0,1.5263157894736843,0.0,0.0,0.5518497467657636,11.061303000002226,1.8387357941175972,273.03682699999626,73.0,26.0,1.0,0.0,0.0,4.0,2.0,0.2673632007890313,19.003201999999874,3.792178152777726,405.04147399999783,42.0,15.0,2.0,2.0,1.0,0.0,0.0,0.10369308501973362,53.0824999999968,9.879060341463362,512.0178620000006,64.0,19.0,5.0,7.0,1.4,0.0,0.0,0.12499563931228619,76.00460899999598,8.12726765079366,61.99983699999575,48.0,25.0,13.0,22.0,1.6923076923076923,0.0,0.0,0.7741955837723137,7.970960999999079,1.3191454680850159,,,,,,,,,,,,346.96737199999916,68.0,27.0,7.0,12.0,1.7142857142857142,0.0,4.0,0.1959838459969088,38.951742999997805,5.178617492537301,58.99924699999974,23.0,10.0,7.0,9.0,1.2857142857142858,0.0,0.0,0.38983548383253264,15.020023000004585,2.681783954545443,146.03179900000396,54.0,27.0,5.0,19.0,3.8,0.0,0.0,0.3697824745691076,15.956796000005852,2.7553169622642257,54.057152000001224,17.0,10.0,5.0,6.0,1.2,0.0,0.0,0.3144819764089609,28.00742199999513,3.3785720000000765,92.01682000000437,25.0,13.0,4.0,7.0,1.75,0.0,0.0,0.27168945851420223,12.926223999995273,3.8340341666668487,221.97825300000113,24.0,11.0,3.0,3.0,1.0,0.0,0.0,0.10811869935745408,79.99963099999877,9.651228391304397,165.00866999999562,47.0,22.0,8.0,14.0,1.75,0.0,0.0,0.28483351814181185,29.95782400000462,3.5871449999999045,479.9992579999962,84.0,30.0,4.0,4.0,1.0,0.0,10.0,0.17500027052125292,37.02114900000015,5.7831235903614,184.9370080000008,54.0,22.0,6.0,7.0,1.1666666666666667,0.0,0.0,0.29199131414519136,20.97762800000055,3.489377509433977,174.0677579999974,46.0,22.0,5.0,8.0,1.6,0.0,0.0,0.26426490769186955,30.01204200000211,3.8681723999999424,1368.9026200000008,300.0,134.0,12.0,75.0,6.25,0.0,5.0,0.21915364585977623,55.963800000004994,4.578269632107026,955.9084000000003,290.0,131.0,14.0,84.0,6.0,0.0,7.0,0.303376348612482,33.06332999999722,3.3076415224913505,83.66749999999593,35.0,15.0,9.0,11.0,1.2222222222222223,0.0,2.0,0.41832252666808145,18.092119999993884,2.460808823529292,1031.668150000005,300.0,135.0,15.0,86.0,5.733333333333333,0.0,7.0,0.29079118125338904,43.060120000001916,3.4503951505016888,906.9188300000023,269.0,119.0,14.0,76.0,5.428571428571429,0.0,7.0,0.2966086832710258,33.06332999999722,3.3840254850746354,638.4881000000023,159.0,74.0,7.0,42.0,6.0,0.0,1.0,0.2490257845056148,33.06332999999722,4.041063924050648,924.7074499999944,273.0,120.0,14.0,75.0,5.357142857142857,0.0,8.0,0.29522850713487997,33.06332999999722,3.3996597426470383,13.510830000006536,10.0,5.0,4.0,4.0,1.0,0.0,0.0,0.74014697838661,6.48576999999932,1.5012033333340595,2410.0752680000005,541.0,219.0,19.0,133.0,7.0,4.0,6.0,0.22447431712327745,76.00460899999598,4.463102348148149,1882.0525330000019,448.0,194.0,13.0,97.0,7.461538461538462,0.0,10.0,0.2380379889215343,99.01599199999328,4.210408351230429,1517.976450000002,373.0,167.0,17.0,103.0,6.0588235294117645,0.0,9.0,0.24572186215405353,55.963800000004994,4.080581854838715,5,old-old,18.0,15.0,2.0
352,22,317.94912699999986,153.0,69.0,17.0,52.0,3.0588235294117645,0.0,0.0,0.4812090583283786,18.98389099999622,2.09177057236842,154.0250359999991,24.0,6.0,1.0,0.0,0.0,4.0,2.0,0.1558188241553155,37.05075300000317,6.696740695652134,280.95726999999897,66.0,22.0,2.0,1.0,0.5,0.0,0.0,0.2349111663848394,31.971476000006078,4.3224195384615225,1009.0154810000022,202.0,59.0,3.0,3.0,1.0,0.0,0.0,0.20019514447865994,46.002629999995406,5.019977517412946,57.994588000001386,51.0,24.0,9.0,23.0,2.5555555555555554,0.0,0.0,0.8793924012357632,7.018680999994103,1.1597009600000456,,,,,,,,,,,,505.96317300000374,89.0,36.0,6.0,18.0,3.0,0.0,6.0,0.1759021303315278,72.99238400000468,5.749581511363679,81.97744000000239,29.0,12.0,6.0,7.0,1.1666666666666667,0.0,4.0,0.35375586258852626,24.05109299999458,2.9277657142858,349.9794020000045,106.0,53.0,5.0,29.0,5.8,0.0,0.0,0.3028749674816538,45.044583999995666,3.3331371619048045,29.03820000000269,15.0,6.0,3.0,4.0,1.3333333333333333,0.0,0.0,0.5165609438601088,9.028046999999788,2.074157142857335,82.02737399999751,24.0,12.0,4.0,6.0,1.5,0.0,0.0,0.2925852533082521,14.986294999995152,3.566407565217283,314.0575969999991,51.0,17.0,2.0,2.0,1.0,0.0,0.0,0.16239059486913207,30.005080999995698,6.281151939999981,232.99253599999793,56.0,26.0,4.0,7.0,1.75,0.0,0.0,0.2403510471253916,30.054205000000366,4.236227927272689,379.0432969999965,105.0,41.0,7.0,17.0,2.4285714285714284,4.0,4.0,0.2770132088630523,26.05537799999729,3.644647086538428,187.96763899999496,56.0,25.0,6.0,7.0,1.1666666666666667,0.0,0.0,0.2979236229061828,18.9879959999962,3.417593436363545,96.92739199999778,33.0,15.0,5.0,9.0,1.8,0.0,0.0,0.34046103293484625,16.9628870000015,3.0289809999999306,112.05445000000327,31.0,16.0,1.0,0.0,0.0,0.0,0.0,0.27665121733227993,15.960650000000896,3.7351483333334423,154.56761000000552,31.0,16.0,6.0,8.0,1.3333333333333333,0.0,0.0,0.2005594833225337,40.18084999999701,5.152253666666851,4.735030000003462,11.0,5.0,5.0,4.0,0.8,0.0,1.0,2.3231109412172586,1.5371400000003632,0.47350300000034623,41.87258000000293,16.0,8.0,1.0,0.0,0.0,0.0,0.0,0.3821116348693795,8.261990000006335,2.7915053333335282,310.18217999999615,77.0,39.0,9.0,19.0,2.111111111111111,0.0,0.0,0.2482412110199269,41.74826999999641,4.08134447368416,265.3439400000061,67.0,30.0,4.0,18.0,4.5,0.0,5.0,0.2525024690595853,29.336389999996754,4.02036272727282,395.9672500000015,159.0,74.0,11.0,55.0,5.0,0.0,6.0,0.40154836037576186,29.336389999996754,2.5061218354430475,,,,,,,,,,,,2998.925553000001,778.0,286.0,20.0,150.0,7.5,4.0,14.0,0.2594262465841211,72.99238400000468,3.8596210463320477,2194.9238719999994,587.0,251.0,14.0,118.0,8.428571428571429,4.0,6.0,0.2674352434215086,45.97284699999727,3.745603877133105,831.474000000002,276.0,134.0,12.0,81.0,6.75,0.0,6.0,0.3319406259245621,41.74826999999641,3.023541818181825,5,old-old,19.0,18.0,4.0
353,23,130.11471999999776,52.0,25.0,8.0,20.0,2.5,0.0,0.0,0.3996473266053287,15.270819999997912,2.5512690196077994,212.73291999999492,24.0,4.0,2.0,1.0,0.5,4.0,2.0,0.11281751785290482,65.38216999999713,9.249257391304127,242.72226000000228,61.0,24.0,4.0,14.0,3.5,0.0,0.0,0.25131605152324893,23.265879999999015,4.045371000000038,432.3301500000016,90.0,35.0,8.0,25.0,3.125,0.0,0.0,0.20817423906243798,73.7600700000039,4.857642134831479,64.03884000000107,63.0,27.0,14.0,25.0,1.7857142857142858,0.0,0.0,0.9837779697445947,5.673800000004121,1.0328845161290496,107.03029999999853,33.0,15.0,6.0,10.0,1.6666666666666667,0.0,0.0,0.3083239045391861,22.626520000005257,3.344696874999954,565.1650300000038,168.0,54.0,8.0,36.0,4.5,0.0,12.0,0.29725830701166855,22.121769999997923,3.3842217365269684,41.271419999997306,30.0,11.0,6.0,9.0,1.5,0.0,1.0,0.7268952703832812,8.277860000001965,1.4231524137930105,27.89158000000316,23.0,11.0,6.0,8.0,1.3333333333333333,0.0,0.0,0.8246216241603163,4.573120000000927,1.2677990909092345,51.02981,26.0,8.0,6.0,6.0,1.0,0.0,0.0,0.5095061102520272,10.072769999998854,2.0411924,126.64256000000023,59.0,15.0,5.0,9.0,1.8,0.0,0.0,0.46587813764977504,8.698560000004363,2.1834924137931075,187.39140000000043,46.0,13.0,2.0,7.0,3.5,0.0,0.0,0.24547551275031776,14.658579999995709,4.164253333333343,95.77559000000474,41.0,16.0,6.0,11.0,1.8333333333333333,0.0,0.0,0.42808402433227477,42.261460000001534,2.3943897500001183,,,,,,,,,,,,108.75508999999875,42.0,17.0,7.0,10.0,1.4285714285714286,0.0,0.0,0.38618882113931846,16.15926000000036,2.6525631707316766,173.66571000000113,42.0,16.0,5.0,10.0,2.0,0.0,0.0,0.24184394259522923,24.13745000000199,4.235749024390271,114.18706000000384,36.0,15.0,3.0,11.0,3.6666666666666665,0.0,0.0,0.31527215080236576,18.79884999999922,3.2624874285715384,273.2308400000038,156.0,64.0,12.0,56.0,4.666666666666667,0.0,11.0,0.5709457980658327,10.590449999996054,1.7627796129032505,8.25119000000268,9.0,6.0,6.0,5.0,0.8333333333333334,0.0,0.0,1.0907517582308828,4.16301999999996,1.031398750000335,288.31258000000525,123.0,49.0,12.0,41.0,3.4166666666666665,0.0,3.0,0.426620302173418,18.79884999999922,2.363217868852502,24.13996000000043,6.0,1.0,1.0,0.0,0.0,0.0,2.0,0.248550536123502,10.274739999993471,4.827992000000085,105.0757700000031,60.0,25.0,9.0,22.0,2.4444444444444446,0.0,4.0,0.5710165150348004,10.590449999996054,1.7809452542373407,174.8316300000006,87.0,36.0,11.0,31.0,2.8181818181818183,0.0,8.0,0.49762162601812787,10.274739999993471,2.032925930232565,10.591760000002978,12.0,7.0,6.0,6.0,1.0,0.0,0.0,1.1329561848074943,3.01412999999593,0.9628872727275435,2195.71688,662.0,249.0,18.0,183.0,10.166666666666666,4.0,15.0,0.30149606537615176,73.7600700000039,3.321810711043873,1038.5060599999997,374.0,135.0,15.0,93.0,6.2,0.0,0.0,0.36013270832526495,42.261460000001534,2.7841985522788195,473.6218100000042,215.0,90.0,18.0,78.0,4.333333333333333,0.0,11.0,0.4539486895673113,18.79884999999922,2.213186028037403,8,younger adult,13.0,9.0,5.0
354,24,270.16676899999584,389.0,137.0,22.0,119.0,5.409090909090909,0.0,6.0,1.4398513978601344,6.23112100000435,0.6963061056700923,156.02809200000047,109.0,42.0,5.0,25.0,5.0,0.0,0.0,0.6985921483933782,14.063551999999618,1.44470455555556,468.5230789999987,95.0,32.0,3.0,9.0,3.0,0.0,0.0,0.20276482473982946,59.8538400000034,4.984288074468071,484.06151699999464,245.0,82.0,8.0,52.0,6.5,0.0,0.0,0.5061340168464635,34.48829800000385,1.9838586762294863,78.49288399999932,164.0,48.0,13.0,45.0,3.4615384615384617,0.0,4.0,2.0893613744655046,5.256844000003184,0.48155143558281793,329.9308799999999,70.0,26.0,4.0,19.0,4.75,0.0,0.0,0.21216565118124142,64.72726400000101,4.781606956521737,246.59802200000559,250.0,84.0,9.0,69.0,7.666666666666667,0.0,4.0,1.013795641880673,14.419976999997743,0.9903535020080546,138.99917900000582,200.0,62.0,11.0,51.0,4.636363636363637,0.0,3.0,1.4388574194383668,6.602201000001514,0.6984883366834463,73.03937600000063,57.0,21.0,8.0,15.0,1.875,0.0,0.0,0.7804009716621827,22.185043999998015,1.3042745714285826,55.145676000000094,72.0,24.0,7.0,18.0,2.5714285714285716,0.0,0.0,1.3056327390020548,10.20426099999895,0.7766996619718323,357.0317709999945,267.0,102.0,9.0,76.0,8.444444444444445,0.0,0.0,0.7478326067514146,18.598455999999715,1.342224703007498,355.6758219999974,73.0,24.0,7.0,15.0,2.142857142857143,0.0,0.0,0.20524307665759897,60.18540700000449,4.9399419722221865,239.15779699999985,285.0,92.0,9.0,70.0,7.777777777777778,0.0,2.0,1.1916818250337045,8.588597000001755,0.842104919014084,565.6564930000022,459.0,161.0,8.0,110.0,13.75,0.0,0.0,0.8114465327988345,23.686610999997356,1.2350578449781708,136.1595359999992,81.0,25.0,10.0,18.0,1.8,0.0,0.0,0.5948903938685607,25.470720999997866,1.7019941999999901,253.87014699999418,137.0,41.0,8.0,22.0,2.75,0.0,0.0,0.5396459631781879,29.259389000006195,1.8666922573528983,277.6537640000024,56.0,22.0,4.0,8.0,2.0,0.0,0.0,0.20169004443966232,31.574611999996705,5.048250254545499,279.1682059999948,305.0,117.0,13.0,95.0,7.3076923076923075,0.0,4.0,1.0925312891827146,27.184680999998818,0.9183164671052462,231.36266800000158,247.0,101.0,14.0,81.0,5.785714285714286,0.0,4.0,1.0675879654015674,9.420451999998477,0.9404986504065105,590.0234990000026,424.0,165.0,17.0,124.0,7.294117647058823,0.0,4.0,0.7186154461959796,31.574611999996705,1.3948546075650181,168.37703099999635,199.0,79.0,11.0,63.0,5.7272727272727275,0.0,4.0,1.1818714157039882,7.950064999997267,0.850389045454527,182.79242700000032,176.0,73.0,9.0,58.0,6.444444444444445,0.0,4.0,0.9628407636384175,9.420451999998477,1.044528154285716,111.36727200000314,156.0,56.0,11.0,43.0,3.909090909090909,0.0,2.0,1.4007705962304222,3.812204000001657,0.7184985290322783,6.641322999996191,14.0,5.0,5.0,4.0,0.8,0.0,0.0,2.1080137195567854,1.8517549999960465,0.510870999999707,2525.7173170000024,1758.0,592.0,25.0,460.0,18.4,0.0,17.0,0.6960398886159271,64.72726400000101,1.4375169704040993,2488.9378519999955,1828.0,612.0,27.0,450.0,16.666666666666668,0.0,11.0,0.7344498371187146,60.18540700000449,1.3623086217843434,644.2562679999974,447.0,173.0,19.0,129.0,6.7894736842105265,0.0,4.0,0.6938232846187875,31.574611999996705,1.4445207802690523,4,young-old,9.0,13.0,2.0
355,23,181.6545169999954,256.0,91.0,16.0,80.0,5.0,0.0,4.0,1.4092685622565966,5.731568999995943,0.7123706549019427,159.12777700000152,129.0,53.0,5.0,39.0,7.8,0.0,0.0,0.8106692774323038,9.357381000001624,1.2431857578125118,262.44282699999894,157.0,66.0,6.0,41.0,6.833333333333333,0.0,0.0,0.598225532755752,18.22322300000087,1.6823258141025572,667.199861000001,399.0,160.0,8.0,112.0,14.0,0.0,0.0,0.5980217073216678,27.728549999999814,1.67638156030151,54.00980100000015,110.0,33.0,10.0,30.0,3.0,0.0,2.0,2.036667381907215,3.088532000001578,0.4955027614678913,248.02703499999916,121.0,44.0,4.0,27.0,6.75,0.0,0.0,0.48785004425021816,20.620978999999352,2.0668919583333265,520.098321999998,466.0,180.0,10.0,143.0,14.3,0.0,4.0,0.8959844327280906,14.313185999999405,1.1184910150537593,62.9560249999995,94.0,32.0,11.0,27.0,2.4545454545454546,0.0,2.0,1.4931057035446686,6.900085000001127,0.6769465053763387,173.89717600000586,140.0,52.0,10.0,43.0,4.3,0.0,1.0,0.8050734532917043,11.39016800000536,1.251058820143927,42.7331020000056,55.0,23.0,8.0,17.0,2.125,0.0,0.0,1.2870584494426076,5.264002999996592,0.7913537407408445,147.80225499999506,97.0,39.0,8.0,25.0,3.125,0.0,0.0,0.656282273907142,16.137156999997387,1.539606822916615,184.1220220000032,56.0,26.0,3.0,18.0,6.0,0.0,0.0,0.30414612761529974,23.314281999999366,3.3476731272727855,128.6307289999968,145.0,53.0,10.0,42.0,4.2,0.0,4.0,1.1272578576461587,6.743228999999701,0.8932689513888666,400.13394100000005,350.0,149.0,8.0,126.0,15.75,0.0,0.0,0.8747071021400805,11.33573400000023,1.1465155902578799,125.62729399999807,76.0,32.0,8.0,21.0,2.625,0.0,0.0,0.604964077312699,21.933006999999634,1.675030586666641,222.7130840000027,199.0,81.0,8.0,53.0,6.625,0.0,0.0,0.8935263093927502,11.586662000001525,1.1248135555555692,536.7375350000002,215.0,77.0,9.0,56.0,6.222222222222222,0.0,0.0,0.4005682218591251,37.82984800000122,2.5081193224299074,976.0086650000012,667.0,257.0,18.0,212.0,11.777777777777779,0.0,4.0,0.6833955721079579,37.82984800000122,1.4654784759759778,1020.701304999995,746.0,280.0,20.0,234.0,11.7,0.0,6.0,0.7308700364598864,37.82984800000122,1.3700688657718054,113.49951399999554,104.0,46.0,10.0,36.0,3.6,0.0,0.0,0.9163034830264039,7.884004999999888,1.1019370291261703,,,,,,,,,,,,941.3846629999971,651.0,250.0,18.0,202.0,11.222222222222221,0.0,3.0,0.6915345294933938,37.82984800000122,1.4482840969230724,1070.0631799999974,786.0,298.0,20.0,248.0,12.4,0.0,5.0,0.7345360673002522,37.82984800000122,1.3631378089171942,77.61553599999752,79.0,33.0,10.0,28.0,2.8,0.0,0.0,1.0178374597580893,8.844090000005963,0.9950709743589425,2556.8807249999954,1949.0,748.0,21.0,577.0,27.476190476190474,0.0,12.0,0.7622569097352022,27.728549999999814,1.3125671072895253,2086.935621000004,1416.0,571.0,18.0,432.0,24.0,0.0,5.0,0.6785067952031459,45.397647000005236,1.4748661632508864,1093.8847649999952,819.0,309.0,20.0,259.0,12.95,0.0,6.0,0.7487077489373422,37.82984800000122,1.3372674388752999,4,young-old,20.0,15.0,4.0
356,16,59.99076000000059,27.0,12.0,6.0,11.0,1.8333333333333333,0.0,0.0,0.4500693106738393,9.85399000000325,2.307336923076946,212.4563300000009,71.0,27.0,2.0,10.0,5.0,4.0,2.0,0.33418632431427064,13.799880000005942,3.0350904285714413,219.88661000000138,51.0,19.0,5.0,9.0,1.8,0.0,0.0,0.2319377246299794,30.589890000002924,4.397732200000028,660.1557299999986,230.0,86.0,17.0,67.0,3.9411764705882355,0.0,0.0,0.3484026412979866,24.69886000000406,2.882776113537112,79.21856999999727,76.0,34.0,13.0,32.0,2.4615384615384617,0.0,0.0,0.959371016164551,8.249689999996917,1.0562475999999636,208.41621999999916,145.0,63.0,19.0,61.0,3.210526315789474,0.0,4.0,0.6957232023496088,18.85156000000279,1.4473348611111052,470.2447800000009,167.0,59.0,10.0,40.0,4.0,0.0,4.0,0.35513419202654345,23.439440000001923,2.8327998795180775,106.1617699999988,66.0,28.0,7.0,25.0,3.5714285714285716,0.0,0.0,0.62169272422644,7.730199999998149,1.6332579999999814,55.07100999999966,23.0,7.0,3.0,4.0,1.3333333333333333,0.0,0.0,0.4176426036130469,11.971389999998792,2.5032277272727117,19.901989999998477,13.0,6.0,4.0,5.0,1.25,0.0,0.0,0.6532010115571857,7.828740000004473,1.6584991666665398,70.01420000000508,37.0,13.0,5.0,10.0,2.0,0.0,2.0,0.5284642258284364,6.793940000003204,1.9448388888890298,234.76220000000467,109.0,46.0,19.0,35.0,1.8421052631578947,0.0,0.0,0.4642996189335329,27.52850000000035,2.1737240740741175,125.48316999999952,77.0,32.0,9.0,25.0,2.7777777777777777,0.0,1.0,0.6136281064624068,7.629650000002584,1.6510943421052569,681.386559999999,405.0,128.0,10.0,107.0,10.7,2.0,6.0,0.5943762671221466,20.521380000005593,1.6866003960396014,241.8576600000015,78.0,32.0,7.0,19.0,2.7142857142857144,0.0,0.0,0.3225037404231874,13.621689999999944,3.141008571428591,229.94378000000142,76.0,31.0,5.0,19.0,3.8,0.0,0.0,0.33051557211071125,42.546080000000075,3.0659170666666857,,,,,,,,,,,,,,,,,,,,,,,,,,,,,,,,,,,,,,,,,,,,,,,,,,,,,,,,,,,,,,,,,,,,,,,,,,,,,,,,,,,,,,,,,2612.0304099999994,1121.0,451.0,27.0,373.0,13.814814814814815,4.0,12.0,0.4291680509186722,30.589890000002924,2.332170008928571,2030.6458100000018,1044.0,397.0,26.0,316.0,12.153846153846153,2.0,9.0,0.5141221550596257,42.546080000000075,1.9469279098753614,,,,,,,,,,,,2,MCI,33.0,,
357,24,367.9492489999975,420.0,142.0,21.0,109.0,5.190476190476191,0.0,6.0,1.1414617671906238,14.792793000000529,0.8781604988066767,174.5973159999994,85.0,30.0,5.0,18.0,3.6,0.0,0.0,0.4868345169750507,24.194718000006105,2.078539476190469,364.47157300000254,142.0,51.0,3.0,30.0,10.0,0.0,0.0,0.38960514487092524,44.80963999999949,2.5849047730496633,564.4961229999972,252.0,98.0,8.0,64.0,8.0,0.0,0.0,0.44641582064506274,38.2141100000008,2.2489885378485943,62.06398000000627,95.0,31.0,11.0,26.0,2.3636363636363638,0.0,4.0,1.530678503054274,4.095214000000851,0.6602551063830454,251.98343400000158,73.0,26.0,3.0,10.0,3.3333333333333335,0.0,0.0,0.2897015841128649,33.00749099999666,3.4997699166666885,466.01624699999957,202.0,69.0,8.0,38.0,4.75,0.0,2.0,0.4334612823058939,30.208645999999135,2.318488791044774,60.370060000001104,118.0,43.0,9.0,36.0,4.0,0.0,2.0,1.9546112758542535,6.264401000000362,0.5159834188034282,149.5972679999977,102.0,38.0,16.0,30.0,1.875,0.0,1.0,0.6818306334310968,18.39404900000227,1.481161069306908,32.43493899999885,38.0,14.0,8.0,12.0,1.5,0.0,0.0,1.1715761204299273,8.593201000003319,0.8766199729729418,115.86154299999907,72.0,31.0,8.0,20.0,2.5,0.0,0.0,0.6214313924681685,11.635825999997905,1.6318527183098461,254.98073800000566,82.0,28.0,3.0,8.0,2.6666666666666665,0.0,0.0,0.3215929196973231,23.717225000000326,3.1479103456790822,134.97642800000176,157.0,53.0,12.0,47.0,3.9166666666666665,0.0,5.0,1.1631660603731337,8.862398999997822,0.8652335128205241,324.2398500000054,204.0,76.0,8.0,47.0,5.875,0.0,0.0,0.6291638735954159,20.41952599999786,1.5972406403941153,130.4400800000003,92.0,37.0,8.0,24.0,3.0,0.0,0.0,0.7053046885589137,10.869140000002517,1.433407472527476,172.53622899999755,115.0,49.0,6.0,28.0,4.666666666666667,0.0,0.0,0.6665266806080573,25.542827000004763,1.5134756929824347,383.578214000001,95.0,26.0,2.0,4.0,2.0,0.0,0.0,0.24766787198190496,38.834561000003305,4.080619297872351,214.86884099999588,135.0,44.0,8.0,28.0,3.5,0.0,0.0,0.6282902601033836,21.72956400000112,1.603498813432805,179.70600600000034,177.0,69.0,13.0,51.0,3.923076923076923,0.0,4.0,0.9849420391659012,8.98195300000225,1.0210568522727292,290.338539999997,226.0,87.0,13.0,59.0,4.538461538461538,0.0,4.0,0.7784016548405951,17.650104000000283,1.2903935111110978,5.4569160000028205,7.0,3.0,1.0,0.0,0.0,0.0,0.0,1.282775838953061,2.0942040000009,0.9094860000004701,88.48098999999638,56.0,21.0,3.0,10.0,3.3333333333333335,0.0,2.0,0.6329043108582113,6.903926999999385,1.608745272727207,238.17184599999746,181.0,69.0,13.0,45.0,3.4615384615384617,0.0,4.0,0.7599554818918519,17.650104000000283,1.323176922222208,118.80607299999974,86.0,27.0,7.0,22.0,3.142857142857143,0.0,0.0,0.7238687200779726,21.72956400000112,1.3977185058823498,2560.0961249999964,1558.0,554.0,25.0,390.0,15.6,0.0,14.0,0.6085708988759171,44.80963999999949,1.644249277456645,1614.961328999998,1043.0,388.0,25.0,265.0,10.6,0.0,10.0,0.6458358979071265,25.542827000004763,1.5498669184261016,839.0166529999988,432.0,149.0,17.0,88.0,5.176470588235294,0.0,4.0,0.5148884690850118,38.834561000003305,1.9466743689095098,4,young-old,18.0,13.0,4.0
358,23,273.29210000000603,174.0,83.0,23.0,73.0,3.1739130434782608,0.0,0.0,0.6366814115739027,8.688890000004903,1.5797231213873182,222.4797000000035,65.0,20.0,3.0,5.0,1.6666666666666667,4.0,2.0,0.2921614870929751,14.459370000004128,3.4762453125000548,141.04129000000103,49.0,19.0,2.0,11.0,5.5,0.0,0.0,0.3474159942808212,14.730719999999565,2.938360208333355,464.7786300000007,122.0,46.0,6.0,22.0,3.6666666666666665,0.0,0.0,0.2624905538363496,31.637139999998908,3.8411457024793445,55.842720000000554,61.0,27.0,10.0,25.0,2.5,0.0,0.0,1.0923536675863819,4.123200000001816,0.9307120000000092,105.90841999999975,27.0,12.0,6.0,9.0,1.5,0.0,0.0,0.25493723728481704,30.16538999999466,4.073400769230759,281.03517999999895,116.0,45.0,8.0,31.0,3.875,0.0,6.0,0.4127597121470715,20.254079999998794,2.443784173913034,66.09154000000126,52.0,23.0,7.0,21.0,3.0,0.0,2.0,0.7867875374064367,6.997640000001411,1.2959125490196326,75.58974000000308,52.0,23.0,6.0,22.0,3.6666666666666665,0.0,0.0,0.687924048951589,8.446719999999914,1.4821517647059426,44.22505999999703,28.0,9.0,5.0,7.0,1.4,0.0,0.0,0.6331252009607649,5.091730000000098,1.6379651851850752,85.73615000000427,62.0,24.0,6.0,19.0,3.1666666666666665,0.0,0.0,0.7231488701090136,5.767100000004575,1.405510655737775,176.14914000000135,53.0,21.0,2.0,14.0,7.0,0.0,0.0,0.3008814008402175,17.929779999998573,3.3874834615384875,136.6748099999968,40.0,16.0,8.0,10.0,1.25,0.0,1.0,0.2926654882490851,46.851269999999204,3.5044823076922254,401.59477000000334,179.0,51.0,6.0,24.0,4.0,3.0,6.0,0.44572293608305336,17.126940000001923,2.2561503932584457,82.38528000000224,34.0,14.0,7.0,10.0,1.4285714285714286,0.0,0.0,0.41269508339352706,10.12782000000152,2.4965236363637042,114.63478999999643,41.0,17.0,5.0,9.0,1.8,0.0,0.0,0.3576575662589104,8.813340000000608,2.8658697499999106,321.7307099999962,148.0,65.0,14.0,49.0,3.5,0.0,5.0,0.4600120392610384,15.695700000003853,2.18864428571426,235.64637999999832,122.0,51.0,14.0,40.0,2.857142857142857,0.0,5.0,0.5177249062769429,15.695700000003853,1.947490743801639,39.20046000000002,31.0,14.0,10.0,11.0,1.1,0.0,1.0,0.7908070466520032,3.787929999998596,1.3066820000000008,,,,,,,,,,,,132.06646000000183,73.0,31.0,14.0,27.0,1.9285714285714286,0.0,2.0,0.5527520007729365,15.695700000003853,1.8342563888889143,191.7211099999986,104.0,43.0,12.0,32.0,2.6666666666666665,0.0,5.0,0.5424546102408898,15.165509999998903,1.8613699999999862,153.8987000000052,83.0,36.0,16.0,29.0,1.8125,0.0,3.0,0.5393157966896225,15.695700000003853,1.8768134146342097,6.155610000001616,4.0,2.0,2.0,1.0,0.5,0.0,0.0,0.649813747134557,6.107449999995879,2.0518700000005388,2111.993720000006,835.0,346.0,24.0,256.0,10.666666666666666,4.0,10.0,0.3953610240848622,31.637139999998908,2.532366570743412,1400.070209999998,595.0,216.0,14.0,148.0,10.571428571428571,3.0,7.0,0.42497868731883154,46.851269999999204,2.357020555555552,399.77305999999953,183.0,79.0,16.0,60.0,3.75,0.0,6.0,0.4577597099714528,15.695700000003853,2.1965552747252723,8,younger adult,13.0,14.0,5.0
359,24,388.8805799999973,180.0,79.0,21.0,70.0,3.3333333333333335,0.0,0.0,0.4628670323419114,27.07043999999587,2.1725172067038954,208.3813399999999,28.0,8.0,2.0,4.0,2.0,2.0,2.0,0.134369037074049,38.71067000000039,7.7178274074074045,303.41159000000334,93.0,36.0,7.0,26.0,3.7142857142857144,0.0,0.0,0.30651432926474226,20.167230000006384,3.2979520652174275,416.9190200000012,83.0,25.0,5.0,20.0,4.0,0.0,0.0,0.19907942794262484,48.03929000000062,5.084378292682941,84.8614499999967,58.0,26.0,9.0,24.0,2.6666666666666665,0.0,0.0,0.6834669923740669,13.932249999998021,1.4887973684209945,96.06643999999505,35.0,16.0,5.0,11.0,2.2,0.0,0.0,0.364331185791852,26.00514000000112,2.825483529411619,337.89166000000114,109.0,36.0,6.0,22.0,3.6666666666666665,0.0,11.0,0.3225886072476593,25.995180000005348,3.128626481481492,75.0749300000025,62.0,26.0,14.0,25.0,1.7857142857142858,0.0,6.0,0.8258415958562724,17.104559999999765,1.23073655737709,43.7956800000029,37.0,16.0,8.0,15.0,1.875,0.0,0.0,0.8448321843615066,4.970719999997527,1.2165466666667473,62.727310000002035,39.0,8.0,5.0,6.0,1.2,0.0,0.0,0.6217387609957885,7.440969999996014,1.6507186842105799,158.85362000000168,80.0,20.0,5.0,16.0,3.2,0.0,0.0,0.5036082904500329,7.896169999999984,2.0108053164557176,156.74356999999873,42.0,17.0,3.0,11.0,3.6666666666666665,0.0,0.0,0.26795357538430664,18.000229999997828,3.8230139024389933,163.75076999999874,34.0,12.0,6.0,9.0,1.5,0.0,0.0,0.20763261143749284,26.48084999999992,4.962144545454507,674.3710399999982,211.0,53.0,4.0,34.0,8.5,4.0,16.0,0.31288413571259016,34.58929000000353,3.211290666666658,210.69605999999476,72.0,29.0,7.0,17.0,2.4285714285714284,0.0,0.0,0.34172447268355083,15.279399999999441,2.9675501408449967,162.57216999999946,74.0,35.0,9.0,27.0,3.0,0.0,0.0,0.4551824583506528,12.016680000000633,2.227016027397253,574.178399999997,220.0,95.0,16.0,75.0,4.6875,0.0,4.0,0.3831561758505738,29.02274000000034,2.6218191780821782,291.0315499999997,159.0,70.0,17.0,60.0,3.5294117647058822,2.0,2.0,0.546332519618578,12.41537999999855,1.841971835443036,98.93791999999667,91.0,45.0,16.0,42.0,2.625,0.0,0.0,0.91976867918795,8.341769999999087,1.099310222222185,403.60061999999743,196.0,81.0,16.0,69.0,4.3125,0.0,5.0,0.48562858996599473,29.02274000000034,2.0697467692307563,35.79017000000022,7.0,1.0,1.0,0.0,0.0,2.0,1.0,0.1955844300264558,12.41537999999855,5.965028333333369,276.5541200000007,144.0,62.0,16.0,53.0,3.3125,0.0,4.0,0.5206937434162964,29.02274000000034,1.9339448951048999,185.84275999999954,73.0,29.0,14.0,22.0,1.5714285714285714,2.0,2.0,0.39280518649206553,12.41537999999855,2.581149444444438,4.031609999998182,5.0,5.0,5.0,4.0,0.8,0.0,0.0,1.240199324836047,2.7513099999996484,1.0079024999995454,2317.3466800000024,804.0,317.0,29.0,268.0,9.241379310344827,2.0,20.0,0.34694851958879075,48.03929000000062,2.8858613698630164,2032.0835799999986,722.0,247.0,15.0,191.0,12.733333333333333,4.0,16.0,0.35530034645523806,57.13192999999592,2.8184238280166416,647.4806699999972,248.0,107.0,17.0,84.0,4.9411764705882355,2.0,6.0,0.3830230175056826,29.02274000000034,2.6213792307692194,8,younger adult,14.0,11.0,5.0
360,24,203.61214499999915,133.0,53.0,16.0,50.0,3.125,0.0,0.0,0.6532026859203343,8.49208599999838,1.5425162499999936,160.72161100000085,29.0,5.0,2.0,2.0,1.0,4.0,2.0,0.18043622024171874,20.003543999999238,5.740057535714316,248.16411900000094,65.0,22.0,2.0,11.0,5.5,0.0,0.0,0.26192344107570104,18.208182000002125,3.8775643593750146,416.62964799999463,95.0,21.0,5.0,12.0,2.4,0.0,2.0,0.2280202584142577,20.013221000001067,4.432230297872283,48.13744600000064,47.0,20.0,8.0,18.0,2.25,0.0,0.0,0.9763708693643485,5.154448000001139,1.0464662173913182,144.70301100000506,54.0,21.0,6.0,11.0,1.8333333333333333,0.0,0.0,0.37317813656274307,12.8965659999958,2.730245490566133,399.17272899999807,195.0,65.0,8.0,54.0,6.75,0.0,22.0,0.4885103260648874,24.380684000003384,2.0575913865979283,68.82657800000015,38.0,15.0,6.0,12.0,2.0,0.0,2.0,0.5521122959214958,14.935910000000149,1.8601777837837878,71.21044000000256,30.0,13.0,4.0,8.0,2.0,0.0,0.0,0.421286541692467,10.483176999994612,2.455532413793192,34.71463600000425,21.0,9.0,5.0,6.0,1.2,0.0,0.0,0.6049321675156678,7.679778999998234,1.7357318000002124,131.69307700000354,59.0,20.0,7.0,17.0,2.4285714285714284,0.0,0.0,0.44801140154086017,12.224237999995239,2.270570293103509,173.03624000000127,42.0,20.0,4.0,15.0,3.75,0.0,0.0,0.2427237207650819,34.86087099999713,4.220396097561006,252.55038599999534,117.0,48.0,7.0,36.0,5.142857142857143,0.0,2.0,0.46327389101675004,15.298107999995409,2.17715849999996,488.8114559999958,207.0,53.0,7.0,31.0,4.428571428571429,2.0,8.0,0.4234761633737196,15.397720000000845,2.3728711456310476,82.00692199999321,34.0,15.0,6.0,10.0,1.6666666666666667,0.0,0.0,0.414599148106093,17.42382300000463,2.485058242424037,305.4444220000005,87.0,38.0,7.0,19.0,2.7142857142857144,0.0,0.0,0.28483086851067085,27.750733000000764,3.551679325581401,95.98529699999926,22.0,9.0,2.0,4.0,2.0,0.0,0.0,0.22920177035030864,12.02350899999874,4.570728428571393,262.877072999996,92.0,38.0,10.0,28.0,2.8,0.0,8.0,0.3499734645934733,22.467132999998285,2.888759043956,36.48205299999972,17.0,7.0,6.0,6.0,1.0,0.0,1.0,0.46598254763787905,17.99811999999656,2.2801283124999827,272.42554999999993,107.0,41.0,15.0,31.0,2.066666666666667,0.0,9.0,0.3927678589618339,22.015940999997838,2.5700523584905652,181.6877880000029,77.0,33.0,12.0,26.0,2.1666666666666665,0.0,6.0,0.42380393777483144,22.467132999998285,2.3906287894737224,124.16569299999537,57.0,21.0,12.0,16.0,1.3333333333333333,0.0,6.0,0.4590640024857923,17.99811999999656,2.2172445178570603,440.6924840000065,184.0,71.0,18.0,56.0,3.111111111111111,0.0,13.0,0.4175247064118236,22.467132999998285,2.4081556502732595,110.19508599999972,54.0,22.0,7.0,18.0,2.5714285714285716,0.0,4.0,0.4900400005132728,11.132125999996788,2.0791525660377306,2112.4413920000006,814.0,286.0,18.0,230.0,12.777777777777779,4.0,28.0,0.3853361343338039,52.782443000003695,2.5983288954489554,2329.4422540000014,824.0,301.0,14.0,205.0,14.642857142857142,2.0,10.0,0.35373274378665903,58.549802000001364,2.83042801215067,590.9487420000005,225.0,88.0,18.0,66.0,3.6666666666666665,0.0,15.0,0.38074368216524573,22.467132999998285,2.6381640267857165,8,younger adult,12.0,11.0,4.0
361,23,321.5998699999982,128.0,62.0,19.0,55.0,2.8947368421052633,0.0,0.0,0.39801011113593027,23.95513999999821,2.5322824409448677,122.36275999999634,19.0,4.0,1.0,0.0,0.0,4.0,2.0,0.15527600063941488,32.211380000000645,6.797931111110908,211.45718000000488,64.0,26.0,2.0,8.0,4.0,0.0,0.0,0.30266174929599704,33.03875999999582,3.356463174603252,416.92490000000544,73.0,23.0,6.0,17.0,2.8333333333333335,0.0,0.0,0.17509148530106752,87.25228000000061,5.790623611111187,55.53968000000168,57.0,25.0,9.0,21.0,2.3333333333333335,0.0,0.0,1.026293273565823,6.166169999996782,0.99178000000003,130.9236400000009,29.0,16.0,5.0,14.0,2.8,0.0,0.0,0.2215031601626704,43.48557000000437,4.675844285714318,235.74736999999732,101.0,33.0,7.0,21.0,3.0,0.0,14.0,0.4284247158303448,21.076520000002347,2.3574736999999732,46.93203000000358,36.0,16.0,6.0,13.0,2.1666666666666665,0.0,1.0,0.7670667559020408,11.279349999997066,1.340915142857245,47.79638999999588,33.0,16.0,7.0,12.0,1.7142857142857142,0.0,0.0,0.6904287122940215,10.056429999996908,1.4936371874998713,35.478549999999814,22.0,10.0,6.0,7.0,1.1666666666666667,0.0,0.0,0.6200929857618227,16.832130000002508,1.689454761904753,203.20609999999579,75.0,36.0,7.0,26.0,3.7142857142857144,0.0,0.0,0.36908340842131,14.449609999996028,2.7460283783783215,163.37370000000374,39.0,13.0,2.0,4.0,2.0,0.0,0.0,0.2387165131229758,22.803140000003623,4.29930789473694,110.14663000000292,49.0,23.0,5.0,15.0,3.0,0.0,1.0,0.4448615450150286,18.470190000000002,2.294721458333394,293.8767499999958,74.0,25.0,7.0,9.0,1.2857142857142858,4.0,8.0,0.2518062419024338,85.0688799999989,4.025708904109532,76.11425999999483,30.0,12.0,4.0,5.0,1.25,0.0,0.0,0.39414427730102136,12.25850000000355,2.6246296551722357,265.92777999999817,75.0,34.0,4.0,7.0,1.75,0.0,0.0,0.2820314598196567,15.889989999996033,3.593618648648624,136.21902999999293,39.0,18.0,2.0,5.0,2.5,0.0,0.0,0.2863036097085849,33.126799999998184,3.5847113157892876,227.74338000000716,103.0,44.0,12.0,34.0,2.8333333333333335,0.0,9.0,0.4522634203461666,56.89229999999952,2.232778235294188,10.727599999998347,15.0,9.0,7.0,8.0,1.1428571428571428,0.0,0.0,1.3982624258923069,2.6522599999952945,0.7662571428570247,,,,,,,,,,,,130.6699099999969,39.0,17.0,7.0,13.0,1.8571428571428572,0.0,2.0,0.29846197950240366,56.89229999999952,3.4386818421051815,78.91565999999875,12.0,5.0,2.0,4.0,2.0,0.0,2.0,0.15206107380968734,56.89229999999952,7.174150909090796,164.39603999999963,66.0,29.0,11.0,22.0,2.0,0.0,4.0,0.4014695244484,56.89229999999952,2.5291698461538403,36.44322000000102,28.0,11.0,6.0,7.0,1.1666666666666667,0.0,4.0,0.7683184965543445,4.946859999996377,1.3497488888889266,2012.4297399999996,638.0,255.0,21.0,193.0,9.19047619047619,4.0,17.0,0.3170297016183035,87.25228000000061,3.1592303610675034,1491.8569700000007,490.0,207.0,14.0,117.0,8.357142857142858,4.0,9.0,0.32844971726746686,85.0688799999989,3.050832249488754,371.0420299999969,149.0,65.0,15.0,42.0,2.8,0.0,9.0,0.40157175724809735,56.89229999999952,2.507040743243222,3,middle-aged,9.0,17.0,6.0
362,24,241.9771929999988,156.0,70.0,19.0,65.0,3.4210526315789473,0.0,0.0,0.6446888571023335,14.186612999998033,1.5611431806451537,161.89968800000497,58.0,17.0,2.0,10.0,5.0,4.0,2.0,0.35824652114214217,15.113684000003559,2.8403454035088593,392.5355619999973,108.0,34.0,3.0,12.0,4.0,0.0,0.0,0.27513430744906814,28.234910999999556,3.6685566542055823,415.19699799999944,82.0,21.0,5.0,15.0,3.0,0.0,0.0,0.19749661099428303,54.01284200000373,5.125888864197524,74.07905800000299,73.0,31.0,11.0,28.0,2.5454545454545454,0.0,0.0,0.9854336970645207,6.937026999999944,1.028875805555597,142.84127000000444,91.0,42.0,9.0,38.0,4.222222222222222,0.0,0.0,0.6370707849348943,6.739724999999453,1.5871252222222716,300.8865450000012,152.0,50.0,11.0,33.0,3.0,3.0,14.0,0.5051738023047837,22.562574000003224,1.9926261258278226,133.8165899999949,56.0,23.0,9.0,14.0,1.5555555555555556,0.0,0.0,0.4184832388869133,17.653709999998682,2.4330289090908166,31.19129999999859,23.0,12.0,6.0,9.0,1.5,0.0,0.0,0.7373851041797245,6.743299000001571,1.4177863636362995,61.99742200000037,36.0,9.0,4.0,5.0,1.25,0.0,0.0,0.5806693058946836,9.027205000005779,1.7713549142857248,143.18024399999558,95.0,30.0,7.0,23.0,3.2857142857142856,0.0,0.0,0.6634993581935992,6.122988000002806,1.523194085106336,320.3675890000013,92.0,36.0,3.0,17.0,5.666666666666667,0.0,0.0,0.2871701231924545,20.075142000001506,3.5205229560439704,159.58869499999855,71.0,32.0,6.0,25.0,4.166666666666667,0.0,0.0,0.4448936686900074,25.400783999997657,2.2798384999999795,375.2047289999973,155.0,42.0,6.0,20.0,3.3333333333333335,5.0,8.0,0.4131077996087867,18.095479999996314,2.436394344155827,122.83908299999894,47.0,20.0,8.0,17.0,2.125,0.0,0.0,0.382614383404347,25.49439999999595,2.6704148478260636,143.3522940000039,54.0,25.0,7.0,20.0,2.857142857142857,0.0,0.0,0.3766943555155004,21.860366000000795,2.704760264151017,195.13249599999835,51.0,14.0,4.0,6.0,1.5,0.0,0.0,0.26136087553556653,27.756861000001663,3.902649919999967,357.60202500000014,136.0,51.0,13.0,33.0,2.5384615384615383,0.0,4.0,0.38031104549813427,27.756861000001663,2.64890388888889,5.466770999999426,9.0,6.0,6.0,5.0,0.8333333333333334,0.0,0.0,1.6463100429853281,1.5174460000052932,0.6833463749999282,180.01779499999975,55.0,18.0,7.0,9.0,1.2857142857142858,0.0,2.0,0.3055253509798855,27.756861000001663,3.333662870370366,318.8792889999968,120.0,46.0,13.0,30.0,2.3076923076923075,0.0,3.0,0.37631794895278137,27.756861000001663,2.6796578907562756,96.4374669999961,50.0,22.0,9.0,15.0,1.6666666666666667,0.0,1.0,0.5184706894054156,16.98491799999465,1.968111571428492,259.16318099999626,93.0,33.0,12.0,22.0,1.8333333333333333,0.0,2.0,0.35884727005261347,27.756861000001663,2.816991097826046,2.948077999993984,5.0,4.0,4.0,3.0,0.75,0.0,0.0,1.6960202545557488,1.6032759999943664,0.737019499998496,2251.674048999994,921.0,347.0,22.0,267.0,12.136363636363637,7.0,16.0,0.40902900684449933,54.01284200000373,2.4474717923912976,1733.8440499999997,711.0,263.0,15.0,180.0,12.0,5.0,8.0,0.4100714824957874,33.930107000000135,2.442033873239436,384.41890599999897,155.0,61.0,18.0,40.0,2.2222222222222223,0.0,6.0,0.40320597551463927,27.756861000001663,2.4962266623376554,8,younger adult,12.0,10.0,6.0
363,24,128.20730999999796,72.0,35.0,13.0,29.0,2.230769230769231,0.0,0.0,0.5615904428538524,11.516669999997248,1.8057367605633516,104.73455000000104,21.0,4.0,1.0,0.0,0.0,4.0,2.0,0.20050690054045958,43.508099999999104,5.236727500000052,169.6189200000008,35.0,17.0,3.0,8.0,2.6666666666666665,0.0,0.0,0.20634490539144945,28.56992000000173,4.988791764705906,434.0736900000047,66.0,18.0,5.0,16.0,3.2,0.0,0.0,0.15204791610382856,49.8576200000025,6.6780567692308415,59.637660000000324,50.0,23.0,9.0,19.0,2.111111111111111,0.0,0.0,0.8383964092487822,8.531539999996312,1.217095102040823,107.13880000000063,25.0,11.0,5.0,8.0,1.6,0.0,0.0,0.23334216922347323,65.65222999999969,4.464116666666693,273.9462300000014,83.0,29.0,6.0,15.0,2.5,0.0,6.0,0.3029791649259038,21.01636000000144,3.340807682926846,36.89477999999508,18.0,7.0,4.0,6.0,1.5,0.0,2.0,0.487873894355852,12.116739999997662,2.170281176470299,92.29167999999481,61.0,27.0,5.0,20.0,4.0,0.0,2.0,0.6609479857773033,9.060069999999541,1.5381946666665802,24.956120000002556,18.0,7.0,3.0,4.0,1.3333333333333333,0.0,0.0,0.7212659660234907,7.975780000000668,1.4680070588236798,66.39676000000327,68.0,30.0,10.0,27.0,2.7,0.0,0.0,1.0241463589487898,4.923739999998361,0.9909964179104965,109.84795999999915,41.0,18.0,3.0,10.0,3.3333333333333335,0.0,0.0,0.3732431626404379,18.91182000000117,2.7461989999999785,129.69670000000042,62.0,29.0,6.0,18.0,3.0,0.0,1.0,0.4780383772293343,12.690600000001723,2.1261754098360726,300.60811999999714,87.0,33.0,5.0,24.0,4.8,4.0,2.0,0.289413339865872,32.011310000001686,3.49544325581392,122.06359999999404,33.0,11.0,6.0,9.0,1.5,0.0,0.0,0.2703508662697283,25.108690000000934,3.8144874999998137,124.35526000000391,39.0,19.0,6.0,15.0,2.5,0.0,0.0,0.3136176145665151,22.999190000002272,3.2725068421053662,58.50026000000071,39.0,19.0,8.0,16.0,2.0,0.0,0.0,0.6666637037168643,8.096630000000005,1.539480526315808,217.72434999999678,82.0,35.0,7.0,30.0,4.285714285714286,0.0,1.0,0.37662300978278823,28.50890999999683,2.6879549382715653,14.803280000000086,12.0,7.0,6.0,6.0,1.0,0.0,0.0,0.8106311574191618,6.060940000003029,1.3457527272727352,266.22523999999976,124.0,55.0,17.0,47.0,2.764705882352941,0.0,3.0,0.46577101404810495,28.50890999999683,2.164432845528453,14.79091999999946,7.0,3.0,2.0,2.0,1.0,0.0,0.0,0.47326332641919877,5.225680000003194,2.465153333333243,54.41498000000138,10.0,4.0,3.0,3.0,1.0,0.0,1.0,0.1837729242940041,14.665789999999106,6.046108888889042,162.72088000000076,82.0,37.0,12.0,33.0,2.75,0.0,2.0,0.5039304113891199,14.665789999999106,2.008899753086429,6.082670000003418,9.0,4.0,3.0,3.0,1.0,0.0,0.0,1.479613393459606,2.2952300000033574,0.7603337500004272,1641.2588499999983,483.0,197.0,16.0,150.0,9.375,4.0,10.0,0.2942863034676099,65.65222999999969,3.4051013485477144,1345.7201199999981,590.0,252.0,25.0,206.0,8.24,4.0,6.0,0.4384269739535445,32.011310000001686,2.284754023769097,324.72550000000047,162.0,73.0,22.0,63.0,2.8636363636363638,0.0,3.0,0.49888290263622587,28.50890999999683,2.0169285714285743,8,younger adult,14.0,10.0,5.0
365,24,322.9863190000033,142.0,65.0,19.0,54.0,2.8421052631578947,0.0,0.0,0.4396471046812313,23.967187999995076,2.2906831134752004,227.05365699999675,37.0,13.0,1.0,0.0,0.0,3.0,2.0,0.16295707582459476,31.921153999996022,6.307046027777687,378.99876999999833,58.0,20.0,3.0,3.0,1.0,0.0,0.0,0.15303479744802406,42.97300499999983,6.649101228070146,422.9864929999967,58.0,13.0,3.0,8.0,2.6666666666666665,0.0,0.0,0.1371202176897891,76.00757999999769,7.420815666666609,76.09306700000161,52.0,25.0,9.0,22.0,2.4444444444444446,0.0,0.0,0.68337369027324,10.044401999999536,1.492020921568659,137.02303199999733,31.0,13.0,10.0,11.0,1.1,0.0,1.0,0.22623933763194354,64.0681059999988,4.567434399999911,491.948473000004,117.0,43.0,12.0,24.0,2.0,0.0,4.0,0.23782978588491124,37.080117000004975,4.240935112069,131.05533899999864,39.0,14.0,5.0,9.0,1.8,0.0,2.0,0.2975842136427605,27.012709999995423,3.44882471052628,41.012252000000444,22.0,11.0,5.0,6.0,1.2,0.0,0.0,0.5364250663435834,4.940799000003608,1.9529643809524022,53.001643999996304,19.0,9.0,6.0,6.0,1.0,0.0,0.0,0.358479446411159,18.020798999998078,2.9445357777775722,155.9865179999979,40.0,18.0,6.0,11.0,1.8333333333333333,0.0,0.0,0.256432418088854,11.923001999995904,3.9996543076922535,188.99100899999758,22.0,9.0,1.0,0.0,0.0,0.0,0.0,0.11640765408051916,54.93913800000155,8.999571857142742,363.06940100000065,80.0,37.0,7.0,17.0,2.4285714285714284,0.0,0.0,0.2203435480369767,71.9537349999955,4.594631759493679,366.96211100000073,110.0,38.0,10.0,23.0,2.3,4.0,12.0,0.2997584674348022,24.044324000002234,3.36662487155964,68.01244799999404,30.0,12.0,7.0,8.0,1.1428571428571428,0.0,0.0,0.441095724123952,13.920711999999185,2.3452568275860015,181.95711299999675,30.0,15.0,5.0,6.0,1.2,0.0,0.0,0.16487401621941833,46.00888299999497,6.27438320689644,217.02708999999595,29.0,14.0,3.0,4.0,1.3333333333333333,0.0,0.0,0.13362387156368608,61.142049999994924,7.750967499999855,289.6849000000002,78.0,31.0,3.0,17.0,5.666666666666667,0.0,2.0,0.26925808007252,39.14062000000558,3.762141558441561,27.533390000004147,34.0,16.0,9.0,15.0,1.6666666666666667,0.0,0.0,1.2348642865987398,2.281969999996363,0.8343451515152772,236.23834999999963,117.0,55.0,15.0,43.0,2.8666666666666667,0.0,2.0,0.4952625177072232,22.679309999999532,2.036537499999997,234.573470000003,63.0,24.0,2.0,12.0,6.0,0.0,2.0,0.26857257131422063,23.294990000002144,3.7834430645161774,131.169879999994,62.0,28.0,10.0,21.0,2.1,0.0,2.0,0.4726694878428099,11.8987599999964,2.150325901639246,373.30859000000055,137.0,60.0,13.0,42.0,3.230769230769231,0.0,2.0,0.3669886085396529,39.14062000000558,2.7449161029411804,10.598779999992985,10.0,7.0,6.0,5.0,0.8333333333333334,0.0,0.0,0.9435048184797324,2.8597499999959837,1.1776422222214427,2655.0603790000023,672.0,268.0,27.0,188.0,6.962962962962963,3.0,9.0,0.25310158869272154,76.00757999999769,3.9568709076005995,1659.0334079999957,403.0,173.0,20.0,99.0,4.95,4.0,12.0,0.24291252849804038,71.9537349999955,4.126948776119392,763.7239999999947,233.0,105.0,18.0,71.0,3.9444444444444446,0.0,4.0,0.30508403559401254,61.142049999994924,3.2919137931034252,7,at risk,10.0,,
366,24,188.9281970000011,133.0,58.0,15.0,55.0,3.6666666666666665,0.0,0.0,0.703971149420323,10.051348000000871,1.4312742196969779,162.88868699999875,54.0,20.0,2.0,12.0,6.0,6.0,2.0,0.3315147355813631,17.062448000004224,3.073371452830165,325.65563100000145,102.0,36.0,3.0,18.0,6.0,0.0,0.0,0.31321429845013044,16.012038000000757,3.224313178217836,428.50466199999937,123.0,34.0,7.0,17.0,2.4285714285714284,0.0,0.0,0.28704471831394024,32.031897000000754,3.512333295081962,63.572227000004204,73.0,30.0,12.0,27.0,2.25,0.0,0.0,1.1483001846072685,6.085915000003297,0.8829475972222807,144.96162699999695,57.0,20.0,4.0,17.0,4.25,0.0,0.0,0.39320750725294495,14.778310000001511,2.5886004821428026,275.6691109999956,161.0,45.0,8.0,31.0,3.875,3.0,8.0,0.5840335154561533,11.327651999999944,1.7229319437499726,79.4297000000006,36.0,16.0,9.0,15.0,1.6666666666666667,0.0,0.0,0.45323097027937576,19.116457999996783,2.269420000000017,68.8516610000006,39.0,16.0,6.0,14.0,2.3333333333333335,0.0,0.0,0.5664351365466646,11.089311999996426,1.8118858157894895,45.04446000000462,36.0,16.0,6.0,10.0,1.6666666666666667,0.0,0.0,0.7992103801443353,4.814891000001808,1.2869845714287034,89.93985099999554,61.0,18.0,5.0,10.0,2.0,0.0,0.0,0.6782310546634441,7.063669000002847,1.4989975166665923,245.14328899999964,100.0,39.0,2.0,16.0,8.0,0.0,0.0,0.4079246893028352,12.574163999997836,2.476194838383835,176.91660799999954,55.0,19.0,7.0,12.0,1.7142857142857142,0.0,0.0,0.31088093210559486,18.348787999995693,3.276233481481473,536.9032880000013,298.0,77.0,6.0,50.0,8.333333333333334,5.0,14.0,0.555034783098589,24.052156000005198,1.807755178451183,61.96070999999938,44.0,15.0,7.0,10.0,1.4285714285714286,0.0,0.0,0.7101274339819611,6.449942999999621,1.4409467441860322,112.40113199999905,66.0,21.0,6.0,15.0,2.5,0.0,0.0,0.5871826984803014,8.832227000006242,1.72924818461537,117.42775000000256,28.0,9.0,2.0,4.0,2.0,0.0,0.0,0.23844449033554155,23.082820000003267,4.349175925926021,223.78899599999568,142.0,53.0,10.0,45.0,4.5,0.0,6.0,0.6345262838571506,9.50887800000055,1.5871559999999694,182.18175299999712,113.0,40.0,16.0,33.0,2.0625,0.0,4.0,0.6202597029571989,7.598930000000109,1.6266227946428313,221.99210999999923,151.0,57.0,16.0,49.0,3.0625,0.0,4.0,0.6802043550106377,9.50887800000055,1.4799473999999948,151.47253900000214,106.0,43.0,10.0,40.0,4.0,0.0,4.0,0.6997968126750586,9.50887800000055,1.44259560952383,153.6841579999964,81.0,25.0,7.0,18.0,2.5714285714285716,0.0,4.0,0.5270549746578428,7.598930000000109,1.9210519749999548,116.90011499999673,90.0,37.0,10.0,34.0,3.4,0.0,2.0,0.769888036466025,9.50887800000055,1.3134844382022104,3.912263999998686,5.0,5.0,5.0,4.0,0.8,0.0,0.0,1.2780323618246825,1.71583400000236,0.9780659999996715,2039.2805530000041,891.0,314.0,19.0,236.0,12.421052631578947,9.0,10.0,0.43691879407629414,32.031897000000754,2.2913264640449484,1678.9674599999998,881.0,277.0,15.0,183.0,12.2,5.0,14.0,0.5247272630286712,24.052156000005198,1.907917568181818,421.7439460000023,224.0,85.0,18.0,69.0,3.8333333333333335,0.0,8.0,0.5311279560133835,23.082820000003267,1.8912284573991136,3,middle-aged,13.0,9.0,4.0
367,21,213.7234080000053,145.0,56.0,23.0,51.0,2.217391304347826,0.0,0.0,0.6784469766643269,8.592619999995804,1.4841903333333701,185.99306100000103,50.0,15.0,2.0,7.0,3.5,4.0,2.0,0.2688272332912448,25.07992500000546,3.795776755102062,411.5494369999942,87.0,13.0,2.0,2.0,1.0,0.0,0.0,0.21139623135968771,34.55222499999945,4.785458569767375,503.5149319999982,136.0,38.0,7.0,18.0,2.5714285714285716,0.0,0.0,0.2701012251211658,30.455354999998235,3.729740237037024,57.83900300000096,69.0,28.0,17.0,27.0,1.588235294117647,0.0,0.0,1.1929666215027748,5.649923999997554,0.8505735735294259,,,,,,,,,,,,333.7746560000014,142.0,49.0,9.0,34.0,3.7777777777777777,2.0,6.0,0.4254367353763355,12.529765999999654,2.3671961418439817,80.7222099999999,53.0,22.0,8.0,17.0,2.125,0.0,1.0,0.6565727078086695,11.907387000006565,1.5523501923076906,92.39837600000465,56.0,26.0,7.0,23.0,3.2857142857142856,0.0,0.0,0.6060712582220837,23.606431000000157,1.6799704727273572,23.107559000003675,23.0,8.0,5.0,6.0,1.2,0.0,0.0,0.9953452893919406,4.8492890000052284,1.050343590909258,98.13450800000282,70.0,24.0,6.0,18.0,3.0,0.0,0.0,0.7133066790328024,4.961412999997265,1.4222392463768525,,,,,,,,,,,,178.94109000000026,67.0,29.0,9.0,20.0,2.2222222222222223,0.0,0.0,0.3744249015136764,29.321447999995144,2.71122863636364,398.43998499999725,184.0,34.0,6.0,18.0,3.0,8.0,10.0,0.46180104137892003,14.754519000001892,2.1772676775956135,29.811039000000164,25.0,9.0,7.0,8.0,1.1428571428571428,0.0,0.0,0.8386155209149155,5.637310000005527,1.242126625000007,60.74765599999955,33.0,12.0,4.0,9.0,2.25,0.0,0.0,0.543230836758545,8.583427000005031,1.898364249999986,33.86067300000286,17.0,9.0,6.0,7.0,1.1666666666666667,0.0,0.0,0.5020573572178723,21.0526119999995,2.116292062500179,412.4518060000046,134.0,47.0,10.0,33.0,3.3,0.0,5.0,0.32488644261142724,31.883952000003774,3.1011413984962752,235.86378299999342,90.0,36.0,14.0,29.0,2.0714285714285716,0.0,2.0,0.3815761744142063,24.98182899999665,2.6501548651684654,267.6629959999991,98.0,39.0,14.0,32.0,2.2857142857142856,0.0,2.0,0.36613204464019494,24.98182899999665,2.759412329896898,,,,,,,,,,,,154.67573399999674,47.0,18.0,7.0,13.0,1.8571428571428572,0.0,1.0,0.30386149646460375,24.98182899999665,3.3625159565216682,288.1900830000013,102.0,37.0,10.0,26.0,2.6,0.0,4.0,0.3539330671555396,31.883952000003774,2.8533671584158546,3.385720999998739,5.0,4.0,4.0,3.0,0.75,0.0,0.0,1.4767903202897883,1.880922999996983,0.8464302499996847,2261.471399000002,864.0,262.0,23.0,192.0,8.347826086956522,6.0,9.0,0.3820521455111267,34.55222499999945,2.6204767079953672,1428.7086380000037,641.0,166.0,16.0,125.0,7.8125,8.0,10.0,0.4486569080294161,39.52733900000021,2.2323572468750057,506.1108080000049,176.0,64.0,16.0,48.0,3.0,0.0,6.0,0.3477499338445234,31.883952000003774,2.8920617600000282,4,young-old,12.0,12.0,3.0
368,24,428.1820609999995,232.0,88.0,21.0,77.0,3.6666666666666665,0.0,0.0,0.5418255950708787,31.80246099999931,1.8536019956709937,161.29703100000188,55.0,16.0,2.0,10.0,5.0,7.0,2.0,0.3409858176496712,20.6900220000025,2.98698205555559,329.0308919999952,63.0,22.0,2.0,12.0,6.0,0.0,0.0,0.19147138317942777,42.91623899999831,5.306949870967665,486.4172330000001,111.0,38.0,9.0,29.0,3.2222222222222223,0.0,0.0,0.22819915181746855,40.86800499999663,4.421974845454547,92.18781200000376,73.0,31.0,10.0,29.0,2.9,0.0,0.0,0.7918617267974319,9.216465999998036,1.28038627777783,147.94296999999642,57.0,22.0,4.0,11.0,2.75,0.0,0.0,0.3852835994843241,16.261782000001404,2.6418387499999363,189.62561100000312,91.0,33.0,7.0,23.0,3.2857142857142856,2.0,10.0,0.47989298238832573,24.743885999996564,2.106951233333368,66.80485600000247,35.0,15.0,6.0,11.0,1.8333333333333333,0.0,0.0,0.5239140100833195,9.985569999997097,1.9648487058824258,110.91138800000044,57.0,25.0,6.0,17.0,2.8333333333333335,0.0,0.0,0.5139237821097304,9.264393999997992,1.980560500000008,54.9471859999976,31.0,11.0,7.0,10.0,1.4285714285714286,0.0,0.0,0.5641781182388731,9.879361999999674,1.8315728666665867,381.24030499999935,157.0,54.0,7.0,38.0,5.428571428571429,0.0,0.0,0.4118137509096796,18.05729799999972,2.443848108974355,301.00925400000415,80.0,28.0,3.0,14.0,4.666666666666667,0.0,0.0,0.2657725599359776,54.62062899999728,3.81024372151904,238.27567600000475,49.0,18.0,8.0,15.0,1.875,0.0,0.0,0.20564415479823892,37.40661199999886,4.964076583333433,502.72261200000503,277.0,63.0,11.0,45.0,4.090909090909091,6.0,18.0,0.5509996833004942,25.781472000002395,1.821458739130453,76.47963300000265,30.0,13.0,6.0,5.0,0.8333333333333334,0.0,0.0,0.3922612965467415,13.447229999997944,2.6372287241380223,232.66219199999614,61.0,26.0,5.0,10.0,2.0,0.0,0.0,0.26218269275139044,29.942042000002402,3.8777031999999356,652.575886999999,150.0,53.0,7.0,29.0,4.142857142857143,0.0,2.0,0.22985832450778282,45.58792600000015,4.379703939597309,814.1708350000044,246.0,92.0,12.0,62.0,5.166666666666667,0.0,5.0,0.3021478901292241,45.58792600000015,3.3231462653061405,1093.9838440000021,394.0,147.0,22.0,110.0,5.0,5.0,8.0,0.3601515709403833,45.58792600000015,2.7836739033078937,289.550937,85.0,36.0,12.0,28.0,2.3333333333333335,0.0,0.0,0.293558020846605,45.58792600000015,3.447034964285714,32.13734600000316,20.0,5.0,3.0,3.0,1.0,0.0,1.0,0.6223289253567494,6.782726000004914,1.6914392631580613,1004.6975590000002,308.0,110.0,12.0,74.0,6.166666666666667,5.0,8.0,0.30655991670424665,45.58792600000015,3.2726304853420203,58.39830099999381,39.0,15.0,10.0,10.0,1.0,0.0,0.0,0.6678276479311296,17.86471999999776,1.536797394736679,4.440333999998984,7.0,5.0,5.0,4.0,0.8,0.0,0.0,1.5764579871697944,1.8922289999973145,0.7400556666664974,2563.6927090000027,956.0,353.0,23.0,282.0,12.26086956521739,9.0,16.0,0.37289960557437424,42.91623899999831,2.684494983246076,2533.716591999997,925.0,301.0,22.0,202.0,9.181818181818182,6.0,18.0,0.36507634789171445,54.62062899999728,2.7421175238095206,1195.0308050000021,451.0,171.0,24.0,131.0,5.458333333333333,5.0,10.0,0.37739612913158266,45.58792600000015,2.655624011111116,6,other medical,11.0,,
370,24,287.96369499999855,131.0,55.0,21.0,52.0,2.4761904761904763,0.0,2.0,0.4549184576896079,25.1701219999959,2.215105346153835,220.2125240000023,39.0,6.0,2.0,2.0,1.0,6.0,2.0,0.1771016438647222,32.59753799999453,5.7950664210526925,241.0041410000049,99.0,46.0,17.0,36.0,2.1176470588235294,0.0,0.0,0.4107813234628113,24.203071000003547,2.4592259285714784,488.99278899999626,102.0,29.0,8.0,15.0,1.875,0.0,0.0,0.20859203304120866,26.979278999999224,4.8415127623762,45.6749159999963,51.0,22.0,9.0,21.0,2.3333333333333335,0.0,0.0,1.1165866183531488,7.503130999997666,0.913498319999926,136.8833700000032,32.0,10.0,5.0,9.0,1.8,0.0,0.0,0.23377565879623838,30.022893000001204,4.4155925806452645,294.3378620000003,79.0,23.0,8.0,15.0,1.875,0.0,12.0,0.26839904137103476,61.20735400000558,3.7735623333333375,54.57828300000256,53.0,26.0,8.0,24.0,3.0,0.0,0.0,0.9710822159795228,5.595938999998907,1.0495823653846645,89.6701549999998,44.0,20.0,5.0,15.0,3.0,0.0,0.0,0.4906872303276391,7.051177000001189,2.0853524418604605,29.342797999997856,22.0,8.0,6.0,6.0,1.0,0.0,0.0,0.7497580837383541,6.449060000006284,1.3972760952379932,66.01752100000158,38.0,15.0,6.0,11.0,1.8333333333333333,0.0,0.0,0.5756047701336603,8.6235880000022,1.7842573243243671,231.5208230000062,84.0,37.0,6.0,22.0,3.6666666666666665,0.0,0.0,0.36281833707889743,12.127546999996412,2.789407506024171,177.2820220000067,59.0,24.0,6.0,22.0,3.6666666666666665,0.0,1.0,0.33280306335854953,10.791919000002963,3.056586586207012,321.9590870000029,120.0,31.0,7.0,20.0,2.857142857142857,1.0,4.0,0.37271816465301044,42.38620599999558,2.705538546218512,61.443985999998404,35.0,13.0,6.0,6.0,1.0,0.0,0.0,0.5696245032020043,7.5374920000031125,1.8071760588234824,249.0548129999952,68.0,22.0,5.0,12.0,2.4,0.0,2.0,0.273032266194355,23.537554000002274,3.717236014925301,357.7358959999983,52.0,10.0,2.0,2.0,1.0,0.0,0.0,0.14535863071454325,28.02332299999398,7.0144293333333,240.39268000000448,114.0,44.0,13.0,33.0,2.5384615384615383,0.0,10.0,0.4742240903508288,8.165813999999955,2.127368849557562,46.76490200000262,34.0,15.0,8.0,12.0,1.5,0.0,1.0,0.7270409761576768,7.769347000001289,1.4171182424243218,69.85557300000073,40.0,18.0,10.0,14.0,1.4,0.0,4.0,0.5726100049311682,7.628283000005467,1.7911685384615572,13.792277000000468,6.0,1.0,1.0,0.0,0.0,0.0,3.0,0.4350260656742753,7.244603999999526,2.7584554000000936,210.75835400000506,92.0,34.0,10.0,26.0,2.6,0.0,9.0,0.43651887696939307,24.549683000004734,2.316025868131924,123.5844120000038,61.0,23.0,11.0,16.0,1.4545454545454546,0.0,5.0,0.4935897579056987,7.774348999999347,2.0597402000000633,4.747870999999577,8.0,5.0,5.0,4.0,0.8,0.0,0.0,1.6849657456996436,3.138872999996238,0.6782672857142253,2354.6004539999994,769.0,278.0,29.0,222.0,7.655172413793103,6.0,16.0,0.32659468772870637,61.20735400000558,3.0658860078124994,1669.0598559999999,619.0,216.0,14.0,142.0,10.142857142857142,1.0,7.0,0.37086746636125434,42.38620599999558,2.7007441035598703,680.3368990000017,195.0,66.0,17.0,46.0,2.7058823529411766,0.0,13.0,0.2866227016153647,28.02332299999398,3.5068912319587717,2,MCI,13.0,12.0,3.0
371,22,178.04935999999725,108.0,52.0,19.0,50.0,2.6315789473684212,0.0,0.0,0.6065733681940877,8.42036999999982,1.6640127102803481,217.22037000000273,55.0,20.0,2.0,8.0,4.0,4.0,2.0,0.2531990899380169,25.04428000000189,4.022599444444495,175.28257000000303,40.0,19.0,2.0,12.0,6.0,0.0,0.0,0.22820295252402625,14.563949999996112,4.4944248717949495,435.3455299999987,106.0,35.0,7.0,17.0,2.4285714285714284,0.0,2.0,0.24348475566063654,30.016710000003513,4.146147904761892,63.390400000003865,57.0,24.0,10.0,22.0,2.2,0.0,0.0,0.8991897826799724,6.63180999999895,1.1319714285714977,113.26638999999705,60.0,29.0,6.0,27.0,4.5,0.0,0.0,0.5297246605988022,15.044409999994969,1.9197693220338483,361.1406900000002,102.0,36.0,8.0,25.0,3.125,0.0,6.0,0.28243840371462975,17.209609999998065,3.5756503960396055,94.89717999999993,31.0,14.0,8.0,10.0,1.25,0.0,0.0,0.3266693488679013,25.5940000000046,3.163239333333331,57.78298000000359,31.0,12.0,5.0,11.0,2.2,0.0,0.0,0.5364901567900803,11.946769999995013,1.926099333333453,37.39027000000351,20.0,8.0,5.0,6.0,1.2,0.0,0.0,0.5348985177159225,8.69992999999522,1.9679089473686058,153.62930999999662,76.0,30.0,7.0,25.0,3.5714285714285716,0.0,0.0,0.49469726837933253,12.572390000001178,2.048390799999955,171.81033000000025,42.0,15.0,3.0,4.0,1.3333333333333333,0.0,0.0,0.2444556156780558,20.577049999999872,4.190495853658542,242.58873000000312,61.0,28.0,10.0,21.0,2.1,0.0,1.0,0.25145438537066095,20.671259999995527,4.043145500000052,386.0833300000013,160.0,40.0,7.0,24.0,3.4285714285714284,4.0,6.0,0.41441830705303817,22.16106000000582,2.4281970440251652,83.47938000000431,41.0,17.0,7.0,13.0,1.8571428571428572,0.0,0.0,0.4911392489977511,13.433969999998226,2.0869845000001077,203.3607800000027,88.0,41.0,10.0,29.0,2.9,0.0,0.0,0.4327284739958159,20.470369999995455,2.3374802298850885,179.21284000000014,24.0,10.0,2.0,4.0,2.0,0.0,0.0,0.13391897589480742,26.503829999994196,7.791862608695658,388.5772900000011,145.0,64.0,10.0,48.0,4.8,0.0,5.0,0.3731561358102003,18.811949999995704,2.698453402777785,,,,,,,,,,,,375.2974800000011,149.0,65.0,10.0,48.0,4.8,0.0,5.0,0.39701838658761995,15.495370000004186,2.535793783783791,,,,,,,,,,,,236.30305000000226,103.0,44.0,8.0,34.0,4.25,0.0,5.0,0.4358809587942222,15.495370000004186,2.316696568627473,238.6828400000013,91.0,42.0,9.0,32.0,3.5555555555555554,0.0,2.0,0.3812590800411102,18.811949999995704,2.65203155555557,17.187310000001162,14.0,7.0,6.0,6.0,1.0,0.0,0.0,0.8145544590746925,5.45897999999579,1.3221007692308586,2058.720969999995,713.0,293.0,22.0,221.0,10.045454545454545,4.0,10.0,0.3463315380714278,30.016710000003513,2.8914620365168466,1841.4435000000012,684.0,249.0,15.0,178.0,11.866666666666667,4.0,7.0,0.37144772565652956,22.740539999998873,2.696110541727674,656.5709500000012,203.0,88.0,15.0,63.0,4.2,0.0,6.0,0.30918212266320894,26.503829999994196,3.250351237623768,5,old-old,9.0,17.0,4.0
372,24,163.47199900000123,118.0,50.0,9.0,45.0,5.0,0.0,0.0,0.72183615984288,10.344088999998348,1.3971965726495832,210.90564599999925,55.0,15.0,3.0,7.0,2.3333333333333335,4.0,2.0,0.2607801215525553,38.63794900000357,3.9056601111110973,231.21661799999856,71.0,32.0,2.0,18.0,9.0,0.0,0.0,0.30707135418787435,31.30401400000119,3.303094542857122,443.02394300000014,107.0,28.0,8.0,20.0,2.5,0.0,0.0,0.24152193507970282,56.02799400000367,4.17947116037736,70.47833600000013,72.0,31.0,10.0,28.0,2.8,0.0,0.0,1.021590521092891,7.420239999999467,0.9926526197183116,149.68937500000175,73.0,32.0,9.0,26.0,2.888888888888889,0.0,0.0,0.4876765635503465,16.422774999999092,2.0790190972222464,275.4328899999964,150.0,48.0,8.0,33.0,4.125,2.0,6.0,0.5445972701372083,10.408093999998528,1.8485428859060162,87.17448100000183,44.0,18.0,8.0,13.0,1.625,0.0,1.0,0.504734866158814,11.335748999998032,2.0273135116279497,87.92704599999706,51.0,23.0,9.0,18.0,2.0,0.0,0.0,0.5800263095384974,15.643837999996322,1.7585409199999413,29.90365600000223,32.0,12.0,8.0,10.0,1.25,0.0,0.0,1.0701032676405058,4.959747000000789,0.9646340645162009,117.41041300000506,84.0,29.0,6.0,20.0,3.3333333333333335,0.0,0.0,0.7154390982339562,7.417530999999144,1.4145832891566876,213.81076200000098,51.0,23.0,2.0,10.0,5.0,0.0,0.0,0.2385286854737451,25.109983000002103,4.2762152400000195,167.24864900000102,36.0,18.0,10.0,16.0,1.6,0.0,0.0,0.2152483754891185,74.13837100000092,4.778532828571458,503.6124689999997,253.0,50.0,8.0,30.0,3.75,4.0,6.0,0.5023704049710496,17.92473600000085,1.9984621785714274,94.31002799999987,48.0,17.0,7.0,10.0,1.4285714285714286,0.0,0.0,0.5089596622747272,9.554441000000224,2.006596340425529,212.1838459999999,67.0,26.0,5.0,13.0,2.6,0.0,0.0,0.31576390598556703,31.73719199999323,3.214906757575756,236.00562499999796,95.0,35.0,7.0,26.0,3.7142857142857144,0.0,0.0,0.40253277861492,16.426062000005913,2.5106981382978506,210.18762299999798,93.0,35.0,4.0,26.0,6.5,0.0,8.0,0.4424618284969182,12.19883299999492,2.2846480760869348,266.82943999999407,142.0,55.0,15.0,42.0,2.8,0.0,7.0,0.5321751602821756,12.19883299999492,1.8924073758864828,355.8876209999944,170.0,65.0,15.0,51.0,3.4,0.0,7.0,0.477678879423577,16.426062000005913,2.1058439112425704,21.42125600000145,12.0,3.0,2.0,1.0,0.5,0.0,2.0,0.5601912418207031,5.990438000000722,1.9473869090910407,89.22288000000117,32.0,13.0,3.0,7.0,2.3333333333333335,0.0,2.0,0.3586523994742109,12.19883299999492,2.8781574193548765,262.5730309999999,130.0,50.0,8.0,39.0,4.875,0.0,9.0,0.4951003517189092,12.19883299999492,2.0354498527131777,2.3578179999967688,5.0,3.0,3.0,2.0,0.6666666666666666,0.0,0.0,2.1206047286121543,1.691977999995288,0.5894544999991922,2132.2823590000044,838.0,313.0,18.0,241.0,13.38888888888889,6.0,9.0,0.3930061121891026,56.02799400000367,2.5475297001194797,1804.3599889999969,754.0,238.0,17.0,156.0,9.176470588235293,4.0,6.0,0.4178767012107589,74.13837100000092,2.3962284050464766,531.7662500000006,248.0,96.0,16.0,75.0,4.6875,0.0,9.0,0.46637032718793214,16.426062000005913,2.1528997975708526,8,younger adult,16.0,10.0,4.0
373,16,220.99448399999528,97.0,44.0,15.0,37.0,2.466666666666667,0.0,0.0,0.4389249823991176,17.973982999996224,2.3020258749999507,227.00164300000324,26.0,5.0,1.0,0.0,0.0,6.0,2.0,0.11453661593101169,44.03942000000097,9.08006572000013,252.99986399999761,52.0,21.0,2.0,8.0,4.0,0.0,0.0,0.20553370732246912,22.99794000000111,4.960781647058777,440.92318299999897,51.0,13.0,2.0,1.0,0.5,0.0,0.0,0.11566640622749953,75.96011699999508,8.81846365999998,90.93198900000425,57.0,28.0,14.0,23.0,1.6428571428571428,0.0,0.0,0.626842111635734,19.046007999997528,1.6237855178572187,135.08796399999846,20.0,9.0,4.0,6.0,1.5,0.0,0.0,0.1480516798669068,68.9657389999993,7.109892842105182,756.0198040000032,154.0,58.0,6.0,12.0,2.0,0.0,16.0,0.20369836766868524,55.009617000003345,4.9410998300653315,29.936555000000226,25.0,12.0,6.0,10.0,1.6666666666666667,0.0,1.0,0.8350994294433615,12.011630000000878,1.2473564583333427,84.02723200000037,34.0,12.0,4.0,9.0,2.25,0.0,0.0,0.40463072733372735,9.008474000002025,2.5462797575757685,78.93752500000119,20.0,9.0,5.0,6.0,1.2,0.0,0.0,0.25336492371656827,16.00735999999597,4.154606578947431,317.0674829999989,99.0,44.0,5.0,17.0,3.4,0.0,0.0,0.3122363701988335,19.94631400000071,3.2353824795918253,203.96715999999287,37.0,14.0,4.0,10.0,2.5,0.0,0.0,0.1814017511446514,50.015370000000985,5.6657544444442465,201.92405800000415,63.0,28.0,6.0,11.0,1.8333333333333333,0.0,2.0,0.31199848410335884,24.032028000001446,3.2568396451613575,601.9981459999981,158.0,54.0,3.0,5.0,1.6666666666666667,4.0,7.0,0.26245928006562413,18.00100100000418,3.834383095541389,155.96162500000355,27.0,9.0,6.0,6.0,1.0,0.0,0.0,0.17311950936648285,62.01342800000566,5.998524038461675,728.0611310000022,387.0,169.0,30.0,146.0,4.866666666666666,0.0,10.0,0.5315487718297089,61.0344780000014,1.8861687331606274,,,,,,,,,,,,,,,,,,,,,,,,,,,,,,,,,,,,,,,,,,,,,,,,,,,,,,,,,,,,,,,,,,,,,,,,,,,,,,,,,,,,,,,,,2606.9977059999947,598.0,236.0,20.0,138.0,6.9,6.0,19.0,0.22938263375671772,75.96011699999508,4.366830328308199,3109.0194409999967,934.0,381.0,30.0,240.0,8.0,4.0,20.0,0.30041626233755064,78.00149899999815,3.3322823590568027,,,,,,,,,,,,8,younger adult,16.0,,
375,18,241.05394700000033,142.0,54.0,22.0,49.0,2.227272727272727,0.0,0.0,0.5890797548318086,10.365984999996726,1.7096024609929101,209.17111700000532,80.0,27.0,5.0,18.0,3.6,5.0,2.0,0.3824619820718267,19.295254000004206,2.6477356582279157,318.2198730000018,93.0,34.0,2.0,20.0,10.0,0.0,0.0,0.292250760844215,21.527384000000893,3.458911663043498,470.8465999999971,218.0,73.0,15.0,58.0,3.8666666666666667,0.0,2.0,0.46299580372886057,22.2379179999989,2.1697999999999866,77.31851299999835,77.0,31.0,14.0,28.0,2.0,0.0,0.0,0.9958805079451236,8.923152000003029,1.0173488552631362,230.97179699999833,91.0,32.0,6.0,21.0,3.5,0.0,0.0,0.39398749623098206,17.35569700000633,2.5663532999999816,366.0419070000062,190.0,70.0,10.0,58.0,5.8,2.0,6.0,0.5190662499744785,10.774918999995862,1.9367296666666993,154.98145999999542,84.0,35.0,8.0,29.0,3.625,0.0,3.0,0.5420003141021028,8.16912500000035,1.8672465060240413,99.4835149999999,62.0,27.0,10.0,23.0,2.3,0.0,0.0,0.6232188317833368,9.937286000000313,1.6308772950819654,34.039896000002045,37.0,9.0,4.0,7.0,1.75,0.0,0.0,1.0869598426504528,7.366609000004246,0.9455526666667234,344.9587380000012,209.0,47.0,7.0,28.0,4.0,0.0,0.0,0.6058695634490618,17.198124999995343,1.6584554711538517,252.86871200000314,69.0,25.0,7.0,18.0,2.5714285714285716,0.0,0.0,0.2728688711792827,44.86261299999751,3.7186575294118107,241.0158519999968,106.0,38.0,8.0,31.0,3.875,0.0,1.0,0.43980509630545545,23.047715000000608,2.2953890666666363,372.8096149999983,243.0,71.0,11.0,57.0,5.181818181818182,3.0,5.0,0.651807223373252,8.18846100000519,1.5405355991735468,137.28884500000277,77.0,32.0,7.0,23.0,3.2857142857142856,0.0,0.0,0.560861299401262,12.271699999997509,1.806432171052668,305.41412700000365,115.0,45.0,7.0,24.0,3.4285714285714284,0.0,1.0,0.3765379196097194,10.418785000001662,2.679071289473716,435.9627560000008,372.0,117.0,18.0,106.0,5.888888888888889,5.0,5.0,0.8532838984071367,14.941118999995524,1.1751017681940723,,,,,,,,,,,,8.614594999999099,17.0,6.0,6.0,5.0,0.8333333333333334,0.0,1.0,1.9733951509039924,1.355649999997695,0.5384121874999437,,,,,,,,,,,,,,,,,,,,,,,,,,,,,,,,,,,,,,,,,,,,,,,,,,,,,,,,2485.095684,1194.0,441.0,30.0,361.0,12.033333333333333,7.0,13.0,0.48046439728153345,26.058449000003748,2.083064278290025,2106.4334320000053,1088.0,356.0,16.0,269.0,16.8125,3.0,7.0,0.5165128807165634,44.86261299999751,1.9378412437902532,449.6504090000017,394.0,125.0,18.0,114.0,6.333333333333333,5.0,7.0,0.8762362762578929,14.941118999995524,1.1441486234096734,2,MCI,20.0,24.0,2.0
376,24,270.1193389999971,158.0,61.0,16.0,57.0,3.5625,0.0,0.0,0.5849266497723871,19.379057999998622,1.7205053439490263,176.81207500000164,37.0,7.0,2.0,2.0,1.0,6.0,2.0,0.20926172604444385,23.09711299999617,4.911446527777823,364.65441800000553,99.0,23.0,3.0,13.0,4.333333333333333,0.0,0.0,0.271489923371773,17.680780000002414,3.7209634489796484,422.13502800000424,94.0,24.0,6.0,15.0,2.5,0.0,0.0,0.22267756467724129,28.020864999998594,4.53908632258069,70.51960800000234,75.0,28.0,10.0,25.0,2.5,0.0,0.0,1.0635339890147648,5.147715999999491,0.9529676756757073,126.93771300000662,41.0,13.0,4.0,11.0,2.75,0.0,0.0,0.3229930572327064,13.631123999999545,3.1734428250001656,313.6574099999998,127.0,33.0,8.0,15.0,1.875,3.0,10.0,0.40490036565691234,15.419817999994848,2.4893445238095224,83.30988899999647,39.0,14.0,7.0,12.0,1.7142857142857142,0.0,0.0,0.46813170042756447,14.03243000000657,2.1923654999999074,132.4438169999994,72.0,32.0,8.0,26.0,3.25,0.0,0.0,0.5436267364598857,14.742167999997037,1.865405873239428,48.770770999995875,34.0,9.0,6.0,6.0,1.0,0.0,0.0,0.6971388662279477,5.787578000003123,1.4779021515150266,162.1896259999994,69.0,20.0,6.0,15.0,2.5,0.0,0.0,0.4254279493806851,22.63982599999872,2.3851415588235207,206.7016780000049,58.0,14.0,2.0,2.0,1.0,0.0,0.0,0.2805976253371229,19.406224999998813,3.6263452280702615,281.38572900000145,70.0,30.0,5.0,22.0,4.4,0.0,0.0,0.24876883503924835,49.74935499999992,4.078054043478282,390.9614040000015,148.0,36.0,7.0,11.0,1.5714285714285714,5.0,4.0,0.3785539914830044,23.392798000000766,2.6596013877551123,34.025095999997575,26.0,11.0,7.0,8.0,1.1428571428571428,0.0,0.0,0.7641418557643997,3.2226940000036848,1.361003839999903,152.84357300000556,59.0,23.0,6.0,17.0,2.8333333333333335,0.0,0.0,0.3860155768538456,23.4151520000014,2.6352340172414754,231.56365699999878,10.0,4.0,1.0,0.0,0.0,0.0,0.0,0.04318466951832624,120.61144100000092,25.72929522222209,384.194442,115.0,45.0,15.0,36.0,2.4,4.0,7.0,0.2993275993305494,35.758653000004415,3.370126684210526,317.80117900000187,96.0,37.0,12.0,27.0,2.25,4.0,4.0,0.30207565718313284,25.460980000003474,3.3452755684210724,326.13475300000573,104.0,41.0,12.0,30.0,2.5,4.0,4.0,0.3188865922546996,25.460980000003474,3.166356825242774,255.1466389999987,66.0,23.0,10.0,18.0,1.8,4.0,3.0,0.25867477721311605,35.758653000004415,3.9253329076922876,242.94417600000452,69.0,26.0,10.0,19.0,1.9,4.0,2.0,0.2840158637925065,25.460980000003474,3.5727084705883017,103.55436100000225,38.0,17.0,9.0,13.0,1.4444444444444444,0.0,2.0,0.36695702269843733,35.758653000004415,2.7987665135135744,40.09958100000222,31.0,15.0,6.0,13.0,2.1666666666666665,0.0,2.0,0.7730754094412678,6.18467999999848,1.3366527000000739,2470.269963999999,1018.0,313.0,26.0,246.0,9.461538461538462,9.0,14.0,0.4121007075484161,28.020864999998594,2.428977349065879,1826.351195000003,692.0,215.0,16.0,149.0,9.3125,5.0,5.0,0.3788975537095421,49.74935499999992,2.643055274963825,665.9397509999981,153.0,62.0,17.0,46.0,2.7058823529411766,4.0,7.0,0.229750513871938,120.61144100000092,4.381182572368409,5,old-old,16.0,13.0,4.0
377,16,213.02300600000308,116.0,54.0,9.0,46.0,5.111111111111111,0.0,0.0,0.5445421233047398,15.921260000002803,1.852373965217418,170.15996599999926,37.0,13.0,2.0,3.0,1.5,4.0,2.0,0.21744245059381453,28.418955000001006,4.726665722222202,143.29294499999378,46.0,17.0,4.0,10.0,2.5,0.0,0.0,0.32102068946940826,16.2476170000009,3.1842876666665285,544.5562019999998,108.0,29.0,5.0,20.0,4.0,0.0,0.0,0.19832663663244818,33.60052499999438,5.089310299065418,46.917607000003045,48.0,21.0,7.0,20.0,2.857142857142857,0.0,0.0,1.0230700811317355,2.95522300000448,0.9982469574468733,197.5134520000065,62.0,18.0,5.0,14.0,2.8,0.0,0.0,0.3139026702849483,28.01282500000525,3.2379254426230575,263.59872400000313,117.0,41.0,9.0,33.0,3.6666666666666665,0.0,10.0,0.44385647329612493,45.99803700000484,2.2724027931034754,142.8474470000001,64.0,29.0,7.0,25.0,3.5714285714285716,0.0,0.0,0.4480304082718395,33.88947200000257,2.267419793650795,153.18731300000218,78.0,33.0,9.0,28.0,3.111111111111111,0.0,0.0,0.5091805481306333,23.68558099999791,1.9894456233766518,63.56136300000071,56.0,20.0,7.0,19.0,2.7142857142857144,0.0,0.0,0.8810383754671746,6.78979999999865,1.1556611454545584,67.40631800000119,45.0,16.0,6.0,13.0,2.1666666666666665,0.0,0.0,0.667593206915696,7.21576400000049,1.5319617727272998,162.94590499999322,55.0,14.0,3.0,8.0,2.6666666666666665,0.0,0.0,0.33753533112723694,16.24763399999938,3.017516759259134,171.8120710000003,79.0,28.0,6.0,11.0,1.8333333333333333,0.0,0.0,0.45980471302275305,11.186627000002773,2.2027188589743627,452.40755699999863,188.0,38.0,9.0,24.0,2.6666666666666665,3.0,6.0,0.4155545085202911,9.58436200000142,2.4192917486630945,149.13938800000324,61.0,23.0,7.0,18.0,2.5714285714285716,0.0,0.0,0.40901334528742117,16.30968700000085,2.4856564666667205,321.63614000000234,105.0,37.0,9.0,30.0,3.3333333333333335,0.0,0.0,0.32645585163408325,34.06925499999488,3.092655192307715,,,,,,,,,,,,,,,,,,,,,,,,,,,,,,,,,,,,,,,,,,,,,,,,,,,,,,,,,,,,,,,,,,,,,,,,,,,,,,,,,,,,,,,,,2958.3021630000003,1203.0,410.0,25.0,320.0,12.8,4.0,12.0,0.4066521719945076,45.99803700000484,2.4611498860232945,2705.2970790000036,1082.0,289.0,14.0,216.0,15.428571428571429,3.0,6.0,0.39995607447295756,34.06925499999488,2.5025874921369136,,,,,,,,,,,,4,young-old,19.0,,
378,24,200.91739100000268,100.0,45.0,15.0,43.0,2.8666666666666667,0.0,0.0,0.497716994543288,15.957434000003559,2.029468595959623,171.0703330000033,33.0,9.0,1.0,0.0,0.0,4.0,2.0,0.19290311429977378,65.96997399999964,5.345947906250103,163.9639440000028,50.0,21.0,5.0,9.0,1.8,0.0,0.0,0.30494509207462794,14.091551000004984,3.3462029387755674,475.9160090000005,85.0,26.0,8.0,18.0,2.25,0.0,0.0,0.17860294336095744,29.01997900000424,5.665666773809529,61.971708999997645,60.0,27.0,9.0,25.0,2.7777777777777777,0.0,0.0,0.9681837239634989,6.001940000001923,1.0503679491525024,126.01622599999973,66.0,27.0,6.0,20.0,3.3333333333333335,0.0,0.0,0.5237420774686598,16.952249000001757,1.938711169230765,327.9994169999991,99.0,37.0,7.0,22.0,3.142857142857143,0.0,2.0,0.3018298047767575,20.00033699999767,3.346932826530603,62.95399599999655,34.0,15.0,7.0,11.0,1.5714285714285714,0.0,2.0,0.5400769158482309,15.91301999999996,1.9076968484847439,21.985727999999654,24.0,11.0,8.0,9.0,1.125,0.0,0.0,1.0916172527923742,3.013412000000244,0.9559012173912893,31.023153000001912,20.0,9.0,6.0,7.0,1.1666666666666667,0.0,0.0,0.6446797976981504,9.05400599999848,1.63279752631589,229.95339600000443,75.0,34.0,8.0,25.0,3.125,0.0,0.0,0.32615304363671394,20.042363000000478,3.107478324324384,180.95186800000374,37.0,14.0,3.0,5.0,1.6666666666666667,0.0,0.0,0.20447426384125106,30.931812000002537,5.026440777777882,265.0715679999994,38.0,15.0,8.0,10.0,1.25,0.0,0.0,0.14335751014986295,57.968094000003475,7.164096432432416,372.00645699999586,106.0,39.0,8.0,13.0,1.625,4.0,8.0,0.2849412906830302,14.981185999997251,3.5429186380951987,82.02733299999818,35.0,15.0,7.0,8.0,1.1428571428571428,0.0,0.0,0.4266870410135214,13.009429000005184,2.4125686176470054,174.99364700000297,53.0,24.0,9.0,10.0,1.1111111111111112,0.0,0.0,0.3028681378358787,20.072769999998854,3.3652624423077495,125.02759700000024,38.0,15.0,2.0,3.0,1.5,0.0,0.0,0.3039328989103096,26.027526999998372,3.3791242432432496,232.97092500000144,90.0,36.0,8.0,21.0,2.625,0.0,4.0,0.38631430080813495,15.949377999997523,2.6176508426966456,2.006838000001153,4.0,2.0,2.0,1.0,0.5,0.0,0.0,1.9931852994599972,1.0071749999988242,0.6689460000003843,253.9775740000041,99.0,42.0,11.0,23.0,2.090909090909091,0.0,3.0,0.3897981953319957,15.949377999997523,2.5916078979592254,21.99369299999671,5.0,3.0,1.0,0.0,0.0,0.0,0.0,0.22733790091553738,10.092290000000503,5.498423249999178,159.04315399999905,69.0,28.0,8.0,18.0,2.25,0.0,3.0,0.4338445149295795,15.949377999997523,2.338869911764692,196.94912199999817,93.0,38.0,10.0,25.0,2.5,0.0,4.0,0.4722031713347819,10.092290000000503,2.1407513260869364,0.9796560000031604,3.0,2.0,2.0,1.0,0.5,0.0,0.0,3.0,0.9250590000010561,0.4898280000015802,1858.9171490000008,674.0,269.0,20.0,206.0,10.3,4.0,6.0,0.36257667554607065,65.96997399999964,2.7621354368499267,1483.0299010000017,462.0,189.0,14.0,114.0,8.142857142857142,4.0,8.0,0.3115243999385819,57.968094000003475,3.216984600867683,392.98875099999714,151.0,64.0,14.0,38.0,2.7142857142857144,0.0,4.0,0.384234916688496,26.027526999998372,2.6199250066666475,8,younger adult,12.0,9.0,4.0
379,24,192.989880000001,95.0,43.0,16.0,38.0,2.375,0.0,0.0,0.4922537907168993,21.03369499999826,2.0530838297872447,226.01331700000082,57.0,22.0,1.0,0.0,0.0,6.0,2.0,0.2521975286969475,21.0279589999991,4.035465767857139,266.9406829999971,109.0,49.0,21.0,37.0,1.7619047619047619,0.0,0.0,0.40833041548785276,23.053291000000172,2.471672990740714,403.02100999999675,59.0,21.0,8.0,15.0,1.875,0.0,0.0,0.14639435298919148,85.06066599999758,6.94863810344822,60.013246000002255,53.0,27.0,10.0,24.0,2.4,0.0,0.0,0.8831383658200725,7.96936000000278,1.154100884615428,122.94748799999797,71.0,33.0,5.0,28.0,5.6,0.0,0.0,0.5774823150514565,15.006240000002435,1.7563926857142569,249.98671699999977,76.0,29.0,6.0,16.0,2.6666666666666665,0.0,4.0,0.30401615298624074,11.994487999996636,3.3331562266666634,77.93484799999715,57.0,25.0,7.0,20.0,2.857142857142857,0.0,2.0,0.731380139472423,17.956189000004088,1.3916937142856634,100.00336799999786,61.0,24.0,8.0,20.0,2.5,0.0,10.0,0.6099794558919386,8.980917999993835,1.6667227999999643,51.0428299999985,20.0,9.0,5.0,6.0,1.2,0.0,0.0,0.3918278042185472,13.995630999997957,2.6864647368420265,153.04728000000614,66.0,23.0,5.0,12.0,2.4,0.0,0.0,0.4312392876240424,12.993855000000622,2.354573538461633,279.0977849999981,78.0,20.0,2.0,2.0,1.0,0.0,0.0,0.27947194206503834,15.022124000002805,3.6246465584415337,192.0378219999984,46.0,11.0,7.0,7.0,1.0,0.0,1.0,0.23953614720750363,30.002888999995776,4.267507155555521,414.97501000000193,134.0,34.0,6.0,13.0,2.1666666666666665,4.0,6.0,0.32291101095460994,24.065162999999302,3.1201128571428716,87.99170299999969,43.0,14.0,6.0,7.0,1.1666666666666667,0.0,0.0,0.4886824386158335,9.939586000000418,2.0950405476190403,178.95706999999675,64.0,22.0,9.0,11.0,1.2222222222222223,0.0,2.0,0.35762767014458363,12.045336000002862,2.840588412698361,528.6513630000045,203.0,85.0,13.0,44.0,3.3846153846153846,0.0,3.0,0.38399598337931135,39.05112799999915,2.617085955445567,146.72089399999822,64.0,26.0,8.0,11.0,1.375,0.0,2.0,0.4362023584725484,9.960800000000745,2.3289030793650514,275.1786810000049,145.0,64.0,13.0,43.0,3.3076923076923075,0.0,3.0,0.5269303547537443,9.980741999999736,1.9109630625000338,517.7388859999992,199.0,84.0,13.0,44.0,3.3846153846153846,0.0,3.0,0.3843636346063454,39.05112799999915,2.6148428585858543,61.094592000001285,25.0,11.0,2.0,2.0,1.0,0.0,0.0,0.40920152147017325,8.902978999998595,2.5456080000000534,195.91187899999932,108.0,46.0,12.0,28.0,2.3333333333333335,0.0,2.0,0.5512682566839164,9.980741999999736,1.8309521401869095,159.30345900000248,54.0,24.0,11.0,13.0,1.1818181818181819,0.0,2.0,0.3389756904148526,24.4789399999936,3.0057256415094806,7.099279999994906,15.0,8.0,8.0,7.0,0.875,0.0,0.0,2.1128903212735324,1.2549900000012713,0.5070914285710647,2011.9809429999987,709.0,302.0,30.0,225.0,7.5,6.0,8.0,0.35238902359722823,85.06066599999758,2.841780992937851,1773.0150099999955,628.0,204.0,14.0,119.0,8.5,4.0,19.0,0.3541989190491972,30.002888999995776,2.827775135566181,601.6333630000008,232.0,100.0,18.0,56.0,3.111111111111111,0.0,3.0,0.3856169126711141,39.05112799999915,2.6044734329004364,8,younger adult,13.0,9.0,3.0
380,16,249.67176599999948,157.0,68.0,16.0,62.0,3.875,0.0,0.0,0.6288256077781752,15.303036999997857,1.600460038461535,164.76205499999924,23.0,6.0,2.0,1.0,0.5,3.0,2.0,0.13959524843265705,28.48373300000094,7.489184318181784,363.2226989999981,74.0,23.0,3.0,6.0,2.0,0.0,0.0,0.20373176071796215,36.397681000002194,4.975653410958878,449.2655490000034,103.0,27.0,4.0,16.0,4.0,0.0,2.0,0.22926307220587533,36.81953700000304,4.404564205882386,69.77243799999997,68.0,27.0,10.0,23.0,2.3,0.0,0.0,0.9745968744850227,3.71343099999649,1.0413796716417905,239.88398199999938,37.0,14.0,5.0,9.0,1.8,0.0,0.0,0.154241228161704,72.04090200000064,6.663443944444428,281.8431849999979,87.0,24.0,8.0,15.0,1.875,2.0,10.0,0.3086822908277901,48.94717200000014,3.2772463372092777,73.66658599999937,38.0,15.0,7.0,12.0,1.7142857142857142,0.0,0.0,0.5158376689263207,20.48258899999928,1.9909888108107938,56.04866200000106,32.0,15.0,5.0,12.0,2.4,0.0,0.0,0.5709324515186356,5.989552999999432,1.8080213548387438,42.242168999997375,30.0,7.0,5.0,6.0,1.2,0.0,0.0,0.7101908048330062,5.0619580000056885,1.4566265172412889,72.1037639999995,39.0,12.0,6.0,10.0,1.6666666666666667,0.0,0.0,0.5408871581239542,6.277912000005017,1.8974674736841974,161.0783070000034,37.0,16.0,2.0,10.0,5.0,0.0,0.0,0.2297019424223227,29.257974000000104,4.474397416666761,168.16462899999897,31.0,14.0,6.0,10.0,1.6666666666666667,0.0,0.0,0.18434316529191278,101.47401199999877,5.605487633333299,470.4539930000028,181.0,29.0,6.0,16.0,2.6666666666666665,4.0,8.0,0.38473475131073853,34.52823800000624,2.61363329444446,82.18042399999831,21.0,8.0,6.0,5.0,0.8333333333333334,0.0,0.0,0.25553530850607964,37.52358999999706,4.1090211999999156,275.19495800000004,79.0,32.0,5.0,20.0,4.0,0.0,0.0,0.28706921294684473,22.806855000002543,3.528140487179488,,,,,,,,,,,,,,,,,,,,,,,,,,,,,,,,,,,,,,,,,,,,,,,,,,,,,,,,,,,,,,,,,,,,,,,,,,,,,,,,,,,,,,,,,2185.8060719999994,701.0,253.0,20.0,186.0,9.3,5.0,14.0,0.3207054866301974,72.04090200000064,3.122580102857142,1586.8261039999998,567.0,175.0,15.0,132.0,8.8,4.0,8.0,0.35731703591888986,101.47401199999877,2.803579689045936,,,,,,,,,,,,8,younger adult,12.0,15.0,6.0
381,24,206.99620300000242,91.0,43.0,14.0,37.0,2.642857142857143,0.0,0.0,0.43962159054675476,25.966012999997474,2.299957811111138,160.04363999999623,47.0,17.0,1.0,0.0,0.0,4.0,2.0,0.2936699015343634,28.99904599999718,3.4792095652173094,330.95848300000216,22.0,7.0,2.0,3.0,1.5,0.0,0.0,0.0664735945142698,95.90264699999534,15.759927761904866,689.0208520000015,104.0,34.0,5.0,7.0,1.4,0.0,0.0,0.15093882819093518,67.94687300000078,6.689522834951471,63.9355579999974,52.0,25.0,8.0,20.0,2.5,0.0,0.0,0.813318935919854,10.061266000004252,1.2536383921568117,275.97427099999913,51.0,23.0,5.0,12.0,2.4,0.0,0.0,0.18479983592383567,27.035115999999107,5.519485419999983,318.94297599999845,140.0,63.0,10.0,52.0,5.2,0.0,4.0,0.4389499394399602,20.975020999998378,2.294553784172651,120.98149800000101,55.0,26.0,7.0,19.0,2.7142857142857144,0.0,0.0,0.45461496930712114,15.001773999996658,2.24039811111113,68.9497149999952,33.0,15.0,6.0,12.0,2.0,0.0,0.0,0.4786096650291056,15.094947999998112,2.15467859374985,36.94270900000265,21.0,10.0,6.0,8.0,1.3333333333333333,0.0,0.0,0.5684477551442828,18.986793999996735,1.8471354500001325,93.97191400000156,42.0,20.0,7.0,15.0,2.142857142857143,0.0,0.0,0.44694205121755104,13.994892000002437,2.2919979024390624,234.9502799999973,43.0,21.0,5.0,5.0,1.0,0.0,0.0,0.18301744522288074,28.041933000000427,5.594054285714221,173.97392200000468,68.0,31.0,5.0,17.0,3.4,0.0,0.0,0.3908631777583204,12.998131000000285,2.596625701492607,386.9753109999947,74.0,25.0,6.0,7.0,1.1666666666666667,4.0,4.0,0.1912266697551695,38.037367999997514,5.300842465753392,131.9901119999995,39.0,16.0,6.0,8.0,1.3333333333333333,0.0,0.0,0.2954766793439811,22.926222999994934,3.4734239999999867,275.02856600000086,66.0,29.0,7.0,7.0,1.0,0.0,0.0,0.23997507226212927,23.95291300000099,4.231208707692321,169.4326199999996,35.0,17.0,2.0,6.0,3.0,0.0,0.0,0.2065717923738657,32.05417000000307,4.983312352941164,235.2121299999999,101.0,44.0,8.0,32.0,4.0,0.0,6.0,0.42939962322521397,23.638960000003863,2.352121299999999,110.9603799999968,71.0,34.0,13.0,27.0,2.076923076923077,0.0,1.0,0.6398680321751065,9.022400000001653,1.58514828571424,105.36162999999942,56.0,27.0,11.0,23.0,2.090909090909091,0.0,0.0,0.5315027871151985,23.638960000003863,1.9156659999999894,32.060929999999644,16.0,5.0,2.0,2.0,1.0,0.0,4.0,0.49904977803202144,4.426370000001043,2.1373953333333096,232.57468000000517,139.0,66.0,13.0,58.0,4.461538461538462,0.0,2.0,0.5976574922085108,18.189590000001772,1.6853237681159796,433.68882999999914,245.0,113.0,15.0,92.0,6.133333333333334,0.0,8.0,0.5649211670957734,23.638960000003863,1.7774132377049146,2.9464000000007218,3.0,3.0,3.0,2.0,0.6666666666666666,0.0,0.0,1.0181916915555476,2.3221300000004703,1.4732000000003609,2442.9519780000046,665.0,283.0,18.0,187.0,10.38888888888889,4.0,6.0,0.2722116545837393,95.90264699999534,3.67914454518073,1709.0069680000015,502.0,222.0,16.0,121.0,7.5625,4.0,4.0,0.29373783103264656,38.037367999997514,3.4111915528942145,708.3434800000032,322.0,152.0,18.0,119.0,6.611111111111111,0.0,9.0,0.45458172354462634,32.05417000000307,2.206677507788172,5,old-old,16.0,11.0,5.0
382,24,130.68166999999812,97.0,47.0,19.0,42.0,2.210526315789474,0.0,0.0,0.7422617112254641,7.421329999997397,1.3612673958333137,139.98515000000043,23.0,7.0,2.0,1.0,0.5,5.0,2.0,0.16430314215472092,41.281269999999495,6.3629613636363835,259.03899999999703,59.0,21.0,3.0,10.0,3.3333333333333335,0.0,0.0,0.22776493114936622,40.47051000000647,4.4661896551723625,495.34829999999783,115.0,38.0,4.0,19.0,4.75,0.0,0.0,0.2321598761921672,27.169419999998354,4.34516052631577,31.330690000002505,31.0,14.0,7.0,13.0,1.8571428571428572,0.0,0.0,0.989445173406571,3.8194599999987986,1.044356333333417,175.2236699999994,49.0,20.0,5.0,16.0,3.2,0.0,0.0,0.2796425848174517,46.393819999997504,3.6504931249999877,264.6678800000009,92.0,29.0,8.0,19.0,2.375,0.0,14.0,0.3476054593402104,21.441570000002685,2.9084382417582515,39.9088999999949,30.0,9.0,6.0,7.0,1.1666666666666667,0.0,0.0,0.7517120241350634,6.009860000005574,1.3761689655170655,34.857530000001134,25.0,10.0,5.0,9.0,1.8,0.0,0.0,0.7172051490739357,8.478870000006282,1.4523970833333806,19.98352000000159,19.0,7.0,3.0,5.0,1.6666666666666667,0.0,0.0,0.950783445559065,3.807730000000447,1.110195555555644,76.92016000000149,34.0,11.0,5.0,10.0,2.0,0.0,0.0,0.44201676127557904,16.75365000000602,2.3309139393939846,204.29490000000078,38.0,19.0,4.0,14.0,3.5,0.0,0.0,0.18600562226467648,30.334569999999076,5.521483783783805,132.53368000000046,12.0,6.0,5.0,5.0,1.0,0.0,0.0,0.09054302272448753,77.0541000000012,12.048516363636406,358.71052000000054,104.0,29.0,5.0,18.0,3.6,2.0,4.0,0.2899273765374928,38.036349999994854,3.4826264077669955,137.9117299999998,56.0,22.0,7.0,14.0,2.0,0.0,2.0,0.4060568306988831,7.671430000002147,2.5074859999999966,118.39706999999908,49.0,23.0,5.0,14.0,2.8,0.0,0.0,0.41386159302760095,8.04896000000008,2.4666056249999806,480.3547899999976,132.0,48.0,14.0,39.0,2.7857142857142856,0.0,8.0,0.2747968850274204,68.24798999999621,3.666830458015249,208.08442999999534,88.0,33.0,7.0,25.0,3.5714285714285716,0.0,7.0,0.42290526013888674,23.18908000000374,2.391775057471211,172.99930000000313,67.0,25.0,11.0,21.0,1.9090909090909092,0.0,5.0,0.3872848040425527,18.413030000003346,2.6212015151515624,19.80011999999988,12.0,8.0,5.0,5.0,1.0,0.0,0.0,0.6060569329882887,3.7881800000031944,1.800010909090898,345.57070999999996,126.0,45.0,10.0,35.0,3.5,0.0,8.0,0.3646142348117409,23.18908000000374,2.7645656799999996,60.27638999999908,28.0,12.0,6.0,10.0,1.6666666666666667,0.0,1.0,0.4645268238525968,11.042770000000019,2.232458888888855,332.4815499999968,124.0,44.0,11.0,35.0,3.1818181818181817,0.0,10.0,0.37295302551375015,23.18908000000374,2.7031020325202992,4.205399999998917,5.0,4.0,4.0,3.0,0.75,0.0,0.0,1.188947543634681,2.6860299999971176,1.0513499999997293,2045.884779999993,720.0,278.0,22.0,219.0,9.954545454545455,6.0,16.0,0.35192597698488304,61.76086999999825,2.8454586648122295,1493.9377099999983,474.0,178.0,18.0,136.0,7.555555555555555,2.0,6.0,0.3172823048960994,77.0541000000012,3.158430676532766,563.1128299999982,173.0,65.0,16.0,53.0,3.3125,0.0,12.0,0.30722084595373284,68.24798999999621,3.273911802325571,4,young-old,17.0,10.0,4.0
383,24,261.02979299999424,122.0,58.0,19.0,51.0,2.6842105263157894,0.0,0.0,0.4673795990789553,16.082321000001684,2.157271016528878,207.02644899999723,26.0,6.0,1.0,0.0,0.0,2.0,2.0,0.12558781800870453,31.9983099999954,8.28105795999989,250.07528500000626,44.0,20.0,2.0,12.0,6.0,0.0,0.0,0.1759470153158034,42.99786399999721,5.815704302325727,527.959812000001,109.0,40.0,6.0,15.0,2.5,0.0,0.0,0.2064551079884084,59.01174899999751,4.888516777777787,68.01051900000311,55.0,25.0,9.0,22.0,2.4444444444444446,0.0,0.0,0.8086984309000418,11.027196999995795,1.2594540555556133,145.95206399999734,54.0,26.0,7.0,14.0,2.0,0.0,0.0,0.3699844902501755,38.02921999999671,2.7538125283018364,261.96377400000347,77.0,28.0,7.0,12.0,1.7142857142857142,0.0,12.0,0.29393377116333264,19.987418999997317,3.4468917631579403,50.9589100000012,24.0,11.0,6.0,9.0,1.5,0.0,2.0,0.4709676874956595,30.909883000000264,2.2156047826087475,50.039598000003025,33.0,16.0,6.0,12.0,2.0,0.0,0.0,0.6594777200248092,6.001766000001226,1.5637374375000945,67.02300800000376,15.0,8.0,6.0,6.0,1.0,0.0,0.0,0.22380374214179047,47.92959200000041,4.7873577142859824,163.9873959999968,49.0,21.0,6.0,15.0,2.5,0.0,0.0,0.29880345194334906,29.043798999999126,3.416404083333267,187.94711200000165,28.0,11.0,2.0,6.0,3.0,0.0,0.0,0.14897808059960907,44.01325100000395,6.961004148148209,201.99884300000122,115.0,56.0,6.0,38.0,6.333333333333333,0.0,1.0,0.5693101915440145,12.015801999994437,1.771919675438607,470.9834300000002,91.0,33.0,5.0,6.0,1.2,5.0,6.0,0.19321274211281692,40.95265699999436,5.233149222222225,114.03152699999919,38.0,17.0,7.0,11.0,1.5714285714285714,0.0,0.0,0.333241174609547,19.963109000003897,3.08193316216214,147.0528290000002,39.0,16.0,4.0,5.0,1.25,0.0,0.0,0.26521081073523545,16.997384000002057,3.8698112894736894,71.05629999999655,35.0,16.0,2.0,9.0,4.5,0.0,0.0,0.49256716153249885,10.074008000003232,2.089891176470487,354.9875910000046,186.0,77.0,20.0,56.0,2.8,0.0,14.0,0.5239619770258324,15.97831099999894,1.9187925081081434,164.00801999999385,98.0,43.0,13.0,33.0,2.5384615384615383,0.0,6.0,0.5975317548495719,15.97831099999894,1.6908043298968438,317.9182430000001,158.0,64.0,18.0,43.0,2.388888888888889,0.0,12.0,0.49698311902157805,11.005062000003818,2.02495696178344,187.97231499999907,90.0,34.0,9.0,19.0,2.111111111111111,0.0,11.0,0.4787939117523793,15.97831099999894,2.112048483146057,231.0580589999954,125.0,52.0,18.0,37.0,2.0555555555555554,0.0,8.0,0.540989570071661,11.005062000003818,1.8633714435483502,170.00554900000134,92.0,37.0,12.0,26.0,2.1666666666666665,0.0,8.0,0.5411588065281285,15.97831099999894,1.8680722197802555,3.023996999996598,5.0,4.0,4.0,3.0,0.75,0.0,0.0,1.6534407937592615,2.0195649999950547,0.7476552499992977,2106.982007999999,618.0,265.0,21.0,181.0,8.619047619047619,2.0,16.0,0.29331052550687003,59.01174899999751,3.4148816985413273,1651.0057760000054,507.0,224.0,14.0,137.0,9.785714285714286,5.0,7.0,0.3070855398388372,47.92959200000041,3.262857264822145,459.99876999999833,243.0,103.0,22.0,73.0,3.3181818181818183,0.0,14.0,0.5282622820926258,15.97831099999894,1.9007288057851117,8,younger adult,12.0,9.0,4.0
384,18,150.73490200000379,65.0,25.0,6.0,21.0,3.5,0.0,0.0,0.4312206339577437,8.603994999997667,2.355232843750059,210.22589000000153,43.0,15.0,5.0,9.0,1.8,2.0,2.0,0.2045418858733322,61.528221000000485,5.00537833333337,291.69968700000027,69.0,24.0,4.0,9.0,2.25,0.0,0.0,0.23654464874348644,31.975373000001127,4.289701279411768,457.9864230000021,133.0,46.0,5.0,10.0,2.0,0.0,0.0,0.290401621796547,37.08197700000164,3.4695941136363797,101.22639300000446,88.0,37.0,16.0,33.0,2.0625,0.0,0.0,0.8693384935685313,6.922997000001487,1.163521758620741,111.30806499999744,49.0,22.0,5.0,17.0,3.4,0.0,0.0,0.44021967321057215,22.60807499999646,2.31891802083328,,,,,,,,,,,,44.61107700000139,21.0,11.0,10.0,10.0,1.0,0.0,0.0,0.4707351046467528,28.698514000003343,2.2305538500000694,,,,,,,,,,,,56.14273099999991,30.0,9.0,4.0,5.0,1.25,0.0,0.0,0.5343523456313525,4.927983000001404,1.9359562413793072,97.02645900000061,35.0,16.0,5.0,11.0,2.2,1.0,0.0,0.36072634578986107,14.178268999996362,2.8537193823529594,278.30578100000275,59.0,16.0,3.0,5.0,1.6666666666666667,0.0,0.0,0.21199703357940458,28.99643400000059,4.7983755344828065,387.1298550000065,90.0,35.0,9.0,21.0,2.3333333333333335,0.0,0.0,0.23248013253846952,30.250874000004842,4.349773651685466,435.2553990000015,176.0,60.0,14.0,45.0,3.2142857142857144,1.0,3.0,0.4043602914618858,75.37447999999858,2.487173708571437,105.73589599999832,33.0,12.0,6.0,8.0,1.3333333333333333,0.0,0.0,0.31209836250879763,11.119701999996323,3.3042467499999475,87.46823800000129,39.0,16.0,5.0,11.0,2.2,0.0,0.0,0.44587613620385746,17.329902999998012,2.301795736842139,503.3706020000027,155.0,59.0,14.0,43.0,3.0714285714285716,0.0,6.0,0.3079242200163274,37.415171000000555,3.26864027272729,,,,,,,,,,,,,,,,,,,,,,,,,,,,,,,,,,,,,,,,,,,,,307.5611879999997,108.0,46.0,13.0,32.0,2.4615384615384617,2.0,1.0,0.35114963855582493,31.36358299999847,2.8744036261682213,243.921663000001,86.0,37.0,10.0,27.0,2.7,0.0,0.0,0.3525722108577115,31.36358299999847,2.8696666235294233,5.653948999999557,5.0,2.0,2.0,1.0,0.5,0.0,0.0,0.8843376549736108,3.6765660000019125,1.4134872499998892,2485.984694999999,855.0,317.0,27.0,215.0,7.962962962962963,4.0,5.0,0.3439281029041091,61.528221000000485,2.9109891042154556,1908.903201000001,609.0,214.0,22.0,148.0,6.7272727272727275,2.0,3.0,0.3190313682123684,75.37447999999858,3.13964342269737,934.3850529999982,301.0,118.0,23.0,87.0,3.782608695652174,2.0,10.0,0.322137002334947,37.415171000000555,3.114616843333327,1,dementia,27.0,21.0,4.0
385,15,259.9479300000021,84.0,40.0,6.0,33.0,5.5,0.0,0.0,0.32314163840427323,15.951719999997295,3.1319027710843623,130.7607100000023,39.0,14.0,2.0,7.0,3.5,1.0,2.0,0.29825472804483333,15.669449999993958,3.441071315789534,98.70358000000124,38.0,17.0,3.0,9.0,3.0,0.0,0.0,0.3849911016398749,9.434209999999439,2.667664324324358,,,,,,,,,,,,67.38074000000051,61.0,22.0,10.0,21.0,2.1,0.0,0.0,0.9053032068214082,4.864349999996193,1.123012333333342,,,,,,,,,,,,,,,,,,,,,,,28.07715000000462,23.0,9.0,5.0,7.0,1.4,0.0,1.0,0.8191714614907928,4.989330000003974,1.276234090909301,111.77934000000096,62.0,26.0,5.0,23.0,4.6,0.0,0.0,0.5546642161243703,14.418519999999262,1.832448196721327,54.24691999999777,26.0,8.0,4.0,6.0,1.5,0.0,0.0,0.4792898841077257,17.779340000000957,2.1698767999999107,108.76140000000305,43.0,17.0,5.0,10.0,2.0,0.0,0.0,0.3953608541265448,18.015049999994517,2.5895571428572155,62.198230000001786,28.0,11.0,2.0,6.0,3.0,0.0,0.0,0.4501735821099603,7.252420000004349,2.3036381481482144,230.44918999999936,82.0,35.0,7.0,24.0,3.4285714285714284,0.0,2.0,0.3558268093717328,14.109490000002552,2.845051728395054,,,,,,,,,,,,95.495050000005,54.0,26.0,7.0,19.0,2.7142857142857144,0.0,0.0,0.5654743361043025,9.73852999999508,1.8017933962265094,224.41040999999677,71.0,33.0,5.0,21.0,4.2,0.0,0.0,0.3163846097870461,24.116659999999683,3.2058629999999537,,,,,,,,,,,,,,,,,,,,,,,19.755319999996573,12.0,7.0,6.0,6.0,1.0,0.0,0.0,0.6074313147041952,7.541890000000421,1.7959381818178703,,,,,,,,,,,,390.08643999999913,219.0,93.0,16.0,80.0,5.0,0.0,11.0,0.5614140291572312,22.909919999998237,1.7893873394495372,611.3347399999984,301.0,131.0,16.0,112.0,7.0,0.0,11.0,0.4923652792903619,22.909919999998237,2.0377824666666613,,,,,,,,,,,,,,,,,,,,,,,924.7358500000046,381.0,163.0,16.0,131.0,8.1875,1.0,3.0,0.41200954845645715,24.71140000000014,2.433515394736854,1504.3086600000024,559.0,236.0,17.0,168.0,9.882352941176471,0.0,2.0,0.3715992700593767,24.356500000001688,2.695893655913983,646.1834499999968,319.0,140.0,16.0,121.0,7.5625,0.0,11.0,0.49366785856245865,22.909919999998237,2.032023427672946,1,dementia,28.0,25.0,2.0
386,24,361.0915309999982,184.0,77.0,20.0,68.0,3.4,0.0,0.0,0.5095660911526637,14.921225999998569,1.9731777650273126,123.23387999999977,44.0,15.0,2.0,9.0,4.5,4.0,2.0,0.3570446698586467,11.701854999999341,2.865904186046506,116.36457299999893,27.0,12.0,3.0,7.0,2.3333333333333335,0.0,0.0,0.2320293823447472,26.155202000001736,4.4755604999999585,471.53852599999664,120.0,40.0,9.0,22.0,2.4444444444444446,0.0,0.0,0.2544860989789005,35.1346379999959,3.9625086218487113,63.36665099999664,57.0,25.0,14.0,23.0,1.6428571428571428,0.0,0.0,0.899526787363325,6.519193000000087,1.1315473392856543,76.85622399999556,37.0,16.0,6.0,15.0,2.5,0.0,0.0,0.4814183949500581,14.034558999999717,2.1348951111109877,373.5693039999969,121.0,40.0,9.0,21.0,2.3333333333333335,3.0,8.0,0.32390241570811984,20.308564999999362,3.113077533333308,113.59823100000358,61.0,27.0,9.0,21.0,2.3333333333333335,0.0,2.0,0.5369801929397834,9.355579000002763,1.8933038500000596,43.61472900000081,29.0,14.0,6.0,11.0,1.8333333333333333,0.0,0.0,0.6649129930395639,5.430492999999842,1.5576688928571716,26.904292000006535,20.0,8.0,5.0,5.0,1.0,0.0,0.0,0.7433758152786605,6.980954999999085,1.4160153684213965,152.95821899999282,56.0,16.0,7.0,10.0,1.4285714285714286,0.0,0.0,0.366113049472697,17.601641999994172,2.781058527272597,133.8354829999953,35.0,16.0,3.0,7.0,2.3333333333333335,0.0,0.0,0.2615151020899385,16.707172000002174,3.936337735293979,196.14649400000053,57.0,24.0,9.0,16.0,1.7777777777777777,0.0,1.0,0.2905991274052538,39.70510999999533,3.5026159642857237,386.9474640000044,171.0,48.0,8.0,25.0,3.125,7.0,6.0,0.44192045667470264,12.984169000003021,2.2761615529412023,40.7552680000008,25.0,10.0,7.0,7.0,1.0,0.0,0.0,0.6134176322923336,8.364309999997204,1.6981361666666999,161.47691199999826,50.0,22.0,9.0,16.0,1.7777777777777777,0.0,0.0,0.3096417895333578,29.605335000000196,3.295447183673434,113.02287099999376,27.0,11.0,2.0,8.0,4.0,0.0,0.0,0.2388897022444377,15.819301000003179,4.3470334999997595,213.73273000000336,101.0,40.0,11.0,28.0,2.5454545454545454,0.0,8.0,0.4725527999384952,9.637174999996205,2.1373273000000337,308.23395000000164,161.0,63.0,14.0,48.0,3.4285714285714284,6.0,7.0,0.5223305219947353,9.637174999996205,1.9264621875000103,235.0176730000021,112.0,40.0,12.0,28.0,2.3333333333333335,2.0,8.0,0.47655990534805015,9.637174999996205,2.1172763333333524,272.48113300000114,134.0,47.0,11.0,33.0,3.0,5.0,10.0,0.4917771682929674,9.637174999996205,2.048730323308279,225.54869699999836,122.0,46.0,11.0,34.0,3.090909090909091,6.0,6.0,0.540903146959882,9.637174999996205,1.8640388181818046,164.79351799999858,65.0,25.0,9.0,15.0,1.6666666666666667,0.0,5.0,0.3944329897733026,9.637174999996205,2.574898718749978,10.209546999998565,10.0,5.0,5.0,4.0,0.8,0.0,0.0,0.9794753871059514,3.312047999999777,1.1343941111109517,2251.970086000001,823.0,324.0,24.0,241.0,10.041666666666666,7.0,12.0,0.3654577852150029,35.1346379999959,2.7396229756691013,1404.3933460000044,535.0,191.0,15.0,123.0,8.2,7.0,7.0,0.3809474044602874,39.70510999999533,2.62995008614233,539.4360269999961,240.0,91.0,16.0,70.0,4.375,8.0,11.0,0.4449091050420363,15.819301000003179,2.2570545062761345,3,middle-aged,15.0,,
387,19,130.01529399999708,71.0,31.0,14.0,28.0,2.0,0.0,0.0,0.5460896008126674,10.097307000003639,1.8573613428571012,257.9878069999977,37.0,7.0,3.0,3.0,1.0,4.0,2.0,0.1434176305859305,42.002959999997984,7.166327972222159,247.99913399999787,40.0,14.0,2.0,1.0,0.5,0.0,0.0,0.1612908857980139,32.001358000001346,6.358952153846099,584.0441599999976,92.0,25.0,4.0,7.0,1.75,0.0,0.0,0.15752233529738638,62.903973000000406,6.418067692307666,56.97340399999666,42.0,19.0,7.0,17.0,2.4285714285714284,0.0,0.0,0.737186073698571,5.944722999993246,1.3895952195121137,,,,,,,,,,,,342.0195690000037,97.0,34.0,6.0,11.0,1.8333333333333333,0.0,8.0,0.2836095030574083,27.974567999997817,3.5627038437500382,42.97321199999715,23.0,10.0,7.0,7.0,1.0,0.0,2.0,0.5352171487670395,12.939798999999766,1.9533278181816884,53.03377000000182,18.0,9.0,4.0,6.0,1.5,0.0,0.0,0.33940638200903656,19.083237000006193,3.119633529411872,42.99049399999785,12.0,7.0,4.0,5.0,1.25,0.0,0.0,0.2791314749721322,24.983737999995355,3.908226727272532,94.9446420000022,35.0,17.0,4.0,8.0,2.0,0.0,0.0,0.36863586256925573,12.933031000000483,2.7924894705883,249.96263600000384,46.0,18.0,2.0,6.0,3.0,0.0,0.0,0.1840275040146372,62.008224999997765,5.55472524444453,114.99581999999646,30.0,14.0,6.0,10.0,1.6666666666666667,0.0,1.0,0.2608790476036514,53.99202499999956,3.9653731034481536,347.9610660000035,66.0,18.0,4.0,10.0,2.5,4.0,4.0,0.18967639327785982,24.002532999998948,5.353247169230823,106.98348999999871,30.0,12.0,5.0,8.0,1.6,0.0,0.0,0.28041709987214253,23.948409000004176,3.689085862068921,37.99600799999462,18.0,9.0,4.0,5.0,1.25,0.0,0.0,0.4737339775273905,11.970410999994783,2.2350592941173306,,,,,,,,,,,,,,,,,,,,,,,28.736609999999928,38.0,20.0,8.0,19.0,2.375,0.0,0.0,1.3223550029039646,8.487489999999525,0.7766651351351331,,,,,,,,,,,,22.362840000001597,10.0,4.0,1.0,0.0,0.0,0.0,2.0,0.4471703951733897,9.893389999997453,2.4847600000001773,251.00291000000288,140.0,64.0,7.0,39.0,5.571428571428571,4.0,6.0,0.5577624578137297,22.710800000000745,1.8057763309352726,,,,,,,,,,,,10.825620000003255,24.0,14.0,5.0,13.0,2.6,0.0,0.0,2.2169630931062407,2.673640000000887,0.47067913043492415,2211.0093329999945,557.0,199.0,17.0,121.0,7.117647058823529,4.0,12.0,0.25192114374489677,62.903973000000406,3.976635491007184,1474.0369129999963,369.0,152.0,13.0,97.0,7.461538461538462,4.0,5.0,0.25033294400274014,65.9842820000049,4.005535089673903,393.70674000000145,266.0,122.0,13.0,91.0,7.0,8.0,10.0,0.675629784747904,22.710800000000745,1.4856858113207603,5,old-old,24.0,18.0,4.0
388,15,78.96109699999943,46.0,21.0,11.0,19.0,1.7272727272727273,0.0,0.0,0.5825653612689846,12.99047600000631,1.7546910444444317,331.0166260000042,112.0,46.0,14.0,38.0,2.7142857142857144,4.0,0.0,0.3383515847932019,60.982262000004994,2.9821317657658035,219.02430399999866,48.0,19.0,2.0,5.0,2.5,0.0,0.0,0.2191537611278075,37.94767500000307,4.660091574468057,666.969766000002,159.0,55.0,8.0,19.0,2.375,0.0,0.0,0.2383916154904082,44.00350400000025,4.221327632911405,103.98954000000231,40.0,20.0,9.0,17.0,1.8888888888888888,0.0,0.0,0.38465407193838064,17.021130000000994,2.666398461538521,237.97222799999872,50.0,21.0,5.0,15.0,3.0,0.0,0.0,0.21010855098604309,73.06792400000268,4.856576081632627,86.052800999998,36.0,18.0,6.0,12.0,2.0,0.0,0.0,0.41834780020700124,13.023471000000427,2.4586514571427998,34.01298900000256,11.0,7.0,5.0,6.0,1.2,0.0,0.0,0.32340586121376075,17.01321900000039,3.4012989000002563,298.92160099999455,85.0,38.0,9.0,26.0,2.888888888888889,0.0,0.0,0.2843554956070289,37.984150000003865,3.5585904880951733,47.94995000000199,18.0,4.0,3.0,3.0,1.0,0.0,0.0,0.3753914237658069,15.00398700000369,2.8205852941177643,103.97996499999863,34.0,18.0,5.0,10.0,2.0,0.0,0.0,0.32698606890279724,14.038173000000825,3.150908030302989,535.0446539999975,74.0,33.0,5.0,24.0,4.8,0.0,0.0,0.1383062132230936,59.92473500000051,7.329378821917775,359.9258090000003,87.0,39.0,7.0,16.0,2.2857142857142856,0.0,0.0,0.24171648107624294,22.049114000001282,4.185183825581399,,,,,,,,,,,,233.9396689999994,69.0,35.0,5.0,13.0,2.6,0.0,0.0,0.2949478397355524,24.98878700000205,3.4402892499999913,456.99547700000403,92.0,42.0,8.0,15.0,1.875,0.0,0.0,0.20131490272933092,33.918229999995674,5.021928318681363,,,,,,,,,,,,,,,,,,,,,,,,,,,,,,,,,,,,,,,,,,,,,,,,,,,,,,,,,,,,,,,,,,,,,,,,,,,,,,,,,,,,,,,,,2219.9984699999986,662.0,273.0,17.0,181.0,10.647058823529411,4.0,0.0,0.29819840371331446,73.06792400000268,3.3585453403933414,2948.978611999999,802.0,357.0,25.0,226.0,9.04,0.0,0.0,0.27195856787041367,59.92473500000051,3.681621238451934,,,,,,,,,,,,1,dementia,37.0,,
389,16,102.2918789999967,36.0,9.0,5.0,7.0,1.4,0.0,0.0,0.35193409635188305,12.006473000001279,2.92262511428562,293.9704239999992,65.0,20.0,3.0,7.0,2.3333333333333335,4.0,2.0,0.22111067880760746,45.0796130000017,4.593287874999987,612.4927800000005,103.0,36.0,5.0,18.0,3.6,0.0,2.0,0.16816524759687765,53.41277100000298,6.004831176470593,666.1028350000051,194.0,61.0,11.0,33.0,3.0,0.0,2.0,0.29124632084773894,32.34960400000273,3.4513100259067624,98.54225700000097,61.0,25.0,10.0,23.0,2.3,0.0,0.0,0.6190237757594632,12.804227000000537,1.6423709500000163,245.6390209999954,66.0,26.0,8.0,17.0,2.125,0.0,0.0,0.26868695263201375,23.178225000003295,3.779061861538391,488.44578499999625,158.0,51.0,9.0,33.0,3.6666666666666665,0.0,6.0,0.3234749993799234,35.55113100000017,3.1111196496815046,65.50871200000256,20.0,9.0,6.0,7.0,1.1666666666666667,0.0,1.0,0.30530290383360337,19.34138499999972,3.4478269473685557,117.20662599999923,43.0,18.0,3.0,5.0,1.6666666666666667,0.0,0.0,0.36687345645458885,12.202713999999105,2.7906339523809343,37.17138300000079,24.0,7.0,4.0,4.0,1.0,0.0,0.0,0.645657978343165,7.12006900000415,1.616147086956556,246.42227200000343,124.0,31.0,7.0,21.0,3.0,0.0,0.0,0.5032012690800866,7.5947180000002845,2.003433105691085,874.1973629999993,203.0,74.0,2.0,36.0,18.0,0.0,0.0,0.2322130088603346,35.52574199999799,4.3277097178217785,350.1185659999974,162.0,67.0,7.0,52.0,7.428571428571429,0.0,2.0,0.4627003984701606,11.1760740000027,2.174649478260853,669.9450980000038,247.0,63.0,7.0,39.0,5.571428571428571,8.0,2.0,0.368686927835389,22.258873999999196,2.7233540569105843,168.1209200000012,67.0,27.0,7.0,17.0,2.4285714285714284,0.0,0.0,0.3985226823645714,12.485070999995514,2.547286666666685,344.0547269999952,104.0,38.0,5.0,25.0,5.0,0.0,0.0,0.30227749203399684,29.22388399999909,3.340337155339759,,,,,,,,,,,,,,,,,,,,,,,,,,,,,,,,,,,,,,,,,,,,,,,,,,,,,,,,,,,,,,,,,,,,,,,,,,,,,,,,,,,,,,,,,3054.16244,887.0,311.0,26.0,214.0,8.23076923076923,4.0,13.0,0.29042332142621724,53.41277100000298,3.4471359367945826,3757.1239119999955,1266.0,428.0,16.0,281.0,17.5625,8.0,8.0,0.33695987400268673,39.95578100000421,2.9700584284584943,,,,,,,,,,,,2,MCI,27.0,,
390,24,161.28381999999692,81.0,37.0,16.0,32.0,2.0,0.0,0.0,0.5022202475115083,11.96815599999536,2.0160477499999616,153.8612590000048,39.0,12.0,2.0,5.0,2.5,6.0,2.0,0.2534751129262421,30.82657499999914,4.048980500000126,147.72583499999746,29.0,9.0,3.0,3.0,1.0,0.0,0.0,0.1963096028531536,24.01513800000248,5.275922678571338,441.94241599999805,93.0,30.0,7.0,18.0,2.5714285714285716,0.0,0.0,0.21043465536016895,40.65754100000049,4.803721913043457,53.502183999997214,54.0,23.0,8.0,22.0,2.75,0.0,0.0,1.0093045921266095,7.5755669999998645,1.0094751698112683,79.383428000001,16.0,6.0,4.0,5.0,1.25,0.0,0.0,0.20155340230456914,38.019484999997076,5.2922285333334,285.3507649999956,98.0,31.0,9.0,21.0,2.3333333333333335,0.0,12.0,0.3434369625748209,14.105584999997518,2.9417604639174804,64.5180560000008,28.0,12.0,8.0,10.0,1.25,0.0,1.0,0.43398703767515334,15.773832999999286,2.389557629629659,90.76103600000351,42.0,18.0,4.0,15.0,3.75,0.0,0.0,0.46275364243306316,16.568490999998176,2.2136838048781344,27.328072999996948,23.0,7.0,5.0,6.0,1.2,0.0,0.0,0.8416253864662382,3.984567999999854,1.2421851363634977,143.2869320000027,63.0,25.0,6.0,23.0,3.8333333333333335,0.0,0.0,0.43967722052977454,16.61068399999931,2.3110795483871405,134.47792299999855,20.0,10.0,1.0,0.0,0.0,0.0,0.0,0.14872329638821247,18.138265999994474,7.077785421052556,183.4891110000026,92.0,43.0,9.0,34.0,3.7777777777777777,0.0,0.0,0.5013921507309428,9.143872000000556,2.0163638571428857,408.11631900000066,152.0,29.0,5.0,11.0,2.2,2.0,8.0,0.37244283779791654,24.033144000000902,2.702757079470203,39.931603999997606,25.0,10.0,6.0,6.0,1.0,0.0,0.0,0.6260705179787293,7.596298999997089,1.6638168333332335,194.12573800000246,51.0,22.0,5.0,7.0,1.4,0.0,0.0,0.26271632255172345,17.862884999995003,3.882514760000049,50.20717300000251,9.0,4.0,1.0,0.0,0.0,0.0,0.0,0.17925725473528553,16.353942000001553,6.275896625000314,205.00970699999743,108.0,47.0,5.0,34.0,6.8,0.0,10.0,0.5268043234655291,15.469033000001218,1.915978570093434,37.00215899999603,38.0,19.0,9.0,18.0,2.0,0.0,0.0,1.026967102108936,7.71331900000223,1.000058351351244,173.60361199999898,93.0,41.0,12.0,32.0,2.6666666666666665,0.0,6.0,0.5357031396328352,16.353942000001553,1.8869957826086845,22.69131099999504,5.0,0.0,0.0,0.0,0.0,0.0,2.0,0.22034866121226285,15.469033000001218,5.67282774999876,55.28571300000476,33.0,12.0,5.0,8.0,1.6,0.0,4.0,0.5968992386875278,5.187517999998818,1.7276785312501488,232.80822199999966,127.0,56.0,10.0,42.0,4.2,0.0,10.0,0.5455133796778028,15.469033000001218,1.8476843015872988,5.86259599999903,14.0,9.0,9.0,8.0,0.8888888888888888,0.0,0.0,2.38802059701919,3.039847000000009,0.45096892307684844,1932.3448419999986,635.0,242.0,21.0,169.0,8.047619047619047,6.0,15.0,0.32861629363357725,40.65754100000049,3.047862526813878,1664.3745860000054,604.0,219.0,16.0,138.0,8.625,2.0,8.0,0.36289907637414387,24.033144000000902,2.7601568590381516,331.99213800000143,177.0,80.0,15.0,61.0,4.066666666666666,0.0,10.0,0.5331451553831652,16.353942000001553,1.886318965909099,9,younger adult (ESL),13.0,11.0,4.0
391,24,468.91398599999957,229.0,109.0,22.0,98.0,4.454545454545454,0.0,0.0,0.48836248616393413,26.003795999997237,2.056640289473682,238.01588099999935,22.0,5.0,1.0,0.0,0.0,4.0,2.0,0.0924308071695437,128.02597799999785,11.33408957142854,330.9942530000044,41.0,16.0,1.0,0.0,0.0,0.0,0.0,0.12386922017041624,43.06119000000035,8.27485632500011,429.0408540000062,83.0,28.0,7.0,21.0,3.0,0.0,0.0,0.19345477062657254,38.00289000000339,5.232205536585441,96.95449400000507,76.0,37.0,10.0,31.0,3.1,0.0,0.0,0.7838728960825274,9.081685999997717,1.2927265866667343,132.03854699999647,25.0,10.0,5.0,9.0,1.8,0.0,0.0,0.18933864820551735,53.00279900000169,5.501606124999853,256.07349099999556,74.0,30.0,10.0,19.0,1.9,0.0,4.0,0.288979541423916,31.093904000001203,3.506906465753436,28.94999899999675,27.0,12.0,9.0,11.0,1.2222222222222223,0.0,0.0,0.9326425192623679,5.991382000000158,1.113461499999875,71.93655900000158,31.0,14.0,5.0,11.0,2.2,0.0,0.0,0.43093526338950017,11.05023600000277,2.397885300000053,40.03900199999771,16.0,8.0,5.0,6.0,1.2,0.0,0.0,0.3996103599185843,16.99966599999607,2.669266799999847,119.97960199999943,41.0,21.0,7.0,14.0,2.0,0.0,0.0,0.34172475417946624,17.030847999994876,2.9994900499999857,326.01725499999884,55.0,23.0,1.0,0.0,0.0,0.0,0.0,0.16870272709952175,29.932870000004186,6.037356574074052,227.9900340000022,97.0,46.0,6.0,34.0,5.666666666666667,0.0,1.0,0.42545719344907446,12.954756999999518,2.3748961875000227,585.9364300000016,138.0,49.0,6.0,7.0,1.1666666666666667,0.0,8.0,0.23552043009170745,34.00253000000521,4.276908248175194,178.99553899999592,41.0,17.0,7.0,8.0,1.1428571428571428,0.0,0.0,0.22905598781431608,18.997028999998292,4.474888474999898,140.9848920000004,40.0,19.0,7.0,7.0,1.0,0.0,0.0,0.2837183433810758,14.042046999995364,3.614997230769241,439.9857699999993,117.0,52.0,13.0,35.0,2.6923076923076925,0.0,4.0,0.26591769092895934,47.96052000000054,3.792980775862063,472.0922649999993,114.0,51.0,13.0,31.0,2.3846153846153846,0.0,4.0,0.24147822036440306,47.96052000000054,4.177807654867251,6.00387999999657,8.0,5.0,5.0,4.0,0.8,0.0,0.0,1.3324716683219135,1.9615609999964363,0.8576971428566529,34.77299900000071,15.0,8.0,5.0,5.0,1.0,0.0,0.0,0.4313691781373155,12.032808999996632,2.4837856428571934,333.98479699999734,99.0,46.0,13.0,28.0,2.1538461538461537,0.0,2.0,0.29642067809452055,47.96052000000054,3.408008132653034,156.02653099999588,34.0,16.0,7.0,12.0,1.7142857142857142,0.0,4.0,0.21791165760136585,43.97342100000242,4.7280766969695724,314.04688099999476,92.0,42.0,13.0,25.0,1.9230769230769231,0.0,0.0,0.29294989240794767,47.96052000000054,3.4510646263735687,2.66537000000244,4.0,4.0,4.0,3.0,0.75,0.0,0.0,1.5007297298297566,1.4394400000019232,0.88845666666748,2388.9082139999955,682.0,292.0,22.0,229.0,10.409090909090908,4.0,6.0,0.2854860626302829,128.02597799999785,3.507941577092504,1943.0078460000004,516.0,222.0,16.0,110.0,6.875,0.0,10.0,0.2655676357984197,48.07344799999555,3.7728307689320397,503.0196589999978,141.0,65.0,14.0,44.0,3.142857142857143,0.0,6.0,0.28030713606761964,47.96052000000054,3.592997564285698,8,younger adult,21.0,11.0,5.0
392,8,207.01551499999914,106.0,50.0,14.0,40.0,2.857142857142857,0.0,0.0,0.5120389165034342,13.030413000000408,1.9715763333333252,144.02155499999935,23.0,4.0,1.0,0.0,0.0,5.0,4.0,0.15969831738034007,36.98401300000114,6.546434318181789,276.0305460000018,52.0,21.0,2.0,4.0,2.0,0.0,0.0,0.18838494780211631,39.967710000004445,5.412363647058858,617.9183140000023,106.0,34.0,7.0,13.0,1.8571428571428572,0.0,2.0,0.17154370990208198,72.00570100000186,5.884936323809545,79.96814200000517,57.0,28.0,7.0,23.0,3.2857142857142856,0.0,0.0,0.7127838483479623,13.044884999995702,1.4277595000000605,325.04439199999615,96.0,43.0,9.0,30.0,3.3333333333333335,0.0,0.0,0.295344274083034,31.065922999994655,3.421519915789433,636.0079740000001,226.0,98.0,12.0,63.0,5.25,0.0,6.0,0.35534145677236423,35.932372999996005,2.826702106666667,102.96274800000538,50.0,22.0,6.0,13.0,2.1666666666666665,0.0,1.0,0.4856125246384973,9.921634999998787,2.1012805714286813,,,,,,,,,,,,,,,,,,,,,,,,,,,,,,,,,,,,,,,,,,,,,,,,,,,,,,,,,,,,,,,,,,,,,,,,,,,,,,,,,,,,,,,,,,,,,,,,,,,,,,,,,,,,,,,,,,,,,,,,,,,,,,,,,,,,,,,,,,,,,,,,,,,,,,,,,,,,,,,,,,,,,,,,,,,,,,,,,2929.9648090000046,1039.0,453.0,27.0,329.0,12.185185185185185,5.0,13.0,0.3546117676254993,72.00570100000186,2.822702128131026,,,,,,,,,,,,,,,,,,,,,,,8,younger adult,16.0,,
393,23,342.142737999995,415.0,156.0,19.0,129.0,6.7894736842105265,0.0,6.0,1.2129440549458808,16.546875,0.8264317342995049,197.37994700000127,167.0,77.0,4.0,66.0,16.5,4.0,2.0,0.8460839236115456,18.37763200000336,1.1890358253012125,367.8391469999988,151.0,56.0,3.0,23.0,7.666666666666667,0.0,0.0,0.4105055191420409,39.53581999999733,2.4522609799999917,598.4581650000036,290.0,115.0,6.0,55.0,9.166666666666666,0.0,0.0,0.48457856699139235,23.722205000005488,2.070789498269909,72.75496900000144,123.0,41.0,9.0,36.0,4.0,0.0,4.0,1.6906061770158622,4.119202999994741,0.5963522049180445,97.29433000000427,94.0,40.0,10.0,37.0,3.7,0.0,0.0,0.9661405757149042,6.09509199999593,1.0461755913978954,602.7985909999989,500.0,200.0,9.0,152.0,16.88888888888889,2.0,14.0,0.8294644471058509,25.501888000006147,1.2080132084168314,86.96878200000356,78.0,32.0,6.0,24.0,4.0,0.0,2.0,0.8968735471079359,5.005788999995275,1.1294647012987475,148.06161200000497,75.0,26.0,6.0,21.0,3.5,0.0,2.0,0.5065458830746586,26.965187000001606,2.000832594594662,44.98840700000437,40.0,18.0,7.0,15.0,2.142857142857143,0.0,0.0,0.8891179454297218,11.850201000001107,1.1535488974360095,120.14593199999945,95.0,45.0,7.0,33.0,4.714285714285714,0.0,0.0,0.7907050902064702,7.512946000002557,1.2781482127659516,291.9517110000015,124.0,49.0,4.0,27.0,6.75,0.0,0.0,0.42472777287473873,29.374636000000464,2.3735911463414756,217.10510599999543,180.0,67.0,8.0,45.0,5.625,0.0,2.0,0.8290915092526833,19.292179999996733,1.2128776871508125,440.90249600000243,427.0,185.0,8.0,151.0,18.875,7.0,8.0,0.9684680941338959,11.486529999994673,1.0349823849765316,150.62411799999973,81.0,39.0,8.0,27.0,3.375,0.0,0.0,0.5377624850224859,14.453843000002962,1.8828014749999966,280.0407699999996,116.0,54.0,7.0,40.0,5.714285714285714,0.0,2.0,0.4142254001087062,27.53077900000062,2.435137130434779,734.0147159999979,389.0,140.0,13.0,87.0,6.6923076923076925,1.0,16.0,0.5299621268083693,34.93137399999978,1.8917905051546338,233.8128549999965,179.0,66.0,8.0,50.0,6.25,0.0,9.0,0.7655695406482363,29.404639000000316,1.3135553651685197,74.425774000003,61.0,26.0,8.0,16.0,2.0,0.0,2.0,0.819608540449946,7.3847939999977825,1.2404295666667167,91.25673499999539,69.0,27.0,11.0,22.0,2.0,0.0,4.0,0.7561085765341428,18.82792899999913,1.3420108088234617,175.38048100000015,116.0,44.0,8.0,32.0,4.0,0.0,2.0,0.6614191005668407,29.404639000000316,1.5250476608695664,,,,,,,,,,,,475.905909000001,328.0,121.0,14.0,93.0,6.642857142857143,1.0,20.0,0.6892118668776591,34.93137399999978,1.455369752293581,2.6859220000042114,8.0,4.0,4.0,3.0,0.75,0.0,0.0,2.9784930463310015,1.3509120000016992,0.3837031428577445,2871.2642239999986,2259.0,894.0,26.0,674.0,25.923076923076923,6.0,30.0,0.7867614485346651,39.53581999999733,1.2715962019486264,1940.2020489999995,1233.0,526.0,15.0,399.0,26.6,7.0,14.0,0.6355008235536609,52.52791199999774,1.5748393254870126,838.1590940000024,474.0,173.0,16.0,112.0,7.0,1.0,20.0,0.5655250934973435,34.93137399999978,1.7720065412262207,4,young-old,9.0,13.0,5.0
394,24,322.81589600000007,131.0,55.0,18.0,42.0,2.3333333333333335,0.0,0.0,0.4058040561918301,32.040156999995816,2.4831992000000005,208.8127719999975,56.0,22.0,4.0,7.0,1.75,6.0,2.0,0.26818282935298937,12.89390899999853,3.796595854545409,324.6453049999982,52.0,23.0,3.0,9.0,3.0,0.0,0.0,0.16017480985902535,48.15901699999813,6.365594215686239,517.2539199999956,96.0,35.0,6.0,24.0,4.0,0.0,0.0,0.18559550017523468,144.06246100000135,5.4447781052631115,79.99325900000258,80.0,33.0,15.0,31.0,2.066666666666667,0.0,0.0,1.000084269600735,9.3951390000002,1.01257289873421,132.7732959999994,39.0,17.0,5.0,10.0,2.0,0.0,0.0,0.2937337640544841,53.75123800000438,3.494034105263142,572.6234209999966,131.0,46.0,8.0,22.0,2.75,2.0,8.0,0.22877164152878893,39.53901400000177,4.40479554615382,134.1080010000005,52.0,24.0,8.0,19.0,2.375,0.0,0.0,0.3877471859415741,42.28622300000279,2.6295686470588335,70.74515200000315,38.0,17.0,8.0,13.0,1.625,0.0,0.0,0.5371392798760021,9.670558000005258,1.9120311351352202,50.155493999998725,24.0,8.0,4.0,5.0,1.25,0.0,0.0,0.4785118854576651,8.563123999992968,2.1806736521738577,179.29966599999898,59.0,18.0,5.0,9.0,1.8,0.0,0.0,0.3290580585911428,31.080604000002495,3.0913735517241205,342.97963999999774,60.0,27.0,2.0,19.0,9.5,0.0,0.0,0.17493749774768086,40.44870799999626,5.813214237288097,220.2845759999982,63.0,28.0,6.0,17.0,2.8333333333333335,0.0,0.0,0.2859936957183989,27.458982999996806,3.5529770322580356,403.2145810000002,167.0,34.0,6.0,19.0,3.1666666666666665,6.0,6.0,0.41417153017092884,20.46570100000099,2.429003500000001,113.07456300000194,40.0,16.0,7.0,10.0,1.4285714285714286,0.0,0.0,0.35374887984311126,23.16221800000494,2.899347769230819,192.96573699999863,66.0,29.0,5.0,12.0,2.4,0.0,0.0,0.34202963192372576,18.36505400000169,2.968703646153825,333.83474099999876,48.0,23.0,2.0,8.0,4.0,0.0,0.0,0.1437837172255244,36.01261499999964,7.1028668297872075,235.6108249999961,69.0,28.0,3.0,15.0,5.0,1.0,6.0,0.292855814243684,18.672523000001092,3.4648650735293547,237.90934600000037,98.0,45.0,14.0,35.0,2.5,0.0,4.0,0.41192160647610643,24.88778199999797,2.4526736701030964,697.9813209999993,220.0,100.0,17.0,64.0,3.764705882352941,1.0,12.0,0.3151946812628245,33.68595099999948,3.1871293196347,182.29468700000143,51.0,22.0,2.0,10.0,5.0,1.0,3.0,0.2797667932033565,18.672523000001092,3.6458937400000284,160.9181729999982,59.0,27.0,8.0,19.0,2.375,0.0,3.0,0.36664597229798684,24.88778199999797,2.7744512586206587,295.89440399999876,92.0,38.0,8.0,23.0,2.875,1.0,6.0,0.3109217300371804,18.672523000001092,3.2515868571428435,2.6503559999982826,4.0,4.0,4.0,3.0,0.75,0.0,0.0,1.5092312127135343,2.0289110000012442,0.8834519999994276,2773.4805140000026,803.0,327.0,21.0,218.0,10.380952380952381,8.0,10.0,0.28952790399882333,144.06246100000135,3.4582051296758136,1862.802137999999,632.0,224.0,16.0,138.0,8.625,6.0,6.0,0.3392738214690627,40.44870799999626,2.9521428494453237,868.4730090000012,240.0,109.0,17.0,68.0,4.0,1.0,12.0,0.2763471029184278,36.01261499999964,3.633778280334733,4,young-old,13.0,11.0,2.0
395,24,260.9900809999999,109.0,50.0,17.0,43.0,2.5294117647058822,0.0,0.0,0.41764039300788613,17.99404400000276,2.416574824074073,195.97987600000124,16.0,1.0,1.0,0.0,0.0,4.0,2.0,0.08164103542957593,67.01643999999942,13.06532506666675,330.004909999996,69.0,27.0,4.0,14.0,3.5,0.0,0.0,0.20908779811791536,46.91199100000085,4.8530133823528825,591.9996519999986,84.0,28.0,7.0,12.0,1.7142857142857142,0.0,0.0,0.1418919753013642,134.0101399999985,7.132525927710827,63.007353000000876,51.0,22.0,8.0,20.0,2.5,0.0,0.0,0.8094293375568291,6.9985669999950915,1.2601470600000175,250.0433520000006,84.0,37.0,14.0,30.0,2.142857142857143,0.0,1.0,0.33594174501387986,62.05106499999965,3.012063722891564,473.9851189999972,112.0,40.0,10.0,26.0,2.6,0.0,3.0,0.23629433817731452,48.968027999995684,4.270136207207182,134.0370599999951,43.0,15.0,7.0,8.0,1.1428571428571428,0.0,2.0,0.3208067977617651,14.98144499999762,3.191358571428455,72.05221899999742,33.0,16.0,5.0,10.0,2.0,0.0,0.0,0.4580011616297505,12.968295000006037,2.2489319687499574,40.979395000002114,16.0,8.0,5.0,5.0,1.0,0.0,0.0,0.3904401224078387,11.952108999998018,2.731959666666808,235.015919999998,80.0,36.0,6.0,18.0,3.0,0.0,0.0,0.34040247145810665,11.948217999997723,2.974885063291114,164.9556120000052,36.0,13.0,2.0,2.0,1.0,0.0,0.0,0.21824052885208212,29.95112999999401,4.713017485714435,197.9393809999965,43.0,15.0,6.0,8.0,1.3333333333333333,0.0,1.0,0.21723822608094728,22.021002000001317,4.712842404761822,381.01496499999485,76.0,24.0,6.0,7.0,1.1666666666666667,4.0,8.0,0.19946723089997537,62.00301700000273,5.080199533333265,43.01892300000327,26.0,10.0,7.0,7.0,1.0,0.0,0.0,0.6043851911401413,10.008310999997775,1.7207569200001307,323.0356880000036,65.0,29.0,4.0,3.0,0.75,0.0,0.0,0.20121615788779126,31.910240999997768,5.047432625000056,123.26567000000068,48.0,22.0,7.0,15.0,2.142857142857143,0.0,0.0,0.38940282399795284,26.611170000003767,2.6226738297872485,215.63786999999866,138.0,63.0,12.0,54.0,4.5,0.0,4.0,0.639961802627715,37.55051000000094,1.5739990510948807,225.67427999999927,142.0,62.0,13.0,53.0,4.076923076923077,0.0,4.0,0.6292254482876846,37.55051000000094,1.6005268085106332,70.23768999999447,87.0,40.0,12.0,34.0,2.8333333333333335,0.0,2.0,1.2386512141843908,3.4195699999982025,0.816717325581331,183.85193000000436,148.0,68.0,12.0,58.0,4.833333333333333,0.0,4.0,0.8049956288193248,12.37213999999949,1.250693401360574,150.15896999999677,85.0,39.0,12.0,33.0,2.75,0.0,4.0,0.5660667491259551,37.55051000000094,1.7876067857142472,107.74083000000246,100.0,44.0,11.0,39.0,3.5454545454545454,0.0,2.0,0.9281532358716534,12.37213999999949,1.088291212121237,6.183880000004137,16.0,10.0,10.0,9.0,0.9,0.0,0.0,2.5873723293448925,1.0475699999951757,0.4122586666669425,2487.0297589999973,630.0,254.0,28.0,184.0,6.571428571428571,4.0,8.0,0.25331421858551256,134.0101399999985,3.9539423831478495,1665.025364000001,428.0,172.0,14.0,78.0,5.571428571428571,4.0,9.0,0.25705314120367945,62.00301700000273,3.899356824355974,471.0309800000032,276.0,125.0,21.0,105.0,5.0,0.0,8.0,0.5859487204005098,37.55051000000094,1.7128399272727388,4,young-old,8.0,9.0,5.0
396,16,327.07038999999713,162.0,78.0,18.0,73.0,4.055555555555555,0.0,0.0,0.49530622444912065,26.1568299999999,2.0314931055900445,234.07710000000225,41.0,15.0,2.0,1.0,0.5,4.0,2.0,0.17515596356926674,47.37251000000106,5.851927500000056,405.52490000000034,55.0,21.0,3.0,2.0,0.6666666666666666,0.0,0.0,0.1356266902476271,45.25065999999788,7.509720370370377,403.1753400000016,85.0,29.0,8.0,18.0,2.25,0.0,0.0,0.21082638635587103,38.02968999999575,4.799706428571447,64.21478000000207,51.0,23.0,8.0,21.0,2.625,0.0,0.0,0.7942096819454705,6.316919999997481,1.2842956000000414,93.6701699999976,55.0,28.0,10.0,21.0,2.1,0.0,0.0,0.5871666508131822,21.522479999999632,1.7346327777777333,289.42089999999735,112.0,49.0,8.0,35.0,4.375,0.0,2.0,0.3869796548901652,31.412230000001728,2.6073954954954717,51.35031999999774,16.0,8.0,5.0,7.0,1.4,0.0,0.0,0.31158520531129513,35.510779999996885,3.423354666666516,64.06110000000626,26.0,12.0,5.0,11.0,2.2,0.0,0.0,0.40586252811764795,14.43927000000258,2.5624440000002506,57.914890000000014,24.0,11.0,6.0,7.0,1.1666666666666667,0.0,0.0,0.41440120148721676,26.61099000000104,2.5180386956521743,156.96549999999843,57.0,25.0,7.0,15.0,2.142857142857143,0.0,0.0,0.3631371224887034,23.55051000000094,2.802955357142829,186.62114999999903,52.0,24.0,2.0,16.0,8.0,0.0,0.0,0.2786393717968208,19.3857199999984,3.6592382352940986,148.870640000001,46.0,21.0,7.0,16.0,2.2857142857142856,0.0,1.0,0.3089930962881579,35.616989999994985,3.308236444444467,533.2755000000034,188.0,71.0,8.0,53.0,6.625,4.0,6.0,0.352538228364136,37.40247999999701,2.851740641711248,63.38610999999946,31.0,13.0,8.0,11.0,1.375,0.0,0.0,0.48906613767590823,12.033040000002075,2.112870333333315,260.7634700000053,89.0,40.0,5.0,16.0,3.2,0.0,0.0,0.34130547503451375,16.49681000000419,2.9632212500000605,,,,,,,,,,,,,,,,,,,,,,,,,,,,,,,,,,,,,,,,,,,,,,,,,,,,,,,,,,,,,,,,,,,,,,,,,,,,,,,,,,,,,,,,,2249.434009999997,656.0,284.0,21.0,211.0,10.047619047619047,4.0,4.0,0.2916289151331898,47.37251000000106,3.4342503969465605,1801.3324000000066,615.0,264.0,17.0,184.0,10.823529411764707,4.0,7.0,0.3414139444779863,37.40247999999701,2.933766123778512,,,,,,,,,,,,8,younger adult,,,
397,16,294.03246399999625,147.0,69.0,21.0,55.0,2.619047619047619,0.0,0.0,0.499944795211463,18.960033000003023,2.0139209863013443,145.9764520000026,12.0,1.0,1.0,0.0,0.0,3.0,2.0,0.08220503948129788,109.95646999999735,13.270586545454783,385.047338999997,48.0,19.0,3.0,7.0,2.3333333333333335,0.0,0.0,0.12465999667640963,63.01805199999944,8.192496574468022,401.0249479999984,59.0,21.0,5.0,13.0,2.6,0.0,0.0,0.14712301639647674,87.98299700000643,6.914223241379283,52.978376999999455,50.0,25.0,9.0,23.0,2.5555555555555554,0.0,0.0,0.9437812713666278,6.969300000004296,1.0811913673469276,82.07983999999851,21.0,10.0,4.0,6.0,1.5,0.0,0.0,0.25584845194630473,37.9764920000016,4.103991999999925,460.98310100000526,90.0,29.0,6.0,9.0,1.5,0.0,9.0,0.19523492250532407,33.97387799999706,5.179585404494441,37.959201999998186,29.0,12.0,7.0,10.0,1.4285714285714286,0.0,0.0,0.7639781257783392,10.999358000000939,1.3556857857142208,41.03975199999695,22.0,11.0,4.0,5.0,1.25,0.0,0.0,0.5360656175505553,7.023330999996688,1.9542739047617597,47.9506939999992,13.0,7.0,4.0,4.0,1.0,0.0,0.0,0.2711118216558079,30.05961799999932,3.9958911666666004,208.01542500000505,64.0,33.0,5.0,13.0,2.6,0.0,0.0,0.3076694913369931,13.97311500000069,3.301832142857223,227.06691900000442,42.0,17.0,2.0,7.0,3.5,0.0,0.0,0.18496749850205693,50.95787900000141,5.538217536585473,168.9946060000002,60.0,26.0,5.0,13.0,2.6,0.0,0.0,0.35504091769650875,21.956607000000076,2.8643153559322068,446.957484999999,113.0,32.0,4.0,7.0,1.75,4.0,8.0,0.25282046680569686,52.0561349999989,3.9906918303571337,61.06475900000078,40.0,18.0,6.0,13.0,2.1666666666666665,0.0,0.0,0.655042296981791,10.988313000001654,1.5657630512820713,181.95898999999918,28.0,13.0,4.0,7.0,1.75,0.0,0.0,0.1538808277623443,105.01584599999478,6.739221851851822,,,,,,,,,,,,,,,,,,,,,,,,,,,,,,,,,,,,,,,,,,,,,,,,,,,,,,,,,,,,,,,,,,,,,,,,,,,,,,,,,,,,,,,,,2165.963014999994,543.0,224.0,21.0,158.0,7.523809523809524,4.0,13.0,0.2506968014871674,109.95646999999735,3.9962417250922395,1651.9854559999949,479.0,191.0,14.0,104.0,7.428571428571429,4.0,9.0,0.2899541265695026,105.01584599999478,3.456036518828441,,,,,,,,,,,,8,younger adult,9.0,,
398,16,303.9120800000019,171.0,78.0,22.0,66.0,3.0,0.0,2.0,0.562662727983695,18.38948000000528,1.7877181176470698,221.1926500000045,23.0,5.0,1.0,0.0,0.0,4.0,2.0,0.10398175527079916,47.16442000000097,10.054211363636568,300.849629999997,91.0,39.0,2.0,11.0,5.5,0.0,0.0,0.3024766891021302,29.257750000004307,3.3427736666666332,491.2884799999956,65.0,22.0,5.0,8.0,1.6,0.0,0.0,0.13230515806110613,112.0534700000062,7.6763824999999315,65.72260999999708,53.0,26.0,9.0,23.0,2.5555555555555554,0.0,0.0,0.806419586805855,11.122309999998834,1.26389634615379,139.89689999999973,29.0,12.0,6.0,10.0,1.6666666666666667,0.0,0.0,0.20729551548318836,41.6270399999994,4.996317857142848,311.16995999999926,129.0,54.0,9.0,31.0,3.4444444444444446,0.0,10.0,0.41456443931798653,19.33957999999984,2.4310153124999943,42.86221999999543,23.0,12.0,7.0,10.0,1.4285714285714286,0.0,0.0,0.536603097086489,14.25905000000057,1.9482827272725196,50.785970000004454,32.0,14.0,8.0,11.0,1.375,0.0,0.0,0.6300952802515576,10.494360000004235,1.6382570967743373,78.31294000000344,28.0,11.0,6.0,8.0,1.3333333333333333,0.0,0.0,0.3575398905978855,15.982810000001336,2.9004792592593867,167.2135500000004,54.0,24.0,7.0,12.0,1.7142857142857142,0.0,0.0,0.32294033587588966,22.950160000000324,3.1549726415094415,272.6907300000021,88.0,38.0,7.0,20.0,2.857142857142857,0.0,0.0,0.3227099065670451,35.004619999999704,3.1343762068965755,326.17691000000195,101.0,46.0,7.0,32.0,4.571428571428571,0.0,4.0,0.30964791468531416,24.439460000001418,3.2617691000000195,679.0709999999963,166.0,66.0,13.0,24.0,1.8461538461538463,3.0,4.0,0.24445161109810448,47.378539999997884,4.115581818181796,171.16127000000415,51.0,21.0,6.0,12.0,2.0,0.0,0.0,0.29796460379149303,48.788640000006126,3.4232254000000832,163.85089999999764,52.0,20.0,4.0,14.0,3.5,0.0,0.0,0.3173616989592413,28.362769999999728,3.2127627450979928,,,,,,,,,,,,,,,,,,,,,,,,,,,,,,,,,,,,,,,,,,,,,,,,,,,,,,,,,,,,,,,,,,,,,,,,,,,,,,,,,,,,,,,,,2338.0825299999997,793.0,338.0,23.0,225.0,9.782608695652174,4.0,14.0,0.33916681290116824,112.0534700000062,2.9521244065656562,2447.527249999999,770.0,323.0,18.0,185.0,10.277777777777779,3.0,8.0,0.31460323884034397,48.788640000006126,3.182740247074121,,,,,,,,,,,,8,younger adult,,,
399,16,326.4211639999994,200.0,86.0,22.0,82.0,3.727272727272727,0.0,0.0,0.6127053698025547,30.79959599999711,1.6403073567839166,158.93925399999716,40.0,11.0,2.0,6.0,3.0,4.0,2.0,0.2516684770648333,28.287836999996216,4.075365487179415,189.40736900000047,55.0,15.0,3.0,9.0,3.0,0.0,0.0,0.290379409683896,19.721833000003244,3.507543870370379,423.7528539999985,98.0,26.0,5.0,18.0,3.6,0.0,0.0,0.23126687897186493,32.45464200000424,4.368586123711324,60.54798599999776,75.0,33.0,10.0,30.0,3.0,0.0,0.0,1.2386869482331382,3.1264480000027106,0.8182160270269968,114.81871200000023,31.0,14.0,5.0,11.0,2.2,0.0,0.0,0.2699908356400996,59.43551999999909,3.827290400000008,337.479118999996,160.0,55.0,16.0,38.0,2.375,3.0,12.0,0.4741034066762569,21.285620000002382,2.1225101823899117,72.59848399999464,50.0,22.0,8.0,14.0,1.75,0.0,2.0,0.6887196156878935,4.458918999996968,1.4816017142856048,70.51018099999783,40.0,18.0,8.0,14.0,1.75,0.0,0.0,0.5672939628392278,5.994767999996839,1.8079533589743033,34.15886400000454,23.0,7.0,5.0,5.0,1.0,0.0,0.0,0.6733244993158128,5.609201999999641,1.5526756363638428,117.00575100000424,56.0,18.0,6.0,10.0,1.6666666666666667,0.0,0.0,0.47860895316160973,6.699698000003991,2.127377290909168,167.59613700000045,34.0,13.0,2.0,5.0,2.5,0.0,0.0,0.20286863771806332,34.762236999995366,5.078670818181832,192.13343500000337,106.0,49.0,6.0,39.0,6.5,0.0,0.0,0.5516999162587092,8.921833999993396,1.8298422380952701,447.7139929999976,224.0,60.0,11.0,37.0,3.3636363636363638,7.0,6.0,0.5003194081539489,12.195372000001953,2.007686067264563,141.3362460000062,70.0,29.0,7.0,23.0,3.2857142857142856,0.0,0.0,0.49527281204282814,18.67538400000194,2.048351391304438,131.14990200000466,43.0,18.0,5.0,10.0,2.0,0.0,0.0,0.32786909745459414,23.90896399999474,3.122616714285825,,,,,,,,,,,,,,,,,,,,,,,,,,,,,,,,,,,,,,,,,,,,,,,,,,,,,,,,,,,,,,,,,,,,,,,,,,,,,,,,,,,,,,,,,2175.370010999999,868.0,320.0,32.0,259.0,8.09375,7.0,16.0,0.39901257975004806,59.43551999999909,2.5090772906574386,1725.2612789999985,755.0,265.0,16.0,193.0,12.0625,7.0,6.0,0.437614875607488,46.73440000000119,2.2881449323607406,,,,,,,,,,,,8,younger adult,10.0,10.0,5.0
400,21,368.4734030000036,177.0,82.0,22.0,75.0,3.409090909090909,0.0,0.0,0.48036031517856465,12.701751000000513,2.0935988806818386,179.89721299999655,36.0,9.0,2.0,5.0,2.5,3.0,2.0,0.2001142730321269,26.78928299999825,5.139920371428473,192.39101499999379,43.0,16.0,2.0,10.0,5.0,0.0,0.0,0.22350316099741657,29.624030999999377,4.580738452380804,531.5981459999966,129.0,39.0,3.0,21.0,7.0,0.0,2.0,0.24266450319787386,24.721261999999115,4.153110515624974,74.10094599999866,59.0,25.0,9.0,24.0,2.6666666666666665,0.0,0.0,0.7962111576821309,6.851457999997365,1.277602517241356,152.7854109999971,58.0,27.0,5.0,17.0,3.4,0.0,0.0,0.37961739684688284,24.83604799999739,2.680445807017493,475.77928500000417,159.0,58.0,10.0,46.0,4.6,3.0,10.0,0.3341885723334899,29.343992999994953,3.011261297468381,146.99960800000554,51.0,21.0,7.0,16.0,2.2857142857142856,0.0,2.0,0.34693970068272617,38.73313000000053,2.9399921600001107,149.24863699999696,81.0,37.0,10.0,29.0,2.9,0.0,0.0,0.5427185241229483,11.309143999998923,1.865607962499962,43.689164000003075,28.0,8.0,5.0,6.0,1.2,0.0,0.0,0.6408911829944384,11.299599999998463,1.6181171851852991,185.42027699999744,91.0,36.0,9.0,26.0,2.888888888888889,0.0,0.0,0.4907769607096491,8.622345999996469,2.0602252999999715,183.53369999999995,53.0,19.0,3.0,10.0,3.3333333333333335,0.0,0.0,0.2887753039360075,26.010936999999103,3.52949423076923,139.7968480000054,36.0,11.0,6.0,10.0,1.6666666666666667,0.0,1.0,0.2575165357090069,20.9276119999995,3.994195657143012,455.8259180000023,140.0,37.0,7.0,21.0,3.0,5.0,2.0,0.3071347952619037,29.501987000003282,3.279323151079153,159.205280999995,57.0,22.0,7.0,12.0,1.7142857142857142,0.0,0.0,0.35802832444987664,16.489366999994672,2.8429514464284824,298.4779400000043,83.0,34.0,8.0,21.0,2.625,0.0,0.0,0.27807750214303545,26.53848499999731,3.6399748780488332,631.218074000004,247.0,98.0,19.0,79.0,4.157894736842105,4.0,9.0,0.39130691938963463,23.268611999999848,2.565927130081317,,,,,,,,,,,,,,,,,,,,,,,,,,,,,,,,,,211.5074370000002,69.0,25.0,5.0,15.0,3.0,0.0,3.0,0.32622966349878246,21.369298999998136,3.1104034852941207,140.18323399999645,61.0,22.0,10.0,18.0,1.8,4.0,3.0,0.4351447620333937,23.268611999999848,2.3363872333332742,371.9348269999973,133.0,48.0,11.0,35.0,3.1818181818181817,4.0,9.0,0.35758953006033223,23.268611999999848,2.817688083333313,3.893802999999025,6.0,5.0,5.0,4.0,0.8,0.0,0.0,1.5409100049492752,2.5835130000050412,0.778760599999805,2600.9510600000067,893.0,354.0,22.0,281.0,12.772727272727273,6.0,16.0,0.34333594881250773,38.73313000000053,2.9158644170403663,2172.656063000002,805.0,282.0,20.0,190.0,9.5,5.0,3.0,0.3705142354139829,29.501987000003282,2.7023085360696544,662.7582719999991,265.0,107.0,24.0,88.0,3.6666666666666665,4.0,13.0,0.3998441229564923,23.268611999999848,2.5104479999999967,4,young-old,14.0,18.0,3.0
